😀	وجه بابتسامة عريضة أسنان ابتسام ابتسامة سعيد ضحك فرح فرحان مبتسم وجوه مشاعر	grinning face cheerful cheery grin happy laugh nice smile smiling teeth faces emotions
😃	وجه مبتسم بعينين كبيرتين أسنان ابتسام ابتسامة بفم مفتوح ابتسم بسمة عظيم ياي وجوه مشاعر	grinning face with big eyes awesome grin happy mouth open smile smiling teeth yay faces emotions
😄	وجه مبتسم بعينين باسمتين أعين مبتسمة ابتسام ابتسامة بفم مفتوح وأعين باسمة عين فرح فم مبسوط وجوه مشاعر	grinning face with smiling eyes eye grin happy laugh lol mouth open smile faces emotions
😁	وجه مشرق بعينين باسمتين أسنان أعين مبتسمة إشراقة ابتسامة عين عيون نايس بأعين باسمة مع عينين مبتسمتين يبتسم وجوه مشاعر	beaming face with smiling eyes eye grin grinning happy nice smile teeth faces emotions
😆	وجه مبتسم بعينين مغلقتين ابتسامة بأعين مغلقة بفم مفتوح وأعين راض ضحك فم قهقه ههه محدقتين يبتسم وجوه مشاعر	grinning squinting face closed eyes haha hahaha happy laugh lol mouth open rofl smile smiling faces emotions
😅	وجه مبتسم بفم مفتوح وعرق بارد ابتسامة ولكن بعرق سترس عرق مبسوط متوتر مضطرب موتور وجوه مشاعر	grinning face with sweat cold dejected excited mouth nervous open smile smiling stress stressed faces emotions
🤣	وجه ضاحك يتدحرج على الأرض أرض المشاعر والضحك بالدموع بكاء تبكي تدحرج دمعة دموع الفرح سعيد ضحك فرح مش قادر مضحك ههه يا نهار يبكي وجوه مشاعر	rolling on the floor laughing crying face funny haha happy hehe hilarious joy laugh lmao lol rofl roflmao tear faces emotions
😂	وجه بدموع فرح المشاعر والوجوه الفرح دموع ضحك قهقه مضحك هههه عليه يبكي يضحك وجوه مشاعر	face with tears of joy crying feels funny haha happy hehe hilarious laugh lmao lol rofl roflmao tear faces emotions
🙂	وجه بابتسامة بسيطة ابتسامة طفيفة سعيد فرح وجوه مشاعر	slightly smiling face happy smile faces emotions
🙃	وجه مقلوب ههه وجوه مشاعر	upside-down face hehe smile faces emotions
🫠	وجه يذوب إحراج اختفاء تذويب ذوبان سائل سخرية سخونة لول هاها وجوه مشاعر	melting face disappear dissolve embarrassed haha heat hot liquid lol melt sarcasm sarcastic faces emotions
🫫	وجوه مشاعر	cracking face faces emotions
😉	وجه يغمز سيكسي غمزة وجوه مشاعر	winking face flirt heartbreaker sexy slide tease wink winks faces emotions
😊	وجه باسم بعينين باسمتين أعين مبتسمة ابتسام ابتسامة وأعين بتسم بسمة خجول راض عين عيون متورد وجوه مشاعر	smiling face with eyes blush eye glad satisfied smile faces emotions
😇	وجه مبتسم بهالة أرواح إنجيل ابتسام ابتسامة مع هالة الكتاب المقدس حدوتة خرافة روح سلام فرحان قصة مبارك مبسوط مسالم ملاك نعمة وجوه مشاعر	smiling face with halo angel angelic angels blessed fairy fairytale fantasy happy innocent peaceful smile spirit tale faces emotions
🥰	وجه مبتسم مع ثلاثة قلوب أحب أعشق إعجاب ابتسامة باسم حب رومانسية عاشق عشق غرام قلب محب معجب مغرم يحب وجوه مشاعر	smiling face with hearts 3 adore crush heart ily love romance smile you faces emotions
😍	وجه مبتسم مع عينين على شكل قلب أعين ابتسام بسمة حب رومانس رومنس عين عيون غرام قلوب مغروم بعيون وجوه مشاعر	smiling face with heart-eyes 143 bae eye feels hearts ily kisses love romance romantic smile xoxo faces emotions
🤩	وجه بعينين على شكل نجمة أعين بسمة عينان عيون فرح فرحان قهقه مبسوط منفعل نجوم ههه واو وجوه مشاعر	star-struck excited eyes face grinning smile star starry-eyed wow faces emotions
😘	وجه يرسل قبلة اشتقت لك بوسة حب رومانس رومانسي رومنسي طرح قبلات غرام قبل قلب ليل يطرح وحشني وجوه مشاعر	face blowing a kiss adorbs bae flirt heart ily love lover miss muah romantic smooch xoxo you faces emotions
😗	وجه يقبّل أحبك بحبك بوسة تقبيل حب قبلة موعد يبعث وجوه مشاعر	kissing face 143 date dating flirt ily kiss love smooch smooches xoxo you faces emotions
☺️	وجه مبتسم ابتسامة بسمة فرح مبسوط مفرغ وجوه مشاعر	smiling face happy outlined relaxed smile faces emotions
😚	وجه يقبّل بعينين مغلقتين أعين مغلقة بوسة تقبيل بأعين قبلة مع متورد مسكر مغلق مورد موعد باسمتين وجوه مشاعر	kissing face with closed eyes 143 bae blush date dating eye flirt ily kisses smooches xoxo faces emotions
😙	وجه يقبّل بعينين باسمتين أعين مبتسمة بوسة تقبيل حب قبلة وابتسامة يقبل وعينان مبتسمتان وجوه مشاعر	kissing face with smiling eyes 143 closed date dating eye flirt ily kiss kisses love night smile faces emotions
🥲	وجه مبتسم مع دمعة امتنان دمع دموع الفرح فخور متأثر مرتاح وجوه مشاعر	smiling face with tear glad grateful happy joy pain proud relieved smile smiley touched faces emotions
😋	وجه يتلذذ بالطعام أكل جائع جوعان ذاكي ذكي طعام طيب لذيذ لسان يستحسن الطعم يستمتع بالطعم يستلذ وجوه مشاعر	face savoring food delicious eat full hungry savor smile smiling tasty um yum yummy faces emotions
😛	وجه بلسان متدلٍ احتفال حفلة عظيم كول لسان بارز ممدود وجوه مشاعر	face with tongue awesome cool nice party stuck-out sweet faces emotions
😜	وجه بلسان متدلٍ وعين غامزة بضحك عين غريب غمزة لسان بارز متدلي مع ممدود مجرد تشويق مجنون مزحة مضحك نكتة يضحك وجوه مشاعر	winking face with tongue crazy epic eye funny joke loopy nutty party stuck-out wacky weirdo wink yolo faces emotions
🤪	وجه غريب الشكل أخوت صغير عين عيون مجنونة الأطوار مجنون وجوه مشاعر	zany face crazy eye eyes goofy large small faces emotions
😝	وجه بعينين مغلقتين ولسان متدلٍ أعين مغلقة عين عيون غير معقول لا يصدق لسان وأعين متدلي ممدود مش مقرف مقزز نكهة محدقتين بارز يا إلهي الله وجوه مشاعر	squinting face with tongue closed eye eyes gross horrible omg stuck-out taste whatever yolo faces emotions
🤑	وجه بلسان من مال بؤ تم ثروة ثري دفع غني فلوس فم يملؤه المال قروش مصاري وجوه مشاعر	money-mouth face money mouth paid faces emotions
🤗	وجه يعانق بابتسامة ابتسامة سعيد عبوطة عناق غمرة مبسوط يد وجوه مشاعر	smiling face with open hands hug hugging faces emotions
🤭	وجه ضاحك مع يد تغطّي الفم أوبس تقهقه سر قهقهة لاحظت مفاجأة ههه عليه وجوه مشاعر	face with hand over mouth giggle giggling oops realization secret shock sudden surprise whoops faces emotions
🫢	وجه بعينين مفتوحتين ويد تغطّي الفم إحراج حيرة خوف دهشة ذهول صدمة عدم تصديق مفاجأة يا إلهي وجوه مشاعر	face with open eyes and hand over mouth amazement awe disbelief embarrass gasp omg quiet scared shock surprise faces emotions
🫣	وجه يختلس النظر اختلاس تحديق مفتون وجوه مشاعر	face with peeking eye captivated embarrass hide hiding peek peep scared shy stare faces emotions
🤫	وجه يطلب الصمت اخرس اصمت اهدأ سكون ششش صمت هدوء وجوه مشاعر	shushing face quiet shh shush faces emotions
🤔	وجه يفكر أفكر تأمل تفكير وجوه مشاعر	thinking face chin consider hmm ponder pondering wondering faces emotions
🫡	وجه يلقي التحيّة احترام تحية تحيّة حسنًا عسكر مشمس نعم سيدتي سيدي وجوه مشاعر	saluting face good luck ma’am OK respect salute sir troops yes faces emotions
🤐	وجه بفم مقفل بؤ تم سر سكر سوستة فم قفل كتمان لن أتكلم مكتوم وجوه مشاعر	zipper-mouth face keep mouth quiet secret shut zip zipper faces emotions
🤨	وجه بحاجب مرفوع حاجب شاكك غير راض موافق كولبير لا يعجبني متفاجئ مشكك هممم مرتفع يشك وجوه مشاعر	face with raised eyebrow disapproval disbelief distrust emoji hmm mild skeptic skeptical skepticism surprise what faces emotions
😐	وجه محايد جمود حياد حيادية غيران غيور لا تعليق يضحك ما بضحك من دون تعبير وجوه مشاعر	neutral face awkward blank deadpan expressionless fine jealous meh oh shade straight unamused unhappy unimpressed whatever faces emotions
😑	وجه بدون تعبير غريب غير مبسوط معقول غيران غيور لا أصدق تعليق ما هذا من دون أي ميت وجوه مشاعر	expressionless face awkward dead fine inexpressive jealous meh not oh omg straight uh unhappy unimpressed whatever faces emotions
😶	وجه بدون فم بؤ تم سر سكون صامت صمت لا أستطيع التعبير أصدق مكتوم وجوه مشاعر	face without mouth awkward blank expressionless mouthless mute quiet secret silence silent speechless faces emotions
🫥	وجه محدّد بنقاط أيًا كان اختفاء خفيّ غير مرئي مكتئب منطوي منعزل يختفي وجوه مشاعر	dotted line face depressed disappear hidden hide introvert invisible meh whatever wtv faces emotions
😶‍🌫️	وجه في الغيوم رأس شارد الذهن الضباب وجوه مشاعر	face in clouds absentminded fog head faces emotions
😏	وجه بابتسامة متكلفة ابتسامة تكلف حاجب حواجب خبث خبيث ريس زعيم غمزة ماكر مدير مزح مكر متكلف وجوه مشاعر	smirking face boss dapper flirt homie kidding leer shade slick sly smirk smug snicker suave suspicious swag faces emotions
😒	وجه غير مستمتع تعيس غضبان سعيد غيران غيور ملل ممل وجوه مشاعر	unamused face ... bored fine jealous jel jelly pissed smh ugh uhh unhappy weird whatever faces emotions
🙄	وجه بعينين تدوران أعين أف أوف المشاعر والوجوه بالعينين الدوارة طوافة عين عينان عيون بأعين دوارة يووه وجوه مشاعر	face with rolling eyes eyeroll shade ugh whatever faces emotions
😬	وجه متجهم أسنان ابتسامة بسمة حركات طبيبي عبوس لا شيء يبتسم وجوه مشاعر	grimacing face awk awkward dentist grimace grinning smile smiling faces emotions
😮‍💨	وجه يزفر الهواء إحباط راحة زفير سعال صفير عابس متعب محبط مرهق معاناة همس يتلهث يلهث وجوه مشاعر	face exhaling blow blowing exhale exhausted gasp groan relief sigh smiley smoke whisper whistle faces emotions
🤥	وجه كاذب بينوكيو كذاب كذب وجوه مشاعر	lying face liar lie pinocchio faces emotions
🫨	وجه يهتز اندهاش اهتزاز ذعر ذهول زلزال صدمة هزة أرضية يا إلهي يرتجف يرتعد وجوه مشاعر	shaking face crazy daze earthquake omg panic shock surprise vibrate whoa wow faces emotions
🙂‍↔️	رأس يهتز أفقياً لا، رفض وجوه مشاعر	head shaking horizontally no shake faces emotions
🙂‍↕️	رأس يهتز عمودياً موافقة، نعم وجوه مشاعر	head shaking vertically nod yes faces emotions
😌	وجه مرتاح خي راحة سكينة سلام طمأنينة مطمئن وجوه مشاعر	relieved face calm peace relief zen faces emotions
😔	وجه متأمل تأمل تعاسة تعيس حزن حزين خائب خاب أملي خسارة خسران مخيب مكتئب موت وفاة وجوه مشاعر	pensive face awful bored dejected died disappointed losing lost sad sucks faces emotions
😪	وجه ناعس أبكي بكاء بكي تبكي تعبان حزين دمعة دموع متعب نعس نعسان يبكي وجوه مشاعر	sleepy face crying good night sad sleep sleeping tired faces emotions
🤤	وجه بلعاب سائل بزق شهي لذيذ لعاب مشهي وجوه مشاعر	drooling face faces emotions
😴	وجه نائم المشاعر ووجوه النوم والنعاس تثاؤب تعبان تعسيلة شخير قيلولة مرهق نايم نعسان نوم وقت وجوه مشاعر	sleeping face bed bedtime good goodnight nap night sleep tired whatever yawn zzz faces emotions
🫩	وجه بانتفاخ تحت العين متعب مرهق نعاس وجوه مشاعر	face with bags under eyes bored exhausted fatigued late sleepy tired weary faces emotions
😷	وجه بكمامة انفلونزا برد بكتيريا جراثيم جرثومة حكيم زكام طبيب أسنان كمامة طبية متوعك صحيًا مريض وجوه مشاعر	face with medical mask cold dentist dermatologist doctor dr germs medicine sick faces emotions
🤒	وجه مع ميزان للحرارة ترمومتر تعبان حرارة ساخن مريض بترمومتر وجوه مشاعر	face with thermometer ill sick faces emotions
🤕	وجه بعصابة رأس ألم إصابة جرح عصابة مضمد معصوب على الرأس وجوه مشاعر	face with head-bandage bandage hurt injury ouch faces emotions
🤢	وجه مشمئز استفراغ استفرغ اشمئزاز تقيأ تقيؤ حومة كبد غثيان قرف مريض مصاب بغثيان متقزز وع وجوه مشاعر	nauseated face gross nasty sick vomit faces emotions
🤮	وجه يتقيّأ استفراغ تقيؤ قيء مريض يتقيأ يتقياً يستفرغ وجوه مشاعر	face vomiting barf ew gross puke sick spew throw up vomit faces emotions
🤧	وجه يعطس انفلونزا حرارة حمة زكام زكمة ساخن صحة عطس مريض يرحمك الله يرحمكم وجوه مشاعر	sneezing face fever flu gesundheit sick sneeze faces emotions
🥵	وجه حار حرارة مرتفعة حمى سخن ضربات القلب ضربة شمس عيان لسان محرور محموم مريض مصاب بالحمى مولع نار أحمر وش يطلع لسانه يعرق يموت وجوه مشاعر	hot face dying feverish heat panting red-faced stroke sweating tongue faces emotions
🥶	وجه بارد أزرق تثليج تحت الصفر دون رقاقات الثلج عضة الصقيع كتلة ثلج متجمد مِتكتك مجلد باللون الأزرق وِش مِزْرق يتجمد يشعر ببرودة وجوه مشاعر	cold face blue blue-faced freezing frostbite icicles subzero teeth faces emotions
🥴	وجه مصاب بدوار ثمل دائخ دايخ دوار دوخة سكران سكير عينان غير متساويتين متزن فم متموج مخمور مدروخ مسمم مصطل وجوه مشاعر	woozy face dizzy drunk eyes intoxicated mouth tipsy uneven wavy faces emotions
😵	وجه دائخ تعبان دايخ دوار مدودخ مرهق مريض مصاب بالدوار وجوه مشاعر	face with crossed-out eyes dead dizzy feels knocked out sick tired faces emotions
😵‍💫	وجه بعينين دائختين حلزون حيرة دائخ دوامة دوخة عيون دائخة لولبي منوّم وجوه مشاعر	face with spiral eyes confused dizzy hypnotized omg smiley trouble whoa woah woozy faces emotions
🤯	وجه برأس منفجر انفجار رأس ينفجر لا مجال يصدق متفاجئ مصدوم وجوه مشاعر	exploding head blown explode mind mindblown no shocked way faces emotions
🤠	وجه بقبعة راعي بقر برنيطة قبعة كاوبوي وجوه مشاعر	cowboy hat face cowgirl faces emotions
🥳	وجه محتفل أحتفل احتفال المشاعر والاحتفالات بوق حفلة طاقية طرطور عيد ميلاد فرح قبعة قرن كاب مبتهج متحمس نحتفل يحتفل وجوه مشاعر	partying face bday birthday celebrate celebration excited happy hat hooray horn party faces emotions
🥸	وجع مقنّع أنف خشن رجولي قناع متخفٍ متخفي نظارات وجه وجوه مشاعر	disguised face disguise eyebrow glasses incognito moustache mustache nose person spy tache tash faces emotions
😎	وجه مبتسم بنظارة شمس ابتسام ابتسامة مع نظارة استرخاء بحر بسمة جذاب ربح رزة عوينات فلة كول نظارات شمسية يبتسم يربح وجوه مشاعر	smiling face with sunglasses awesome beach bright bro chilling cool rad relaxed shades slay smile style swag win faces emotions
🤓	وجه عبقري خبير دافور ذكي ماهر نابغ نظارات وجوه مشاعر	nerd face brainy clever expert geek gifted glasses intelligent smart faces emotions
🧐	وجه مع نظارة لعين واحدة باهظ تحقيق تدقيق غني كلاس مونوكل أحادية وجوه مشاعر	face with monocle classy fancy rich stuffy wealthy faces emotions
😕	وجه حائر آسف أسف حزين حيران حيرة ضائع ضايع غير أكيد متأكد لا أدري أعرف ما بعرف متحير وجوه مشاعر	confused face befuddled confusing dunno frown hm meh not sad sorry sure faces emotions
🫤	وجه بفم مائل أيًا كان خائب الأمل خيبة أمل شك غير متأكّد محبط مرتبك وجوه مشاعر	face with diagonal mouth confused confusion disappointed doubt doubtful frustrated frustration meh skeptical unsure whatever wtv faces emotions
😟	وجه قلق حزين ستريس متفاجئ متوتر منزعج مهموم وجوه مشاعر	worried face anxious butterflies nerves nervous sad stress stressed surprised worry faces emotions
🙁	وجه عابس قليلاً حزين زعلان وجوه مشاعر	slightly frowning face frown sad faces emotions
☹️	وجه عابس حزين زعلان عبوس وجوه مشاعر	frowning face frown sad faces emotions
😮	وجه بفم مفتوح غير معقول فم لا أصدق يصدق متفاجئ مش مصدوم مندهش نسيت واو وجوه مشاعر	face with open mouth believe forgot omg shocked surprised sympathy unbelievable unreal whoa wow you faces emotions
😯	وجه مخفوت الصوت عجيب غير معقول لا أصدق يصدق متفاجئ مدهوش مذهول مشدوه مكتوم يا إلهي وجوه مشاعر	hushed face epic omg stunned surprised whoa woah faces emotions
😲	وجه مندهش غير معقول لا أصدق مش مصدوم تمامًا يا إلهي ربي وجوه مشاعر	astonished face cost no omg shocked totally way faces emotions
😳	وجه متورد حار حرارة خجلان شوب عطاك عمرو غريب غير معقول لا أصدق ما بصدق متوفي مصاب بدوار ميت وجوه مشاعر	flushed face amazed awkward crazy dazed dead disbelief embarrassed geez heat hot impressed jeez what wow faces emotions
🫪	وجه بأعين زائعة توتر ذعر مأخوذ مذهول منتفخ مندهش واهن وجوه مشاعر	distorted face anxiety bloated panic shocked surprised vulnerable faces emotions
🥺	وجه ملتمس أعين كبيرة استعطاف تحديق تذلل توسل حزين رجاء رحمة عيون جاحظة لم لا ما المانع مُحدِّق محملق يبرّق يحملق يرجو يستعطف وجوه مشاعر	pleading face begging big eyes mercy not please pretty puppy sad why faces emotions
🥹	وجه يحبس دموعه امتنان بكاء حزين دموع الفرحة غاضب فخور مشاعر مقاومة وجوه	face holding back tears admiration aww cry embarrassed feelings grateful gratitude joy please proud resist sad faces emotions
😦	وجه عابس بفم مفتوح شو عبوس فم ماذا متفاجئ مخيف مفاجئة وجع وجوه مشاعر	frowning face with open mouth caught frown guard scared scary surprise what wow faces emotions
😧	وجه مكروب تألم تعيس خائف متعب متفاجئ مخيف مهموم نسيت وجوه مشاعر	anguished face forgot scared scary stressed surprise unhappy what wow faces emotions
😨	وجه خائف مرعوب مهموم هم وجوه مشاعر	fearful face afraid anxious blame fear scared worried faces emotions
😰	وجه بفم مفتوح وعرق بارد أزرق توتر خائف خوف عرق فم متوتر مرعوب مهموم يتصبب عرقًا باردًا وجوه مشاعر	anxious face with sweat blue cold eek mouth nervous open rushed scared yikes faces emotions
😥	وجه خيبة أمل احباط حزين خاب أملي خي عرق عشعرة عصوص ونقطة عل قد عنتفي قلق محبط معرقل معقد وجوه مشاعر	sad but relieved face anxious call close complicated disappointed not sweat time whew faces emotions
😢	وجه يبكي اشتقت اشتياق بكاء تعيس حزين دمعة دموع شوق مش مبسوط باك وجوه مشاعر	crying face awful cry feels miss sad tear triste unhappy faces emotions
😭	وجه يبكي بكاءً مرتفعًا بكاء تعيس حزن حزين دموع صراخ وجوه مشاعر	loudly crying face bawling cry sad sob tear tears unhappy faces emotions
😱	وجه خائف يصرخ خرعة خوف ذعر صارخ صدمة عويل مرعوب مصدوم هلع خوفًا وجوه مشاعر	face screaming in fear epic fearful munch scared scream screamer shocked surprised woah faces emotions
😖	وجه مرتبك تائه حائر ضائع غاضب غضبان مجنون محبط محتار مدبرس وجوه مشاعر	confounded face annoyed confused cringe distraught feels frustrated mad sad faces emotions
😣	وجه جاد ألم رأس تركيز ثابر جدية صداع مثابرة وجع يركز وجوه مشاعر	persevering face concentrate concentration focus headache persevere faces emotions
😞	وجه محبط تعيس حزين خاب أملي الأمل زعل زعلان فشل مخيب وجوه مشاعر	disappointed face awful blame dejected fail losing sad unhappy faces emotions
😓	وجه بعرق بارد ألم رأس برد توتر حزين خائف زمطت صداع عرق متوتر وجع متعرق عليه وجوه مشاعر	downcast face with sweat close cold feels headache nervous sad scared yikes faces emotions
😩	وجه مجهد تعبان تعيس جائع غضب غضبان متعب مرهق نعس نعسان ضجر وجوه مشاعر	weary face crying fail feels hungry mad nooo sad sleepy tired unhappy faces emotions
😫	وجه متعب احساس تعب تعبان حزين عطس مجهد مرهق وجوه مشاعر	tired face cost feels nap sad sneeze faces emotions
🥱	وجه متثائب تثاؤب ضيق غير متحمس متعب متململ ملل نعسان يتثاءب وجوه مشاعر	yawning face bedtime bored goodnight nap night sleep sleepy tired whatever yawn zzz faces emotions
😤	وجه بأنف يصدر بخارًا بخار جنون عصبي غاضب غضب فوز مجنون مش مبسوط معصب نصر وجوه مشاعر	face with steam from nose anger angry feels fume fuming furious fury mad triumph unhappy won faces emotions
😡	وجه مشتاط غضبًا أحمر جنون غاضب غضب غضبان متجهم الوجه مجنون مقطب هائج ومتجهم وجوه مشاعر	enraged face anger angry feels mad maddening pouting rage red shade unhappy upset faces emotions
😠	وجه غاضب تلوم جنون غضب غضبان لائم مجنون معصب ملامة هائج يلوم وجوه مشاعر	angry face anger blame feels frustrated mad maddening rage shade unhappy upset faces emotions
🤬	وجه مع رموز على الفم رقابة سب سباب شتائم شتم عصبي غاضب غضب غضبان لعن مسبات يسب يشتم وجوه مشاعر	face with symbols on mouth censor cursing cussing mad pissed swearing faces emotions
😈	وجه مبتسم بقرنين ابتسام ابتسامة وقرون حدوتة خرافة عصبي غاضب غضبان قرون قصة معصب وجوه مشاعر	smiling face with horns demon devil evil fairy fairytale fantasy purple shade smile tale faces emotions
👿	وجه غاضب بقرنين إبليس حدوتة خرافة شيطان صغير عفريت غضب غضبان قرون قصة وجوه مشاعر	angry face with horns demon devil evil fairy fairytale fantasy imp mischievous purple shade tale faces emotions
💀	جمجمة جسم حدوتة خرافة قصة موت ميت وجه وحش وجوه مشاعر	skull body dead death face fairy fairytale i’m lmao monster tale yolo faces emotions
☠️	جمجمة بعظمتين متصالبتين جسد شبح عظام عظم كروس ميت وفاة وجوه مشاعر	skull and crossbones bone dead death face monster faces emotions
💩	فضلات براز تفو خراء خيسه رائحة كريهة روث قرف كريه كومة مقرف وحش وجوه مشاعر	pile of poo bs comic doo dung face fml monster poop smelly smh stink stinks stinky turd faces emotions
🤡	وجه مهرج وجوه مشاعر	clown face faces emotions
👹	غول إبليس جني حدوتة خرافة رعب شيطان قصة قناع وجه وحش ياباني وجوه مشاعر	ogre creature devil face fairy fairytale fantasy mask monster scary tale faces emotions
👺	عفريت حدوتة خرافة شرير غضب قتاع كائن وجه وحش ياباني وجوه مشاعر	goblin angry creature face fairy fairytale fantasy mask mean monster tale faces emotions
👻	شبح جني حدوتة خرافة قصة مخيف مسكون هلوين وجه وجوه مشاعر	ghost boo creature excited face fairy fairytale fantasy halloween haunting monster scary silly tale faces emotions
👽	كائن فضائي إليان حدوتة خرافة فضاء قصة غريب مخلوق وجه يوفو وجوه مشاعر	alien creature extraterrestrial face fairy fairytale fantasy monster space tale ufo faces emotions
👾	وحش غريب إليان العاب الكترونية كمبيوتر بيكسل حدوتة خرافة قصة كائن فضائي لعبة وجه يوفو وجوه مشاعر	alien monster creature extraterrestrial face fairy fairytale fantasy game gamer games pixelated space tale ufo faces emotions
🤖	وجه روبوت إنسان آلي مسخ وحش وجوه مشاعر	robot face monster faces emotions
😺	وجه قطة مبتسم بفم مفتوح ابتسام ابتسامة بؤ بسة بسينة بيسة تم حيوان فم قط هر وجوه مشاعر	grinning cat animal face mouth open smile smiling faces emotions
😸	وجه قطة مبتسم بعينين باسمتين ابتسام ابتسامة عريضة بأعين باسمة بسينة بيسة حيوان عين عيون قط هر هرة وعيون مبتسمة وجوه مشاعر	grinning cat with smiling eyes animal eye face grin smile faces emotions
😹	وجه قطة بدموع فرح بسينة بيسة حيوان دمعة دموع ضحك مضحك هر ههه وجوه مشاعر	cat with tears of joy animal face laugh laughing lol tear faces emotions
😻	وجه قطة مبتسم بعينين على شكل قلب أعين ابتسامة وأعين بسمة بسين حب حيوان عينان عيون قط قلوب هر هرة بعين وجوه مشاعر	smiling cat with heart-eyes animal eye face heart love smile faces emotions
😼	وجه قطة بابتسامة ممتعضة ابتسامة ساخرة استهزاء بسينة بيسة حيوان ساخر سخرية قط هر يستهزئ وجوه مشاعر	cat with wry smile animal face ironic faces emotions
😽	وجه قطة تقبّل أعين مغلقة بسينة بوسة بيسة تقبيل قبلة قط هر وجوه مشاعر	kissing cat animal closed eye eyes face kiss faces emotions
🙀	وجه قطة مجهد اندهاش شديد بسينة حيوان رباه قط لا أصدق ما بصدق متعجب هر هرة قلق يا إلهي وجوه مشاعر	weary cat animal face oh surprised faces emotions
😿	وجه قطة يبكي أبكي بسة بسينة بكاء بكي بيسة تبكي حزين حيوان دمعة دموع قط هر وجوه مشاعر	crying cat animal cry face sad tear faces emotions
😾	وجه قطة عابس بس بسينة بيسة تكشير حيوان قط مقطب هر هرة وجوه مشاعر	pouting cat animal face faces emotions
🙈	قرد يحجب عينيه إشارة ابعد عن الشر اختباء تأشير حجب العين حيوان خجل دخيلك سر سعدان شر كلا لا يرى مخيف ممنوع نسيان يا الهي وجوه مشاعر	see-no-evil monkey embarrassed evil face forbidden forgot gesture hide no omg prohibited scared secret smh watch faces emotions
🙉	قرد يحجب أذنيه إشارة اذن بدون تلميح حجب الأذنين حيوان سر سعدان سماع صوت منخفض واطي كلا لا أسمع ممنوع يدان على الاذن يسمع وجوه مشاعر	hear-no-evil monkey animal ears evil face forbidden gesture hear listen no not prohibited secret shh tmi faces emotions
🙊	قرد يحجب الكلام إشارة احفظ لسانك اصمت تأشير تكلم جرصة حجب حيوان سعدان شر كلامه كلا كلام لا أتكلم تخبر احد ممنوع وجوه مشاعر	speak-no-evil monkey animal evil face forbidden gesture no not oops prohibited quiet secret speak stealth faces emotions
💌	خطاب حب رسالة عليها قلب رومانس رومانسية رومنس عيد الحب غرام وجوه مشاعر	love letter heart mail romance valentine faces emotions
💘	قلب وسهم حب رومانس رومنس سهم عشاق غرام فالنتاين مشاعر وجوه	heart with arrow 143 adorbs cupid date emotion ily love romance valentine faces emotions
💝	قلب عليه شريط 143 xoxo احبك بابيون حب رومنسية شريطة غرام فالنتين مشاعر وجوه	heart with ribbon 143 anniversary emotion ily kisses valentine xoxo faces emotions
💖	قلب لامع xoxo إثارة احبك تصبح على خير حب حياتي رمز صباح قبلات مشاعر وجوه	sparkling heart 143 emotion excited good ily kisses morning night sparkle xoxo faces emotions
💗	قلب ينمو xoxo إثارة اثارة بحبك اكتر تشويق توتر حب قلبي عم بخبط بنطنط مشاعر موتر ينبض وجوه	growing heart 143 emotion excited heartpulse ily kisses muah nervous pulse xoxo faces emotions
💓	قلب يخفق حب خفقان غرام مشاعر نبض وجوه	beating heart 143 cardio emotion heartbeat ily love pulsating pulse faces emotions
💞	قلوب تدور حول بعضها جذاب حب قلب دوار مثير مشاعر وجوه	revolving hearts 143 adorbs anniversary emotion heart faces emotions
💕	قلبان 143 xoxo أحبة احبك حب حياتي رومنسية سنوية عطف غرام في الحب مشاعر مواعدة وجوه	two hearts 143 anniversary date dating emotion heart ily kisses love loving xoxo faces emotions
💟	زخرفة قلب بنفسجي حنين أبيض مشاعر وجوه	heart decoration 143 emotion hearth purple white faces emotions
❣️	قلب على شكل علامة تعجب حب رمز وجوه مشاعر	heart exclamation heavy mark punctuation faces emotions
💔	قلب مكسور انكسار حزين فارط منفطر مؤسف محزن مشاعر الخاطر وحيد وجوه	broken heart break crushed emotion heartbroken lonely sad faces emotions
❤️‍🔥	قلب يحترق القلب المقدس حب حريق عشق وجوه مشاعر	heart on fire burn love lust sacred faces emotions
❤️‍🩹	قلب يتعافى وجوه مشاعر	mending heart healthier improving recovering recuperating well faces emotions
❤️	قلب أحمر احبك بحبك حب رمز غرام احمر يحب وجوه مشاعر	red heart emotion love faces emotions
🩷	قلب وردي أحبك إعجاب حب زهري فاتن وجوه مشاعر	pink heart 143 adorable cute emotion ily like love special sweet faces emotions
🧡	قلب برتقالي أورانج برتقالة وجوه مشاعر	orange heart 143 faces emotions
💛	قلب أصفر 143 احبك حب حياتي رومنسية مشاعر وجوه	yellow heart 143 cardiac emotion ily love faces emotions
💚	قلب أخضر احبك حب رومنسية غرام مشاعر وجوه	green heart 143 emotion ily love romantic faces emotions
💙	قلب أزرق احبك حب رومانس رومانسي رومنس رومنسية غرام مشاعر وجوه	blue heart 143 emotion ily love romance faces emotions
🩵	قلب أزرق فاتح سماوي مخضر إعجاب استثنائي حب رقيق شرشيري عاطفة عشق وجوه مشاعر	light blue heart 143 cute cyan emotion ily like love sky special teal faces emotions
💜	قلب أرجواني ١٤٣ احبك ارجواني رمز مشاعر موف وجوه	purple heart 143 bestest emotion ily love faces emotions
🤎	قلب بني حب يحب وجوه مشاعر	brown heart 143 faces emotions
🖤	قلب أسود شر شرير وجوه مشاعر	black heart evil wicked faces emotions
🩶	قلب رمادي أحبك حب صخري عاطفة فضي مشاعر خاصة وجوه	grey heart 143 emotion gray ily love silver slate special faces emotions
🤍	قلب أبيض أشكال بياض حب شكل صفاء مسامحة نقاء يحب وجوه مشاعر	white heart 143 faces emotions
💋	علامة قبلة بوسة حب رومانس رومانسية رومنس سيكسي شفاه مشاعر موعد وجوه	kiss mark dating emotion heart kissing lips romance sexy faces emotions
💯	100 درجة نقطة اكيد ما في شك مائة بالمائة مزبوط مية بالمية وجوه مشاعر	hundred points 100 a+ agree clearly definitely faithful fleek full keep perfect point score TRUE truth yup faces emotions
💢	رمز الغضب جنون علامة غضب مجنون مشاعر وجوه	anger symbol angry comic mad upset faces emotions
🫯	سحابة اقتتال جدال جلبة خلاف شجار مشاجرة مصارعة نزاع نقاش وجوه مشاعر	fight cloud argument brawl debate disagreement ruckus wrestle faces emotions
💥	تصادم انفجار بوم رمز فرقع مشاعر هزل وجوه	collision bomb boom collide comic explode faces emotions
💫	دوار تخيل حركة النجوم دوخة ساطع شهاب ظريف فكاهي لامع مشاعر نجمة مستديرة نجوم هزل وجوه	dizzy comic shining shooting star stars faces emotions
💦	عرق يتصبب تمرين رش شتا شتي قطرات ماء مبلل عرقًا مشاعر مطر هزل وجوه	sweat droplets comic drip droplet drops splashing squirt water wet work workout faces emotions
💨	انطلاقة جري دخان ريح سريع ضراط غيمة فساء لازم روح مشاعر هرب هزل يدخن يضرط يفسي وجوه	dashing away cloud comic dash fart fast go gone gotta running smoke faces emotions
🕳️	ثقب بخش حفرة وجوه مشاعر	hole faces emotions
💬	فقاعة كلام الخ بالونة تشات حوار دردشة رمز فكرة همممم وجوه مشاعر	speech balloon bubble comic dialog message sms talk text typing faces emotions
👁️‍🗨️	عين في فقاعة كلام تفسير حديث شاهد تفسيرية وجوه مشاعر	eye in speech bubble balloon witness faces emotions
🗨️	فقاعة كلام يسرى حديث حوار دردشة يمنى وجوه مشاعر	left speech bubble balloon dialog faces emotions
🗯️	فقاعة غضب يمنى بالون جنون مصدوم وجوه مشاعر	right anger bubble angry balloon mad faces emotions
💭	فقاعة أفكار أحلام اختراع بالونة تفكير حلم فكر فكرة قرار هزل وجوه مشاعر	thought balloon bubble cartoon cloud comic daydream decisions dream idea invent invention realize think thoughts wonder faces emotions
💤	نعسان zzz المشاعر والوجوه الضاحكة تعب تعبان رمز ززززز شخير مشاعر مكسر مهدود نوم وجوه	ZZZ comic good goodnight night sleep sleeping sleepy tired zzz faces emotions
👋	تلويح باليد أهلا إلى اللقاء انظر إلي باي بدي روح تأشير ترحيب لاحقًا مرحبا هاي هلا يد أشخاص جسم	waving hand bye cya g2g greetings gtg hello hey hi later outtie ttfn ttyl wave yo you people body
👋🏻	تلويح باليد: بشرة بلون فاتح أهلا إلى اللقاء انظر إلي باي بدي روح تأشير ترحيب لاحقًا مرحبا هاي هلا يد أشخاص جسم	waving hand: light skin tone bye cya g2g greetings gtg hand hello hey hi later outtie ttfn ttyl wave yo you people body
👋🏼	تلويح باليد: بشرة بلون فاتح ومعتدل أهلا إلى اللقاء انظر إلي باي بدي روح تأشير ترحيب لاحقًا مرحبا هاي هلا يد أشخاص جسم	waving hand: medium-light skin tone bye cya g2g greetings gtg hand hello hey hi later outtie ttfn ttyl wave yo you people body
👋🏽	تلويح باليد: بشرة بلون معتدل أهلا إلى اللقاء انظر إلي باي بدي روح تأشير ترحيب لاحقًا مرحبا هاي هلا يد أشخاص جسم	waving hand: medium skin tone bye cya g2g greetings gtg hand hello hey hi later outtie ttfn ttyl wave yo you people body
👋🏾	تلويح باليد: بشرة بلون معتدل مائل للغامق أهلا إلى اللقاء انظر إلي باي بدي روح تأشير ترحيب لاحقًا مرحبا هاي هلا يد أشخاص جسم	waving hand: medium-dark skin tone bye cya g2g greetings gtg hand hello hey hi later outtie ttfn ttyl wave yo you people body
👋🏿	تلويح باليد: بشرة بلون غامق أهلا إلى اللقاء انظر إلي باي بدي روح تأشير ترحيب لاحقًا مرحبا هاي هلا يد أشخاص جسم	waving hand: dark skin tone bye cya g2g greetings gtg hand hello hey hi later outtie ttfn ttyl wave yo you people body
🤚	ظهر يد مرفوعة أنا ظاهر كف مرحبا مرفوع أشخاص جسم	raised back of hand backhand people body
🤚🏻	ظهر يد مرفوعة: بشرة بلون فاتح أنا ظاهر مرفوعة كف مرحبا مرفوع أشخاص جسم	raised back of hand: light skin tone backhand hand people body
🤚🏼	ظهر يد مرفوعة: بشرة بلون فاتح ومعتدل أنا ظاهر مرفوعة كف مرحبا مرفوع أشخاص جسم	raised back of hand: medium-light skin tone backhand hand people body
🤚🏽	ظهر يد مرفوعة: بشرة بلون معتدل أنا ظاهر مرفوعة كف مرحبا مرفوع أشخاص جسم	raised back of hand: medium skin tone backhand hand people body
🤚🏾	ظهر يد مرفوعة: بشرة بلون معتدل مائل للغامق أنا ظاهر مرفوعة كف مرحبا مرفوع أشخاص جسم	raised back of hand: medium-dark skin tone backhand hand people body
🤚🏿	ظهر يد مرفوعة: بشرة بلون غامق أنا ظاهر مرفوعة كف مرحبا مرفوع أشخاص جسم	raised back of hand: dark skin tone backhand hand people body
🖐️	يد مرفوعة بأصابع متفرقة إصبع تباعد توقف جسد سؤال كف أشخاص جسم	hand with fingers splayed finger raised stop people body
🖐🏻	يد مرفوعة بأصابع متفرقة: بشرة بلون فاتح إصبع تباعد توقف جسد سؤال كف متفرقة أشخاص جسم	hand with fingers splayed: light skin tone finger raised splayed stop people body
🖐🏼	يد مرفوعة بأصابع متفرقة: بشرة بلون فاتح ومعتدل إصبع تباعد توقف جسد سؤال كف متفرقة أشخاص جسم	hand with fingers splayed: medium-light skin tone finger raised splayed stop people body
🖐🏽	يد مرفوعة بأصابع متفرقة: بشرة بلون معتدل إصبع تباعد توقف جسد سؤال كف متفرقة أشخاص جسم	hand with fingers splayed: medium skin tone finger raised splayed stop people body
🖐🏾	يد مرفوعة بأصابع متفرقة: بشرة بلون معتدل مائل للغامق إصبع تباعد توقف جسد سؤال كف متفرقة أشخاص جسم	hand with fingers splayed: medium-dark skin tone finger raised splayed stop people body
🖐🏿	يد مرفوعة بأصابع متفرقة: بشرة بلون غامق إصبع تباعد توقف جسد سؤال كف متفرقة أشخاص جسم	hand with fingers splayed: dark skin tone finger raised splayed stop people body
✋	يد مرفوعة برافو توقف جسد ستوب قبضة كف مرحبا أشخاص جسم	raised hand 5 five high stop people body
✋🏻	يد مرفوعة: بشرة بلون فاتح برافو توقف جسد ستوب قبضة كف مرحبا مرفوعة أشخاص جسم	raised hand: light skin tone 5 five hand high stop people body
✋🏼	يد مرفوعة: بشرة بلون فاتح ومعتدل برافو توقف جسد ستوب قبضة كف مرحبا مرفوعة أشخاص جسم	raised hand: medium-light skin tone 5 five hand high stop people body
✋🏽	يد مرفوعة: بشرة بلون معتدل برافو توقف جسد ستوب قبضة كف مرحبا مرفوعة أشخاص جسم	raised hand: medium skin tone 5 five hand high stop people body
✋🏾	يد مرفوعة: بشرة بلون معتدل مائل للغامق برافو توقف جسد ستوب قبضة كف مرحبا مرفوعة أشخاص جسم	raised hand: medium-dark skin tone 5 five hand high stop people body
✋🏿	يد مرفوعة: بشرة بلون غامق برافو توقف جسد ستوب قبضة كف مرحبا مرفوعة أشخاص جسم	raised hand: dark skin tone 5 five hand high stop people body
🖖	تحية فولكان إصبع جسد سبوك ستار تريك كف يد أشخاص جسم	vulcan salute finger hand hands Vulcan people body
🖖🏻	تحية فولكان: بشرة بلون فاتح إصبع فولكان جسد سبوك ستار تريك كف يد أشخاص جسم	vulcan salute: light skin tone finger hand hands salute Vulcan people body
🖖🏼	تحية فولكان: بشرة بلون فاتح ومعتدل إصبع فولكان جسد سبوك ستار تريك كف يد أشخاص جسم	vulcan salute: medium-light skin tone finger hand hands salute Vulcan people body
🖖🏽	تحية فولكان: بشرة بلون معتدل إصبع فولكان جسد سبوك ستار تريك كف يد أشخاص جسم	vulcan salute: medium skin tone finger hand hands salute Vulcan people body
🖖🏾	تحية فولكان: بشرة بلون معتدل مائل للغامق إصبع فولكان جسد سبوك ستار تريك كف يد أشخاص جسم	vulcan salute: medium-dark skin tone finger hand hands salute Vulcan people body
🖖🏿	تحية فولكان: بشرة بلون غامق إصبع فولكان جسد سبوك ستار تريك كف يد أشخاص جسم	vulcan salute: dark skin tone finger hand hands salute Vulcan people body
🫱	يد باتجاه اليمين يصافح يمين أشخاص جسم	rightwards hand handshake hold reach right rightward shake people body
🫱🏻	يد باتجاه اليمين: بشرة بلون فاتح اليمين يصافح يمين أشخاص جسم	rightwards hand: light skin tone hand handshake hold reach right rightward shake people body
🫱🏼	يد باتجاه اليمين: بشرة بلون فاتح ومعتدل اليمين يصافح يمين أشخاص جسم	rightwards hand: medium-light skin tone hand handshake hold reach right rightward shake people body
🫱🏽	يد باتجاه اليمين: بشرة بلون معتدل اليمين يصافح يمين أشخاص جسم	rightwards hand: medium skin tone hand handshake hold reach right rightward shake people body
🫱🏾	يد باتجاه اليمين: بشرة بلون معتدل مائل للغامق اليمين يصافح يمين أشخاص جسم	rightwards hand: medium-dark skin tone hand handshake hold reach right rightward shake people body
🫱🏿	يد باتجاه اليمين: بشرة بلون غامق اليمين يصافح يمين أشخاص جسم	rightwards hand: dark skin tone hand handshake hold reach right rightward shake people body
🫲	يد باتجاه اليسار يسار يصافح يمسك بيده اليسرى أشخاص جسم	leftwards hand handshake hold left leftward reach shake people body
🫲🏻	يد باتجاه اليسار: بشرة بلون فاتح اليسار يسار يصافح يمسك بيده اليسرى أشخاص جسم	leftwards hand: light skin tone hand handshake hold left leftward reach shake people body
🫲🏼	يد باتجاه اليسار: بشرة بلون فاتح ومعتدل اليسار يسار يصافح يمسك بيده اليسرى أشخاص جسم	leftwards hand: medium-light skin tone hand handshake hold left leftward reach shake people body
🫲🏽	يد باتجاه اليسار: بشرة بلون معتدل اليسار يسار يصافح يمسك بيده اليسرى أشخاص جسم	leftwards hand: medium skin tone hand handshake hold left leftward reach shake people body
🫲🏾	يد باتجاه اليسار: بشرة بلون معتدل مائل للغامق اليسار يسار يصافح يمسك بيده اليسرى أشخاص جسم	leftwards hand: medium-dark skin tone hand handshake hold left leftward reach shake people body
🫲🏿	يد باتجاه اليسار: بشرة بلون غامق اليسار يسار يصافح يمسك بيده اليسرى أشخاص جسم	leftwards hand: dark skin tone hand handshake hold left leftward reach shake people body
🫳	راحة يد للأسفل إسقاط تجاهل صرف طرد أشخاص جسم	palm down hand dismiss drop dropped pick shoo up people body
🫳🏻	راحة يد للأسفل: بشرة بلون فاتح إسقاط تجاهل للأسفل صرف طرد أشخاص جسم	palm down hand: light skin tone dismiss drop dropped hand pick shoo up people body
🫳🏼	راحة يد للأسفل: بشرة بلون فاتح ومعتدل إسقاط تجاهل للأسفل صرف طرد أشخاص جسم	palm down hand: medium-light skin tone dismiss drop dropped hand pick shoo up people body
🫳🏽	راحة يد للأسفل: بشرة بلون معتدل إسقاط تجاهل للأسفل صرف طرد أشخاص جسم	palm down hand: medium skin tone dismiss drop dropped hand pick shoo up people body
🫳🏾	راحة يد للأسفل: بشرة بلون معتدل مائل للغامق إسقاط تجاهل للأسفل صرف طرد أشخاص جسم	palm down hand: medium-dark skin tone dismiss drop dropped hand pick shoo up people body
🫳🏿	راحة يد للأسفل: بشرة بلون غامق إسقاط تجاهل للأسفل صرف طرد أشخاص جسم	palm down hand: dark skin tone dismiss drop dropped hand pick shoo up people body
🫴	راحة يد للأعلى إمساك باليد إيماءة التقاط تعال عرض أشخاص جسم	palm up hand beckon catch come hold know lift me offer tell people body
🫴🏻	راحة يد للأعلى: بشرة بلون فاتح إمساك باليد إيماءة التقاط تعال للأعلى عرض أشخاص جسم	palm up hand: light skin tone beckon catch come hand hold know lift me offer tell people body
🫴🏼	راحة يد للأعلى: بشرة بلون فاتح ومعتدل إمساك باليد إيماءة التقاط تعال للأعلى عرض أشخاص جسم	palm up hand: medium-light skin tone beckon catch come hand hold know lift me offer tell people body
🫴🏽	راحة يد للأعلى: بشرة بلون معتدل إمساك باليد إيماءة التقاط تعال للأعلى عرض أشخاص جسم	palm up hand: medium skin tone beckon catch come hand hold know lift me offer tell people body
🫴🏾	راحة يد للأعلى: بشرة بلون معتدل مائل للغامق إمساك باليد إيماءة التقاط تعال للأعلى عرض أشخاص جسم	palm up hand: medium-dark skin tone beckon catch come hand hold know lift me offer tell people body
🫴🏿	راحة يد للأعلى: بشرة بلون غامق إمساك باليد إيماءة التقاط تعال للأعلى عرض أشخاص جسم	palm up hand: dark skin tone beckon catch come hand hold know lift me offer tell people body
🫷	يد تدفع يسارًا إيقاف انتظار انتظر قليلاً توقف حسبك دفع رفض كفّك كفى منع مهلاً يسار أشخاص جسم	leftwards pushing hand block five halt high hold leftward pause push refuse slap stop wait people body
🫷🏻	يد تدفع يسارًا: بشرة بلون فاتح إيقاف انتظار انتظر قليلاً توقف حسبك دفع رفض كفّك كفى منع مهلاً يسارًا يسار أشخاص جسم	leftwards pushing hand: light skin tone block five halt hand high hold leftward pause push refuse slap stop wait people body
🫷🏼	يد تدفع يسارًا: بشرة بلون فاتح ومعتدل إيقاف انتظار انتظر قليلاً توقف حسبك دفع رفض كفّك كفى منع مهلاً يسارًا يسار أشخاص جسم	leftwards pushing hand: medium-light skin tone block five halt hand high hold leftward pause push refuse slap stop wait people body
🫷🏽	يد تدفع يسارًا: بشرة بلون معتدل إيقاف انتظار انتظر قليلاً توقف حسبك دفع رفض كفّك كفى منع مهلاً يسارًا يسار أشخاص جسم	leftwards pushing hand: medium skin tone block five halt hand high hold leftward pause push refuse slap stop wait people body
🫷🏾	يد تدفع يسارًا: بشرة بلون معتدل مائل للغامق إيقاف انتظار انتظر قليلاً توقف حسبك دفع رفض كفّك كفى منع مهلاً يسارًا يسار أشخاص جسم	leftwards pushing hand: medium-dark skin tone block five halt hand high hold leftward pause push refuse slap stop wait people body
🫷🏿	يد تدفع يسارًا: بشرة بلون غامق إيقاف انتظار انتظر قليلاً توقف حسبك دفع رفض كفّك كفى منع مهلاً يسارًا يسار أشخاص جسم	leftwards pushing hand: dark skin tone block five halt hand high hold leftward pause push refuse slap stop wait people body
🫸	يد تدفع يمينًا إيقاف انتظار انتظر تمهل توقف مؤقتًا حسبك دفع رفض كفّك كفى ممنوع منع مهلاً يمين أشخاص جسم	rightwards pushing hand block five halt high hold pause push refuse rightward slap stop wait people body
🫸🏻	يد تدفع يمينًا: بشرة بلون فاتح إيقاف انتظار انتظر تمهل توقف مؤقتًا حسبك دفع رفض كفّك كفى ممنوع منع مهلاً يمينًا يمين أشخاص جسم	rightwards pushing hand: light skin tone block five halt hand high hold pause push refuse rightward slap stop wait people body
🫸🏼	يد تدفع يمينًا: بشرة بلون فاتح ومعتدل إيقاف انتظار انتظر تمهل توقف مؤقتًا حسبك دفع رفض كفّك كفى ممنوع منع مهلاً يمينًا يمين أشخاص جسم	rightwards pushing hand: medium-light skin tone block five halt hand high hold pause push refuse rightward slap stop wait people body
🫸🏽	يد تدفع يمينًا: بشرة بلون معتدل إيقاف انتظار انتظر تمهل توقف مؤقتًا حسبك دفع رفض كفّك كفى ممنوع منع مهلاً يمينًا يمين أشخاص جسم	rightwards pushing hand: medium skin tone block five halt hand high hold pause push refuse rightward slap stop wait people body
🫸🏾	يد تدفع يمينًا: بشرة بلون معتدل مائل للغامق إيقاف انتظار انتظر تمهل توقف مؤقتًا حسبك دفع رفض كفّك كفى ممنوع منع مهلاً يمينًا يمين أشخاص جسم	rightwards pushing hand: medium-dark skin tone block five halt hand high hold pause push refuse rightward slap stop wait people body
🫸🏿	يد تدفع يمينًا: بشرة بلون غامق إيقاف انتظار انتظر تمهل توقف مؤقتًا حسبك دفع رفض كفّك كفى ممنوع منع مهلاً يمينًا يمين أشخاص جسم	rightwards pushing hand: dark skin tone block five halt hand high hold pause push refuse rightward slap stop wait people body
👌	يد تشير للموافقة أوكي الأشخاص وإيماءات موافقة الرأي بالضبط تمام عظيم علامة قرص قرصة ممتاز موافق مية أشخاص جسم	OK hand awesome bet dope fleek fosho got gotcha legit okay pinch rad sure sweet three people body
👌🏻	يد تشير للموافقة: بشرة بلون فاتح أوكي الأشخاص وإيماءات موافقة الرأي بالضبط تمام عظيم علامة قرص قرصة ممتاز موافق مية للموافقة أشخاص جسم	OK hand: light skin tone awesome bet dope fleek fosho got gotcha hand legit okay pinch rad sure sweet three people body
👌🏼	يد تشير للموافقة: بشرة بلون فاتح ومعتدل أوكي الأشخاص وإيماءات موافقة الرأي بالضبط تمام عظيم علامة قرص قرصة ممتاز موافق مية للموافقة أشخاص جسم	OK hand: medium-light skin tone awesome bet dope fleek fosho got gotcha hand legit okay pinch rad sure sweet three people body
👌🏽	يد تشير للموافقة: بشرة بلون معتدل أوكي الأشخاص وإيماءات موافقة الرأي بالضبط تمام عظيم علامة قرص قرصة ممتاز موافق مية للموافقة أشخاص جسم	OK hand: medium skin tone awesome bet dope fleek fosho got gotcha hand legit okay pinch rad sure sweet three people body
👌🏾	يد تشير للموافقة: بشرة بلون معتدل مائل للغامق أوكي الأشخاص وإيماءات موافقة الرأي بالضبط تمام عظيم علامة قرص قرصة ممتاز موافق مية للموافقة أشخاص جسم	OK hand: medium-dark skin tone awesome bet dope fleek fosho got gotcha hand legit okay pinch rad sure sweet three people body
👌🏿	يد تشير للموافقة: بشرة بلون غامق أوكي الأشخاص وإيماءات موافقة الرأي بالضبط تمام عظيم علامة قرص قرصة ممتاز موافق مية للموافقة أشخاص جسم	OK hand: dark skin tone awesome bet dope fleek fosho got gotcha hand legit okay pinch rad sure sweet three people body
🤌	أصابع مضمومة إيماءة باليد انتظر تهكّم جسم صبرًا ضم مهلاً يد أشخاص	pinched fingers gesture hand hold huh interrogation patience relax sarcastic ugh what zip people body
🤌🏻	أصابع مضمومة: بشرة بلون فاتح مضمومة إيماءة باليد انتظر تهكّم جسم صبرًا ضم مهلاً يد أشخاص	pinched fingers: light skin tone fingers gesture hand hold huh interrogation patience relax sarcastic ugh what zip people body
🤌🏼	أصابع مضمومة: بشرة بلون فاتح ومعتدل مضمومة إيماءة باليد انتظر تهكّم جسم صبرًا ضم مهلاً يد أشخاص	pinched fingers: medium-light skin tone fingers gesture hand hold huh interrogation patience relax sarcastic ugh what zip people body
🤌🏽	أصابع مضمومة: بشرة بلون معتدل مضمومة إيماءة باليد انتظر تهكّم جسم صبرًا ضم مهلاً يد أشخاص	pinched fingers: medium skin tone fingers gesture hand hold huh interrogation patience relax sarcastic ugh what zip people body
🤌🏾	أصابع مضمومة: بشرة بلون معتدل مائل للغامق مضمومة إيماءة باليد انتظر تهكّم جسم صبرًا ضم مهلاً يد أشخاص	pinched fingers: medium-dark skin tone fingers gesture hand hold huh interrogation patience relax sarcastic ugh what zip people body
🤌🏿	أصابع مضمومة: بشرة بلون غامق مضمومة إيماءة باليد انتظر تهكّم جسم صبرًا ضم مهلاً يد أشخاص	pinched fingers: dark skin tone fingers gesture hand hold huh interrogation patience relax sarcastic ugh what zip people body
🤏	يد تشير بمقدار ضئيل أصابع تافه شوي صغير قليل كمية صغيرة مثال مقدار أشخاص جسم	pinching hand amount bit fingers little small sort people body
🤏🏻	يد تشير بمقدار ضئيل: بشرة بلون فاتح أصابع تافه شوي صغير قليل كمية صغيرة مثال مقدار ضئيل أشخاص جسم	pinching hand: light skin tone amount bit fingers hand little small sort people body
🤏🏼	يد تشير بمقدار ضئيل: بشرة بلون فاتح ومعتدل أصابع تافه شوي صغير قليل كمية صغيرة مثال مقدار ضئيل أشخاص جسم	pinching hand: medium-light skin tone amount bit fingers hand little small sort people body
🤏🏽	يد تشير بمقدار ضئيل: بشرة بلون معتدل أصابع تافه شوي صغير قليل كمية صغيرة مثال مقدار ضئيل أشخاص جسم	pinching hand: medium skin tone amount bit fingers hand little small sort people body
🤏🏾	يد تشير بمقدار ضئيل: بشرة بلون معتدل مائل للغامق أصابع تافه شوي صغير قليل كمية صغيرة مثال مقدار ضئيل أشخاص جسم	pinching hand: medium-dark skin tone amount bit fingers hand little small sort people body
🤏🏿	يد تشير بمقدار ضئيل: بشرة بلون غامق أصابع تافه شوي صغير قليل كمية صغيرة مثال مقدار ضئيل أشخاص جسم	pinching hand: dark skin tone amount bit fingers hand little small sort people body
✌️	علامة النصر إشارة انتصار سلام مقص نصر يد أشخاص جسم	victory hand peace v people body
✌🏻	علامة النصر: بشرة بلون فاتح إشارة انتصار سلام النصر مقص نصر يد أشخاص جسم	victory hand: light skin tone hand peace v people body
✌🏼	علامة النصر: بشرة بلون فاتح ومعتدل إشارة انتصار سلام النصر مقص نصر يد أشخاص جسم	victory hand: medium-light skin tone hand peace v people body
✌🏽	علامة النصر: بشرة بلون معتدل إشارة انتصار سلام النصر مقص نصر يد أشخاص جسم	victory hand: medium skin tone hand peace v people body
✌🏾	علامة النصر: بشرة بلون معتدل مائل للغامق إشارة انتصار سلام النصر مقص نصر يد أشخاص جسم	victory hand: medium-dark skin tone hand peace v people body
✌🏿	علامة النصر: بشرة بلون غامق إشارة انتصار سلام النصر مقص نصر يد أشخاص جسم	victory hand: dark skin tone hand peace v people body
🤞	أصابع مشبكة أمنية إشارة انشاء الله انشالله حظ يد أشخاص جسم	crossed fingers cross finger hand luck people body
🤞🏻	أصابع مشبكة: بشرة بلون فاتح مشبكة أمنية إشارة انشاء الله انشالله حظ يد أشخاص جسم	crossed fingers: light skin tone cross finger fingers hand luck people body
🤞🏼	أصابع مشبكة: بشرة بلون فاتح ومعتدل مشبكة أمنية إشارة انشاء الله انشالله حظ يد أشخاص جسم	crossed fingers: medium-light skin tone cross finger fingers hand luck people body
🤞🏽	أصابع مشبكة: بشرة بلون معتدل مشبكة أمنية إشارة انشاء الله انشالله حظ يد أشخاص جسم	crossed fingers: medium skin tone cross finger fingers hand luck people body
🤞🏾	أصابع مشبكة: بشرة بلون معتدل مائل للغامق مشبكة أمنية إشارة انشاء الله انشالله حظ يد أشخاص جسم	crossed fingers: medium-dark skin tone cross finger fingers hand luck people body
🤞🏿	أصابع مشبكة: بشرة بلون غامق مشبكة أمنية إشارة انشاء الله انشالله حظ يد أشخاص جسم	crossed fingers: dark skin tone cross finger fingers hand luck people body
🫰	يد مع تقاطع السبابة والإبهام أموال انطباق حب غالٍ قلب أشخاص جسم	hand with index finger and thumb crossed <3 expensive heart love money snap people body
🫰🏻	يد مع تقاطع السبابة والإبهام: بشرة بلون فاتح أموال انطباق حب غالٍ قلب والإبهام أشخاص جسم	hand with index finger and thumb crossed: light skin tone <3 crossed expensive heart love money snap people body
🫰🏼	يد مع تقاطع السبابة والإبهام: بشرة بلون فاتح ومعتدل أموال انطباق حب غالٍ قلب والإبهام أشخاص جسم	hand with index finger and thumb crossed: medium-light skin tone <3 crossed expensive heart love money snap people body
🫰🏽	يد مع تقاطع السبابة والإبهام: بشرة بلون معتدل أموال انطباق حب غالٍ قلب والإبهام أشخاص جسم	hand with index finger and thumb crossed: medium skin tone <3 crossed expensive heart love money snap people body
🫰🏾	يد مع تقاطع السبابة والإبهام: بشرة بلون معتدل مائل للغامق أموال انطباق حب غالٍ قلب والإبهام أشخاص جسم	hand with index finger and thumb crossed: medium-dark skin tone <3 crossed expensive heart love money snap people body
🫰🏿	يد مع تقاطع السبابة والإبهام: بشرة بلون غامق أموال انطباق حب غالٍ قلب والإبهام أشخاص جسم	hand with index finger and thumb crossed: dark skin tone <3 crossed expensive heart love money snap people body
🤟	إشارة أحبك أصابع بحبك تأشير ثلاثة يد أشخاص جسم	love-you gesture fingers hand ILY love three you people body
🤟🏻	إشارة أحبك: بشرة بلون فاتح أحبك أصابع بحبك تأشير ثلاثة يد أشخاص جسم	love-you gesture: light skin tone fingers gesture hand ILY love three you people body
🤟🏼	إشارة أحبك: بشرة بلون فاتح ومعتدل أحبك أصابع بحبك تأشير ثلاثة يد أشخاص جسم	love-you gesture: medium-light skin tone fingers gesture hand ILY love three you people body
🤟🏽	إشارة أحبك: بشرة بلون معتدل أحبك أصابع بحبك تأشير ثلاثة يد أشخاص جسم	love-you gesture: medium skin tone fingers gesture hand ILY love three you people body
🤟🏾	إشارة أحبك: بشرة بلون معتدل مائل للغامق أحبك أصابع بحبك تأشير ثلاثة يد أشخاص جسم	love-you gesture: medium-dark skin tone fingers gesture hand ILY love three you people body
🤟🏿	إشارة أحبك: بشرة بلون غامق أحبك أصابع بحبك تأشير ثلاثة يد أشخاص جسم	love-you gesture: dark skin tone fingers gesture hand ILY love three you people body
🤘	إشارة قرون إصبع الناس والأعضاء جسد روك يد أشخاص جسم	sign of the horns finger hand rock-on people body
🤘🏻	إشارة قرون: بشرة بلون فاتح قرون إصبع الناس والأعضاء جسد روك يد أشخاص جسم	sign of the horns: light skin tone finger hand horns rock-on people body
🤘🏼	إشارة قرون: بشرة بلون فاتح ومعتدل قرون إصبع الناس والأعضاء جسد روك يد أشخاص جسم	sign of the horns: medium-light skin tone finger hand horns rock-on people body
🤘🏽	إشارة قرون: بشرة بلون معتدل قرون إصبع الناس والأعضاء جسد روك يد أشخاص جسم	sign of the horns: medium skin tone finger hand horns rock-on people body
🤘🏾	إشارة قرون: بشرة بلون معتدل مائل للغامق قرون إصبع الناس والأعضاء جسد روك يد أشخاص جسم	sign of the horns: medium-dark skin tone finger hand horns rock-on people body
🤘🏿	إشارة قرون: بشرة بلون غامق قرون إصبع الناس والأعضاء جسد روك يد أشخاص جسم	sign of the horns: dark skin tone finger hand horns rock-on people body
🤙	إشارة للاتصال اتصال اتصل علي تأشير تلفنلي تلفنيلي كلمني مكالمة يد أشخاص جسم	call me hand hang loose Shaka people body
🤙🏻	إشارة للاتصال: بشرة بلون فاتح للاتصال اتصال اتصل علي تأشير تلفنلي تلفنيلي كلمني مكالمة يد أشخاص جسم	call me hand: light skin tone hand hang loose Shaka people body
🤙🏼	إشارة للاتصال: بشرة بلون فاتح ومعتدل للاتصال اتصال اتصل علي تأشير تلفنلي تلفنيلي كلمني مكالمة يد أشخاص جسم	call me hand: medium-light skin tone hand hang loose Shaka people body
🤙🏽	إشارة للاتصال: بشرة بلون معتدل للاتصال اتصال اتصل علي تأشير تلفنلي تلفنيلي كلمني مكالمة يد أشخاص جسم	call me hand: medium skin tone hand hang loose Shaka people body
🤙🏾	إشارة للاتصال: بشرة بلون معتدل مائل للغامق للاتصال اتصال اتصل علي تأشير تلفنلي تلفنيلي كلمني مكالمة يد أشخاص جسم	call me hand: medium-dark skin tone hand hang loose Shaka people body
🤙🏿	إشارة للاتصال: بشرة بلون غامق للاتصال اتصال اتصل علي تأشير تلفنلي تلفنيلي كلمني مكالمة يد أشخاص جسم	call me hand: dark skin tone hand hang loose Shaka people body
👈	إصبع لليسار إشارة السبابة تأشير يد يسار أشخاص جسم	backhand index pointing left finger hand point people body
👈🏻	إصبع لليسار: بشرة بلون فاتح إشارة لليسار السبابة تأشير يد يسار أشخاص جسم	backhand index pointing left: light skin tone finger hand left point people body
👈🏼	إصبع لليسار: بشرة بلون فاتح ومعتدل إشارة لليسار السبابة تأشير يد يسار أشخاص جسم	backhand index pointing left: medium-light skin tone finger hand left point people body
👈🏽	إصبع لليسار: بشرة بلون معتدل إشارة لليسار السبابة تأشير يد يسار أشخاص جسم	backhand index pointing left: medium skin tone finger hand left point people body
👈🏾	إصبع لليسار: بشرة بلون معتدل مائل للغامق إشارة لليسار السبابة تأشير يد يسار أشخاص جسم	backhand index pointing left: medium-dark skin tone finger hand left point people body
👈🏿	إصبع لليسار: بشرة بلون غامق إشارة لليسار السبابة تأشير يد يسار أشخاص جسم	backhand index pointing left: dark skin tone finger hand left point people body
👉	إصبع لليمين إشارة السبابة تأشير يد يمين أشخاص جسم	backhand index pointing right finger hand point people body
👉🏻	إصبع لليمين: بشرة بلون فاتح إشارة لليمين السبابة تأشير يد يمين أشخاص جسم	backhand index pointing right: light skin tone finger hand point right people body
👉🏼	إصبع لليمين: بشرة بلون فاتح ومعتدل إشارة لليمين السبابة تأشير يد يمين أشخاص جسم	backhand index pointing right: medium-light skin tone finger hand point right people body
👉🏽	إصبع لليمين: بشرة بلون معتدل إشارة لليمين السبابة تأشير يد يمين أشخاص جسم	backhand index pointing right: medium skin tone finger hand point right people body
👉🏾	إصبع لليمين: بشرة بلون معتدل مائل للغامق إشارة لليمين السبابة تأشير يد يمين أشخاص جسم	backhand index pointing right: medium-dark skin tone finger hand point right people body
👉🏿	إصبع لليمين: بشرة بلون غامق إشارة لليمين السبابة تأشير يد يمين أشخاص جسم	backhand index pointing right: dark skin tone finger hand point right people body
👆	إصبع لأعلى إشارة السبابة تأشير فوق يد أشخاص جسم	backhand index pointing up finger hand point people body
👆🏻	إصبع لأعلى: بشرة بلون فاتح إشارة لأعلى السبابة تأشير فوق يد أشخاص جسم	backhand index pointing up: light skin tone finger hand point up people body
👆🏼	إصبع لأعلى: بشرة بلون فاتح ومعتدل إشارة لأعلى السبابة تأشير فوق يد أشخاص جسم	backhand index pointing up: medium-light skin tone finger hand point up people body
👆🏽	إصبع لأعلى: بشرة بلون معتدل إشارة لأعلى السبابة تأشير فوق يد أشخاص جسم	backhand index pointing up: medium skin tone finger hand point up people body
👆🏾	إصبع لأعلى: بشرة بلون معتدل مائل للغامق إشارة لأعلى السبابة تأشير فوق يد أشخاص جسم	backhand index pointing up: medium-dark skin tone finger hand point up people body
👆🏿	إصبع لأعلى: بشرة بلون غامق إشارة لأعلى السبابة تأشير فوق يد أشخاص جسم	backhand index pointing up: dark skin tone finger hand point up people body
🖕	إصبع الوسطى جسد يد أشخاص جسم	middle finger hand people body
🖕🏻	إصبع الوسطى: بشرة بلون فاتح الوسطى جسد يد أشخاص جسم	middle finger: light skin tone finger hand people body
🖕🏼	إصبع الوسطى: بشرة بلون فاتح ومعتدل الوسطى جسد يد أشخاص جسم	middle finger: medium-light skin tone finger hand people body
🖕🏽	إصبع الوسطى: بشرة بلون معتدل الوسطى جسد يد أشخاص جسم	middle finger: medium skin tone finger hand people body
🖕🏾	إصبع الوسطى: بشرة بلون معتدل مائل للغامق الوسطى جسد يد أشخاص جسم	middle finger: medium-dark skin tone finger hand people body
🖕🏿	إصبع الوسطى: بشرة بلون غامق الوسطى جسد يد أشخاص جسم	middle finger: dark skin tone finger hand people body
👇	إصبع لأسفل أدنى أسفل إشارة السبابة تحت يد أشخاص جسم	backhand index pointing down finger hand point people body
👇🏻	إصبع لأسفل: بشرة بلون فاتح أدنى أسفل إشارة لأسفل السبابة تحت يد أشخاص جسم	backhand index pointing down: light skin tone down finger hand point people body
👇🏼	إصبع لأسفل: بشرة بلون فاتح ومعتدل أدنى أسفل إشارة لأسفل السبابة تحت يد أشخاص جسم	backhand index pointing down: medium-light skin tone down finger hand point people body
👇🏽	إصبع لأسفل: بشرة بلون معتدل أدنى أسفل إشارة لأسفل السبابة تحت يد أشخاص جسم	backhand index pointing down: medium skin tone down finger hand point people body
👇🏾	إصبع لأسفل: بشرة بلون معتدل مائل للغامق أدنى أسفل إشارة لأسفل السبابة تحت يد أشخاص جسم	backhand index pointing down: medium-dark skin tone down finger hand point people body
👇🏿	إصبع لأسفل: بشرة بلون غامق أدنى أسفل إشارة لأسفل السبابة تحت يد أشخاص جسم	backhand index pointing down: dark skin tone down finger hand point people body
☝️	سبابة يشير لأعلى أعلى إشارة إصبع تأشير جسد فوق يد أشخاص جسم	index pointing up finger hand point this people body
☝🏻	سبابة يشير لأعلى: بشرة بلون فاتح أعلى إشارة إصبع تأشير جسد لأعلى فوق يد أشخاص جسم	index pointing up: light skin tone finger hand point this up people body
☝🏼	سبابة يشير لأعلى: بشرة بلون فاتح ومعتدل أعلى إشارة إصبع تأشير جسد لأعلى فوق يد أشخاص جسم	index pointing up: medium-light skin tone finger hand point this up people body
☝🏽	سبابة يشير لأعلى: بشرة بلون معتدل أعلى إشارة إصبع تأشير جسد لأعلى فوق يد أشخاص جسم	index pointing up: medium skin tone finger hand point this up people body
☝🏾	سبابة يشير لأعلى: بشرة بلون معتدل مائل للغامق أعلى إشارة إصبع تأشير جسد لأعلى فوق يد أشخاص جسم	index pointing up: medium-dark skin tone finger hand point this up people body
☝🏿	سبابة يشير لأعلى: بشرة بلون غامق أعلى إشارة إصبع تأشير جسد لأعلى فوق يد أشخاص جسم	index pointing up: dark skin tone finger hand point this up people body
🫵	إصبع السبابة يشير إلى الناظر أنت إشارة وكز يد أشخاص جسم	index pointing at the viewer finger hand poke you people body
🫵🏻	إصبع السبابة يشير إلى الناظر: بشرة بلون فاتح أنت إشارة الناظر وكز يد أشخاص جسم	index pointing at the viewer: light skin tone finger hand poke viewer you people body
🫵🏼	إصبع السبابة يشير إلى الناظر: بشرة بلون فاتح ومعتدل أنت إشارة الناظر وكز يد أشخاص جسم	index pointing at the viewer: medium-light skin tone finger hand poke viewer you people body
🫵🏽	إصبع السبابة يشير إلى الناظر: بشرة بلون معتدل أنت إشارة الناظر وكز يد أشخاص جسم	index pointing at the viewer: medium skin tone finger hand poke viewer you people body
🫵🏾	إصبع السبابة يشير إلى الناظر: بشرة بلون معتدل مائل للغامق أنت إشارة الناظر وكز يد أشخاص جسم	index pointing at the viewer: medium-dark skin tone finger hand poke viewer you people body
🫵🏿	إصبع السبابة يشير إلى الناظر: بشرة بلون غامق أنت إشارة الناظر وكز يد أشخاص جسم	index pointing at the viewer: dark skin tone finger hand poke viewer you people body
👍	قبول أعلى أوكي إبهام إشارة إصبع الأشخاص والإبهام لأعلى تمام حلو عظيم علامة كده موافق مية نعم يد أشخاص جسم	thumbs up +1 good hand like thumb yes people body
👍🏻	قبول: بشرة بلون فاتح أعلى أوكي إبهام إشارة إصبع الأشخاص والإبهام لأعلى تمام حلو عظيم علامة قبول كده موافق مية نعم يد أشخاص جسم	thumbs up: light skin tone +1 good hand like thumb up yes people body
👍🏼	قبول: بشرة بلون فاتح ومعتدل أعلى أوكي إبهام إشارة إصبع الأشخاص والإبهام لأعلى تمام حلو عظيم علامة قبول كده موافق مية نعم يد أشخاص جسم	thumbs up: medium-light skin tone +1 good hand like thumb up yes people body
👍🏽	قبول: بشرة بلون معتدل أعلى أوكي إبهام إشارة إصبع الأشخاص والإبهام لأعلى تمام حلو عظيم علامة قبول كده موافق مية نعم يد أشخاص جسم	thumbs up: medium skin tone +1 good hand like thumb up yes people body
👍🏾	قبول: بشرة بلون معتدل مائل للغامق أعلى أوكي إبهام إشارة إصبع الأشخاص والإبهام لأعلى تمام حلو عظيم علامة قبول كده موافق مية نعم يد أشخاص جسم	thumbs up: medium-dark skin tone +1 good hand like thumb up yes people body
👍🏿	قبول: بشرة بلون غامق أعلى أوكي إبهام إشارة إصبع الأشخاص والإبهام لأعلى تمام حلو عظيم علامة قبول كده موافق مية نعم يد أشخاص جسم	thumbs up: dark skin tone +1 good hand like thumb up yes people body
👎	رفض آفاا أسفل إبهام سيئ علامة كلا لا يعجبني ما مش منيح يد أشخاص جسم	thumbs down -1 bad dislike good hand no nope thumb people body
👎🏻	رفض: بشرة بلون فاتح آفاا أسفل إبهام رفض سيئ علامة كلا لا يعجبني ما مش منيح يد أشخاص جسم	thumbs down: light skin tone -1 bad dislike down good hand no nope thumb people body
👎🏼	رفض: بشرة بلون فاتح ومعتدل آفاا أسفل إبهام رفض سيئ علامة كلا لا يعجبني ما مش منيح يد أشخاص جسم	thumbs down: medium-light skin tone -1 bad dislike down good hand no nope thumb people body
👎🏽	رفض: بشرة بلون معتدل آفاا أسفل إبهام رفض سيئ علامة كلا لا يعجبني ما مش منيح يد أشخاص جسم	thumbs down: medium skin tone -1 bad dislike down good hand no nope thumb people body
👎🏾	رفض: بشرة بلون معتدل مائل للغامق آفاا أسفل إبهام رفض سيئ علامة كلا لا يعجبني ما مش منيح يد أشخاص جسم	thumbs down: medium-dark skin tone -1 bad dislike down good hand no nope thumb people body
👎🏿	رفض: بشرة بلون غامق آفاا أسفل إبهام رفض سيئ علامة كلا لا يعجبني ما مش منيح يد أشخاص جسم	thumbs down: dark skin tone -1 bad dislike down good hand no nope thumb people body
🫹	أشخاص جسم	leftwards thumb sign people body
🫹🏻	أشخاص جسم	leftwards thumb sign: light skin tone people body
🫹🏼	أشخاص جسم	leftwards thumb sign: medium-light skin tone people body
🫹🏽	أشخاص جسم	leftwards thumb sign: medium skin tone people body
🫹🏾	أشخاص جسم	leftwards thumb sign: medium-dark skin tone people body
🫹🏿	أشخاص جسم	leftwards thumb sign: dark skin tone people body
🫺	أشخاص جسم	rightwards thumb sign people body
🫺🏻	أشخاص جسم	rightwards thumb sign: light skin tone people body
🫺🏼	أشخاص جسم	rightwards thumb sign: medium-light skin tone people body
🫺🏽	أشخاص جسم	rightwards thumb sign: medium skin tone people body
🫺🏾	أشخاص جسم	rightwards thumb sign: medium-dark skin tone people body
🫺🏿	أشخاص جسم	rightwards thumb sign: dark skin tone people body
✊	قبضة يد مرفوعة ترابط تضامن جسد وحدة أشخاص جسم	raised fist clenched hand punch solidarity people body
✊🏻	قبضة يد مرفوعة: بشرة بلون فاتح ترابط تضامن جسد مرفوعة وحدة أشخاص جسم	raised fist: light skin tone clenched fist hand punch solidarity people body
✊🏼	قبضة يد مرفوعة: بشرة بلون فاتح ومعتدل ترابط تضامن جسد مرفوعة وحدة أشخاص جسم	raised fist: medium-light skin tone clenched fist hand punch solidarity people body
✊🏽	قبضة يد مرفوعة: بشرة بلون معتدل ترابط تضامن جسد مرفوعة وحدة أشخاص جسم	raised fist: medium skin tone clenched fist hand punch solidarity people body
✊🏾	قبضة يد مرفوعة: بشرة بلون معتدل مائل للغامق ترابط تضامن جسد مرفوعة وحدة أشخاص جسم	raised fist: medium-dark skin tone clenched fist hand punch solidarity people body
✊🏿	قبضة يد مرفوعة: بشرة بلون غامق ترابط تضامن جسد مرفوعة وحدة أشخاص جسم	raised fist: dark skin tone clenched fist hand punch solidarity people body
👊	قبضة يد أكيد بوكس صحيح ضربة كف أشخاص جسم	oncoming fist absolutely agree boom bro bruh bump clenched correct hand knuckle pound punch rock ttyl people body
👊🏻	قبضة يد: بشرة بلون فاتح أكيد بوكس صحيح ضربة يد كف أشخاص جسم	oncoming fist: light skin tone absolutely agree boom bro bruh bump clenched correct fist hand knuckle pound punch rock ttyl people body
👊🏼	قبضة يد: بشرة بلون فاتح ومعتدل أكيد بوكس صحيح ضربة يد كف أشخاص جسم	oncoming fist: medium-light skin tone absolutely agree boom bro bruh bump clenched correct fist hand knuckle pound punch rock ttyl people body
👊🏽	قبضة يد: بشرة بلون معتدل أكيد بوكس صحيح ضربة يد كف أشخاص جسم	oncoming fist: medium skin tone absolutely agree boom bro bruh bump clenched correct fist hand knuckle pound punch rock ttyl people body
👊🏾	قبضة يد: بشرة بلون معتدل مائل للغامق أكيد بوكس صحيح ضربة يد كف أشخاص جسم	oncoming fist: medium-dark skin tone absolutely agree boom bro bruh bump clenched correct fist hand knuckle pound punch rock ttyl people body
👊🏿	قبضة يد: بشرة بلون غامق أكيد بوكس صحيح ضربة يد كف أشخاص جسم	oncoming fist: dark skin tone absolutely agree boom bro bruh bump clenched correct fist hand knuckle pound punch rock ttyl people body
🤛	قبضة لليسار بوكس يسار أشخاص جسم	left-facing fist leftwards people body
🤛🏻	قبضة لليسار: بشرة بلون فاتح بوكس لليسار يسار أشخاص جسم	left-facing fist: light skin tone fist leftwards people body
🤛🏼	قبضة لليسار: بشرة بلون فاتح ومعتدل بوكس لليسار يسار أشخاص جسم	left-facing fist: medium-light skin tone fist leftwards people body
🤛🏽	قبضة لليسار: بشرة بلون معتدل بوكس لليسار يسار أشخاص جسم	left-facing fist: medium skin tone fist leftwards people body
🤛🏾	قبضة لليسار: بشرة بلون معتدل مائل للغامق بوكس لليسار يسار أشخاص جسم	left-facing fist: medium-dark skin tone fist leftwards people body
🤛🏿	قبضة لليسار: بشرة بلون غامق بوكس لليسار يسار أشخاص جسم	left-facing fist: dark skin tone fist leftwards people body
🤜	قبضة لليمين بوكس يد يمين أشخاص جسم	right-facing fist rightwards people body
🤜🏻	قبضة لليمين: بشرة بلون فاتح بوكس لليمين يد يمين أشخاص جسم	right-facing fist: light skin tone fist rightwards people body
🤜🏼	قبضة لليمين: بشرة بلون فاتح ومعتدل بوكس لليمين يد يمين أشخاص جسم	right-facing fist: medium-light skin tone fist rightwards people body
🤜🏽	قبضة لليمين: بشرة بلون معتدل بوكس لليمين يد يمين أشخاص جسم	right-facing fist: medium skin tone fist rightwards people body
🤜🏾	قبضة لليمين: بشرة بلون معتدل مائل للغامق بوكس لليمين يد يمين أشخاص جسم	right-facing fist: medium-dark skin tone fist rightwards people body
🤜🏿	قبضة لليمين: بشرة بلون غامق بوكس لليمين يد يمين أشخاص جسم	right-facing fist: dark skin tone fist rightwards people body
👏	يدان تصفقان أصلي أيادي تزقيف تصفيق تصلي زقف صلاة صلي عظيم علامة مبروك يد تصفق يصلي أشخاص جسم	clapping hands applause approval awesome clap congrats congratulations excited good great hand homie job nice prayed well yay people body
👏🏻	يدان تصفقان: بشرة بلون فاتح أصلي أيادي تزقيف تصفيق تصلي زقف صلاة صلي عظيم علامة مبروك يد تصفق تصفقان يصلي أشخاص جسم	clapping hands: light skin tone applause approval awesome clap congrats congratulations excited good great hand homie job nice prayed well yay people body
👏🏼	يدان تصفقان: بشرة بلون فاتح ومعتدل أصلي أيادي تزقيف تصفيق تصلي زقف صلاة صلي عظيم علامة مبروك يد تصفق تصفقان يصلي أشخاص جسم	clapping hands: medium-light skin tone applause approval awesome clap congrats congratulations excited good great hand homie job nice prayed well yay people body
👏🏽	يدان تصفقان: بشرة بلون معتدل أصلي أيادي تزقيف تصفيق تصلي زقف صلاة صلي عظيم علامة مبروك يد تصفق تصفقان يصلي أشخاص جسم	clapping hands: medium skin tone applause approval awesome clap congrats congratulations excited good great hand homie job nice prayed well yay people body
👏🏾	يدان تصفقان: بشرة بلون معتدل مائل للغامق أصلي أيادي تزقيف تصفيق تصلي زقف صلاة صلي عظيم علامة مبروك يد تصفق تصفقان يصلي أشخاص جسم	clapping hands: medium-dark skin tone applause approval awesome clap congrats congratulations excited good great hand homie job nice prayed well yay people body
👏🏿	يدان تصفقان: بشرة بلون غامق أصلي أيادي تزقيف تصفيق تصلي زقف صلاة صلي عظيم علامة مبروك يد تصفق تصفقان يصلي أشخاص جسم	clapping hands: dark skin tone applause approval awesome clap congrats congratulations excited good great hand homie job nice prayed well yay people body
🙌	تشجيع إشارة احتفال اليدان تأشير تهييص رفع اليدين احتفالاً مرفوعة هيصة يد يدان أشخاص جسم	raising hands celebration gesture hand hooray praise raised people body
🙌🏻	تشجيع: بشرة بلون فاتح إشارة احتفال اليدان تأشير تشجيع تهييص رفع اليدين احتفالاً مرفوعة هيصة يد يدان أشخاص جسم	raising hands: light skin tone celebration gesture hand hands hooray praise raised people body
🙌🏼	تشجيع: بشرة بلون فاتح ومعتدل إشارة احتفال اليدان تأشير تشجيع تهييص رفع اليدين احتفالاً مرفوعة هيصة يد يدان أشخاص جسم	raising hands: medium-light skin tone celebration gesture hand hands hooray praise raised people body
🙌🏽	تشجيع: بشرة بلون معتدل إشارة احتفال اليدان تأشير تشجيع تهييص رفع اليدين احتفالاً مرفوعة هيصة يد يدان أشخاص جسم	raising hands: medium skin tone celebration gesture hand hands hooray praise raised people body
🙌🏾	تشجيع: بشرة بلون معتدل مائل للغامق إشارة احتفال اليدان تأشير تشجيع تهييص رفع اليدين احتفالاً مرفوعة هيصة يد يدان أشخاص جسم	raising hands: medium-dark skin tone celebration gesture hand hands hooray praise raised people body
🙌🏿	تشجيع: بشرة بلون غامق إشارة احتفال اليدان تأشير تشجيع تهييص رفع اليدين احتفالاً مرفوعة هيصة يد يدان أشخاص جسم	raising hands: dark skin tone celebration gesture hand hands hooray praise raised people body
🫶	أيدي متشابكة على شكل قلب أحبك حب يدان أشخاص جسم	heart hands <3 love you people body
🫶🏻	أيدي متشابكة على شكل قلب: بشرة بلون فاتح أحبك قلب حب يدان أشخاص جسم	heart hands: light skin tone <3 hands love you people body
🫶🏼	أيدي متشابكة على شكل قلب: بشرة بلون فاتح ومعتدل أحبك قلب حب يدان أشخاص جسم	heart hands: medium-light skin tone <3 hands love you people body
🫶🏽	أيدي متشابكة على شكل قلب: بشرة بلون معتدل أحبك قلب حب يدان أشخاص جسم	heart hands: medium skin tone <3 hands love you people body
🫶🏾	أيدي متشابكة على شكل قلب: بشرة بلون معتدل مائل للغامق أحبك قلب حب يدان أشخاص جسم	heart hands: medium-dark skin tone <3 hands love you people body
🫶🏿	أيدي متشابكة على شكل قلب: بشرة بلون غامق أحبك قلب حب يدان أشخاص جسم	heart hands: dark skin tone <3 hands love you people body
👐	يدان مفتوحتان إثارة تحمس حماس عبطة عبوطة علامة فتح اليدين غمرة متحمس مشوق مفتوح مفتوحة يد أشخاص جسم	open hands hand hug jazz swerve people body
👐🏻	يدان مفتوحتان: بشرة بلون فاتح إثارة تحمس حماس عبطة عبوطة علامة فتح اليدين غمرة متحمس مشوق مفتوح مفتوحة يد مفتوحتان أشخاص جسم	open hands: light skin tone hand hands hug jazz swerve people body
👐🏼	يدان مفتوحتان: بشرة بلون فاتح ومعتدل إثارة تحمس حماس عبطة عبوطة علامة فتح اليدين غمرة متحمس مشوق مفتوح مفتوحة يد مفتوحتان أشخاص جسم	open hands: medium-light skin tone hand hands hug jazz swerve people body
👐🏽	يدان مفتوحتان: بشرة بلون معتدل إثارة تحمس حماس عبطة عبوطة علامة فتح اليدين غمرة متحمس مشوق مفتوح مفتوحة يد مفتوحتان أشخاص جسم	open hands: medium skin tone hand hands hug jazz swerve people body
👐🏾	يدان مفتوحتان: بشرة بلون معتدل مائل للغامق إثارة تحمس حماس عبطة عبوطة علامة فتح اليدين غمرة متحمس مشوق مفتوح مفتوحة يد مفتوحتان أشخاص جسم	open hands: medium-dark skin tone hand hands hug jazz swerve people body
👐🏿	يدان مفتوحتان: بشرة بلون غامق إثارة تحمس حماس عبطة عبوطة علامة فتح اليدين غمرة متحمس مشوق مفتوح مفتوحة يد مفتوحتان أشخاص جسم	open hands: dark skin tone hand hands hug jazz swerve people body
🤲	راحتان مفتوحتان أتمنى أمنية استخارة دعاء دعوات صلاة يد يدان تصليان أشخاص جسم	palms up together cupped dua hands pray prayer wish people body
🤲🏻	راحتان مفتوحتان: بشرة بلون فاتح أتمنى أمنية استخارة دعاء دعوات مفتوحتان صلاة يد يدان تصليان أشخاص جسم	palms up together: light skin tone cupped dua hands pray prayer together wish people body
🤲🏼	راحتان مفتوحتان: بشرة بلون فاتح ومعتدل أتمنى أمنية استخارة دعاء دعوات مفتوحتان صلاة يد يدان تصليان أشخاص جسم	palms up together: medium-light skin tone cupped dua hands pray prayer together wish people body
🤲🏽	راحتان مفتوحتان: بشرة بلون معتدل أتمنى أمنية استخارة دعاء دعوات مفتوحتان صلاة يد يدان تصليان أشخاص جسم	palms up together: medium skin tone cupped dua hands pray prayer together wish people body
🤲🏾	راحتان مفتوحتان: بشرة بلون معتدل مائل للغامق أتمنى أمنية استخارة دعاء دعوات مفتوحتان صلاة يد يدان تصليان أشخاص جسم	palms up together: medium-dark skin tone cupped dua hands pray prayer together wish people body
🤲🏿	راحتان مفتوحتان: بشرة بلون غامق أتمنى أمنية استخارة دعاء دعوات مفتوحتان صلاة يد يدان تصليان أشخاص جسم	palms up together: dark skin tone cupped dua hands pray prayer together wish people body
🤝	مصافحة اتفاق اجتماع صفقة يد أشخاص جسم	handshake agreement deal hand meeting shake people body
🤝🏻	مصافحة: بشرة بلون فاتح اتفاق اجتماع صفقة مصافحة يد أشخاص جسم	handshake: light skin tone agreement deal hand handshake meeting shake people body
🤝🏼	مصافحة: بشرة بلون فاتح ومعتدل اتفاق اجتماع صفقة مصافحة يد أشخاص جسم	handshake: medium-light skin tone agreement deal hand handshake meeting shake people body
🤝🏽	مصافحة: بشرة بلون معتدل اتفاق اجتماع صفقة مصافحة يد أشخاص جسم	handshake: medium skin tone agreement deal hand handshake meeting shake people body
🤝🏾	مصافحة: بشرة بلون معتدل مائل للغامق اتفاق اجتماع صفقة مصافحة يد أشخاص جسم	handshake: medium-dark skin tone agreement deal hand handshake meeting shake people body
🤝🏿	مصافحة: بشرة بلون غامق اتفاق اجتماع صفقة مصافحة يد أشخاص جسم	handshake: dark skin tone agreement deal hand handshake meeting shake people body
🫱🏻‍🫲🏼	مصافحة: بشرة بلون فاتح وبشرة ومعتدل اتفاق اجتماع صفقة مصافحة يد أشخاص جسم	handshake: light skin tone, medium-light tone agreement deal hand handshake meeting shake people body
🫱🏻‍🫲🏽	مصافحة: بشرة بلون فاتح وبشرة معتدل اتفاق اجتماع صفقة مصافحة يد أشخاص جسم	handshake: light skin tone, medium tone agreement deal hand handshake meeting shake people body
🫱🏻‍🫲🏾	مصافحة: بشرة بلون فاتح وبشرة معتدل مائل للغامق اتفاق اجتماع صفقة مصافحة يد أشخاص جسم	handshake: light skin tone, medium-dark tone agreement deal hand handshake meeting shake people body
🫱🏻‍🫲🏿	مصافحة: بشرة بلون فاتح وبشرة غامق اتفاق اجتماع صفقة مصافحة يد أشخاص جسم	handshake: light skin tone, dark tone agreement deal hand handshake meeting shake people body
🫱🏼‍🫲🏻	مصافحة: بشرة بلون فاتح ومعتدل وبشرة اتفاق اجتماع صفقة مصافحة يد أشخاص جسم	handshake: medium-light skin tone, light tone agreement deal hand handshake meeting shake people body
🫱🏼‍🫲🏽	مصافحة: بشرة بلون فاتح ومعتدل وبشرة معتدل اتفاق اجتماع صفقة مصافحة يد أشخاص جسم	handshake: medium-light skin tone, medium tone agreement deal hand handshake meeting shake people body
🫱🏼‍🫲🏾	مصافحة: بشرة بلون فاتح ومعتدل وبشرة معتدل مائل للغامق اتفاق اجتماع صفقة مصافحة يد أشخاص جسم	handshake: medium-light skin tone, medium-dark tone agreement deal hand handshake meeting shake people body
🫱🏼‍🫲🏿	مصافحة: بشرة بلون فاتح ومعتدل وبشرة غامق اتفاق اجتماع صفقة مصافحة يد أشخاص جسم	handshake: medium-light skin tone, dark tone agreement deal hand handshake meeting shake people body
🫱🏽‍🫲🏻	مصافحة: بشرة بلون معتدل وبشرة فاتح اتفاق اجتماع صفقة مصافحة يد أشخاص جسم	handshake: medium skin tone, light tone agreement deal hand handshake meeting shake people body
🫱🏽‍🫲🏼	مصافحة: بشرة بلون معتدل وبشرة فاتح ومعتدل اتفاق اجتماع صفقة مصافحة يد أشخاص جسم	handshake: medium skin tone, medium-light tone agreement deal hand handshake meeting shake people body
🫱🏽‍🫲🏾	مصافحة: بشرة بلون معتدل وبشرة مائل للغامق اتفاق اجتماع صفقة مصافحة يد أشخاص جسم	handshake: medium skin tone, medium-dark tone agreement deal hand handshake meeting shake people body
🫱🏽‍🫲🏿	مصافحة: بشرة بلون معتدل وبشرة غامق اتفاق اجتماع صفقة مصافحة يد أشخاص جسم	handshake: medium skin tone, dark tone agreement deal hand handshake meeting shake people body
🫱🏾‍🫲🏻	مصافحة: بشرة بلون معتدل مائل للغامق وبشرة فاتح اتفاق اجتماع صفقة مصافحة يد أشخاص جسم	handshake: medium-dark skin tone, light tone agreement deal hand handshake meeting shake people body
🫱🏾‍🫲🏼	مصافحة: بشرة بلون معتدل مائل للغامق وبشرة فاتح ومعتدل اتفاق اجتماع صفقة مصافحة يد أشخاص جسم	handshake: medium-dark skin tone, medium-light tone agreement deal hand handshake meeting shake people body
🫱🏾‍🫲🏽	مصافحة: بشرة بلون معتدل مائل للغامق وبشرة اتفاق اجتماع صفقة مصافحة يد أشخاص جسم	handshake: medium-dark skin tone, medium tone agreement deal hand handshake meeting shake people body
🫱🏾‍🫲🏿	مصافحة: بشرة بلون معتدل مائل للغامق وبشرة غامق اتفاق اجتماع صفقة مصافحة يد أشخاص جسم	handshake: medium-dark skin tone, dark tone agreement deal hand handshake meeting shake people body
🫱🏿‍🫲🏻	مصافحة: بشرة بلون غامق وبشرة فاتح اتفاق اجتماع صفقة مصافحة يد أشخاص جسم	handshake: dark skin tone, light tone agreement deal hand handshake meeting shake people body
🫱🏿‍🫲🏼	مصافحة: بشرة بلون غامق وبشرة فاتح ومعتدل اتفاق اجتماع صفقة مصافحة يد أشخاص جسم	handshake: dark skin tone, medium-light tone agreement deal hand handshake meeting shake people body
🫱🏿‍🫲🏽	مصافحة: بشرة بلون غامق وبشرة معتدل اتفاق اجتماع صفقة مصافحة يد أشخاص جسم	handshake: dark skin tone, medium tone agreement deal hand handshake meeting shake people body
🫱🏿‍🫲🏾	مصافحة: بشرة بلون غامق وبشرة معتدل مائل للغامق اتفاق اجتماع صفقة مصافحة يد أشخاص جسم	handshake: dark skin tone, medium-dark tone agreement deal hand handshake meeting shake people body
🙏	يدان مضمومتان آمين أداء صلاة أنشاء الله إشارة إنشالله استخارة ان شاء تأشير تصلي شكراً مبارك مشكور ممتن يتضرع يد يصلي أشخاص جسم	folded hands appreciate ask beg blessed bow cmon five gesture hand high please pray thanks thx people body
🙏🏻	يدان مضمومتان: بشرة بلون فاتح آمين أداء صلاة أنشاء الله إشارة إنشالله استخارة ان شاء تأشير تصلي شكراً مبارك مشكور ممتن يتضرع يد مضمومتان يصلي أشخاص جسم	folded hands: light skin tone appreciate ask beg blessed bow cmon five gesture hand high please pray thanks thx people body
🙏🏼	يدان مضمومتان: بشرة بلون فاتح ومعتدل آمين أداء صلاة أنشاء الله إشارة إنشالله استخارة ان شاء تأشير تصلي شكراً مبارك مشكور ممتن يتضرع يد مضمومتان يصلي أشخاص جسم	folded hands: medium-light skin tone appreciate ask beg blessed bow cmon five gesture hand high please pray thanks thx people body
🙏🏽	يدان مضمومتان: بشرة بلون معتدل آمين أداء صلاة أنشاء الله إشارة إنشالله استخارة ان شاء تأشير تصلي شكراً مبارك مشكور ممتن يتضرع يد مضمومتان يصلي أشخاص جسم	folded hands: medium skin tone appreciate ask beg blessed bow cmon five gesture hand high please pray thanks thx people body
🙏🏾	يدان مضمومتان: بشرة بلون معتدل مائل للغامق آمين أداء صلاة أنشاء الله إشارة إنشالله استخارة ان شاء تأشير تصلي شكراً مبارك مشكور ممتن يتضرع يد مضمومتان يصلي أشخاص جسم	folded hands: medium-dark skin tone appreciate ask beg blessed bow cmon five gesture hand high please pray thanks thx people body
🙏🏿	يدان مضمومتان: بشرة بلون غامق آمين أداء صلاة أنشاء الله إشارة إنشالله استخارة ان شاء تأشير تصلي شكراً مبارك مشكور ممتن يتضرع يد مضمومتان يصلي أشخاص جسم	folded hands: dark skin tone appreciate ask beg blessed bow cmon five gesture hand high please pray thanks thx people body
✍️	يد تكتب اكتب كتابة كاتبة يكتب أشخاص جسم	writing hand write people body
✍🏻	يد تكتب: بشرة بلون فاتح اكتب تكتب كتابة كاتبة يكتب أشخاص جسم	writing hand: light skin tone hand write people body
✍🏼	يد تكتب: بشرة بلون فاتح ومعتدل اكتب تكتب كتابة كاتبة يكتب أشخاص جسم	writing hand: medium-light skin tone hand write people body
✍🏽	يد تكتب: بشرة بلون معتدل اكتب تكتب كتابة كاتبة يكتب أشخاص جسم	writing hand: medium skin tone hand write people body
✍🏾	يد تكتب: بشرة بلون معتدل مائل للغامق اكتب تكتب كتابة كاتبة يكتب أشخاص جسم	writing hand: medium-dark skin tone hand write people body
✍🏿	يد تكتب: بشرة بلون غامق اكتب تكتب كتابة كاتبة يكتب أشخاص جسم	writing hand: dark skin tone hand write people body
💅	طلاء أظافر إكلادور تجميل تهذيب زهق زهقانة ضفير مانكير مانيكور مستحضرات مناكير منكير أشخاص جسم	nail polish bored care cosmetics done makeup manicure whatever people body
💅🏻	طلاء أظافر: بشرة بلون فاتح أظافر إكلادور تجميل تهذيب زهق زهقانة ضفير مانكير مانيكور مستحضرات مناكير منكير أشخاص جسم	nail polish: light skin tone bored care cosmetics done makeup manicure polish whatever people body
💅🏼	طلاء أظافر: بشرة بلون فاتح ومعتدل أظافر إكلادور تجميل تهذيب زهق زهقانة ضفير مانكير مانيكور مستحضرات مناكير منكير أشخاص جسم	nail polish: medium-light skin tone bored care cosmetics done makeup manicure polish whatever people body
💅🏽	طلاء أظافر: بشرة بلون معتدل أظافر إكلادور تجميل تهذيب زهق زهقانة ضفير مانكير مانيكور مستحضرات مناكير منكير أشخاص جسم	nail polish: medium skin tone bored care cosmetics done makeup manicure polish whatever people body
💅🏾	طلاء أظافر: بشرة بلون معتدل مائل للغامق أظافر إكلادور تجميل تهذيب زهق زهقانة ضفير مانكير مانيكور مستحضرات مناكير منكير أشخاص جسم	nail polish: medium-dark skin tone bored care cosmetics done makeup manicure polish whatever people body
💅🏿	طلاء أظافر: بشرة بلون غامق أظافر إكلادور تجميل تهذيب زهق زهقانة ضفير مانكير مانيكور مستحضرات مناكير منكير أشخاص جسم	nail polish: dark skin tone bored care cosmetics done makeup manicure polish whatever people body
🤳	صورة سيلفي ذاتية ذاتيىة كاميرا موبايل هاتف أشخاص جسم	selfie camera phone people body
🤳🏻	صورة سيلفي: بشرة بلون فاتح سيلفي ذاتية ذاتيىة كاميرا موبايل هاتف أشخاص جسم	selfie: light skin tone camera phone selfie people body
🤳🏼	صورة سيلفي: بشرة بلون فاتح ومعتدل سيلفي ذاتية ذاتيىة كاميرا موبايل هاتف أشخاص جسم	selfie: medium-light skin tone camera phone selfie people body
🤳🏽	صورة سيلفي: بشرة بلون معتدل سيلفي ذاتية ذاتيىة كاميرا موبايل هاتف أشخاص جسم	selfie: medium skin tone camera phone selfie people body
🤳🏾	صورة سيلفي: بشرة بلون معتدل مائل للغامق سيلفي ذاتية ذاتيىة كاميرا موبايل هاتف أشخاص جسم	selfie: medium-dark skin tone camera phone selfie people body
🤳🏿	صورة سيلفي: بشرة بلون غامق سيلفي ذاتية ذاتيىة كاميرا موبايل هاتف أشخاص جسم	selfie: dark skin tone camera phone selfie people body
💪	عضلة الذراع تمارين جيم حامل أثقال رفع الأوزان رياضة عضلات قوة قوي قوية مرنة هزل أشخاص جسم	flexed biceps arm beast bench bodybuilder bro curls flex gains gym jacked muscle press ripped strong weightlift people body
💪🏻	عضلة الذراع: بشرة بلون فاتح تمارين جيم حامل أثقال رفع الأوزان رياضة عضلات الذراع قوة قوي قوية مرنة هزل أشخاص جسم	flexed biceps: light skin tone arm beast bench biceps bodybuilder bro curls flex gains gym jacked muscle press ripped strong weightlift people body
💪🏼	عضلة الذراع: بشرة بلون فاتح ومعتدل تمارين جيم حامل أثقال رفع الأوزان رياضة عضلات الذراع قوة قوي قوية مرنة هزل أشخاص جسم	flexed biceps: medium-light skin tone arm beast bench biceps bodybuilder bro curls flex gains gym jacked muscle press ripped strong weightlift people body
💪🏽	عضلة الذراع: بشرة بلون معتدل تمارين جيم حامل أثقال رفع الأوزان رياضة عضلات الذراع قوة قوي قوية مرنة هزل أشخاص جسم	flexed biceps: medium skin tone arm beast bench biceps bodybuilder bro curls flex gains gym jacked muscle press ripped strong weightlift people body
💪🏾	عضلة الذراع: بشرة بلون معتدل مائل للغامق تمارين جيم حامل أثقال رفع الأوزان رياضة عضلات الذراع قوة قوي قوية مرنة هزل أشخاص جسم	flexed biceps: medium-dark skin tone arm beast bench biceps bodybuilder bro curls flex gains gym jacked muscle press ripped strong weightlift people body
💪🏿	عضلة الذراع: بشرة بلون غامق تمارين جيم حامل أثقال رفع الأوزان رياضة عضلات الذراع قوة قوي قوية مرنة هزل أشخاص جسم	flexed biceps: dark skin tone arm beast bench biceps bodybuilder bro curls flex gains gym jacked muscle press ripped strong weightlift people body
🦾	ذراع اصطناعية إمكانية الوصول احتياجات خاصة ترقيع صناعية روبوت طرف صناعي يد أشخاص جسم	mechanical arm accessibility prosthetic people body
🦿	ساق اصطناعية إمكانية الوصول احتياجات خاصة ترقيع رجل ركلة روبوت صناعية طرف صناعي أشخاص جسم	mechanical leg accessibility prosthetic people body
🦵	ساق رجل رِجل ركبة ركل ركلة طرف فخذ قدم وِرك أشخاص جسم	leg bent foot kick knee limb people body
🦵🏻	ساق: بشرة بلون فاتح رجل رِجل ركبة ركل ركلة ساق طرف فخذ قدم وِرك أشخاص جسم	leg: light skin tone bent foot kick knee leg limb people body
🦵🏼	ساق: بشرة بلون فاتح ومعتدل رجل رِجل ركبة ركل ركلة ساق طرف فخذ قدم وِرك أشخاص جسم	leg: medium-light skin tone bent foot kick knee leg limb people body
🦵🏽	ساق: بشرة بلون معتدل رجل رِجل ركبة ركل ركلة ساق طرف فخذ قدم وِرك أشخاص جسم	leg: medium skin tone bent foot kick knee leg limb people body
🦵🏾	ساق: بشرة بلون معتدل مائل للغامق رجل رِجل ركبة ركل ركلة ساق طرف فخذ قدم وِرك أشخاص جسم	leg: medium-dark skin tone bent foot kick knee leg limb people body
🦵🏿	ساق: بشرة بلون غامق رجل رِجل ركبة ركل ركلة ساق طرف فخذ قدم وِرك أشخاص جسم	leg: dark skin tone bent foot kick knee leg limb people body
🦶	قدم أقدام تعثر دس رِجل رفسة ركل ركلة شَلوت شوطة عقب كاحل كعب مفصل أشخاص جسم	foot ankle feet kick stomp people body
🦶🏻	قدم: بشرة بلون فاتح أقدام تعثر دس رِجل رفسة ركل ركلة شَلوت شوطة عقب قدم كاحل كعب مفصل أشخاص جسم	foot: light skin tone ankle feet foot kick stomp people body
🦶🏼	قدم: بشرة بلون فاتح ومعتدل أقدام تعثر دس رِجل رفسة ركل ركلة شَلوت شوطة عقب قدم كاحل كعب مفصل أشخاص جسم	foot: medium-light skin tone ankle feet foot kick stomp people body
🦶🏽	قدم: بشرة بلون معتدل أقدام تعثر دس رِجل رفسة ركل ركلة شَلوت شوطة عقب قدم كاحل كعب مفصل أشخاص جسم	foot: medium skin tone ankle feet foot kick stomp people body
🦶🏾	قدم: بشرة بلون معتدل مائل للغامق أقدام تعثر دس رِجل رفسة ركل ركلة شَلوت شوطة عقب قدم كاحل كعب مفصل أشخاص جسم	foot: medium-dark skin tone ankle feet foot kick stomp people body
🦶🏿	قدم: بشرة بلون غامق أقدام تعثر دس رِجل رفسة ركل ركلة شَلوت شوطة عقب قدم كاحل كعب مفصل أشخاص جسم	foot: dark skin tone ankle feet foot kick stomp people body
👂	أذن استماع استمع جسم دينة سمع صوت أشخاص	ear body ears hear hearing listen listening sound people
👂🏻	أذن: بشرة بلون فاتح أذن استماع استمع جسم دينة سمع صوت أشخاص	ear: light skin tone body ear ears hear hearing listen listening sound people
👂🏼	أذن: بشرة بلون فاتح ومعتدل أذن استماع استمع جسم دينة سمع صوت أشخاص	ear: medium-light skin tone body ear ears hear hearing listen listening sound people
👂🏽	أذن: بشرة بلون معتدل أذن استماع استمع جسم دينة سمع صوت أشخاص	ear: medium skin tone body ear ears hear hearing listen listening sound people
👂🏾	أذن: بشرة بلون معتدل مائل للغامق أذن استماع استمع جسم دينة سمع صوت أشخاص	ear: medium-dark skin tone body ear ears hear hearing listen listening sound people
👂🏿	أذن: بشرة بلون غامق أذن استماع استمع جسم دينة سمع صوت أشخاص	ear: dark skin tone body ear ears hear hearing listen listening sound people
🦻	أذن مع جهاز سمعي أداة سمع إمكانية الوصول احتياجات خاصة سماعة ضعف السمع ضعيف طب مساعدة سمعية وجه أشخاص جسم	ear with hearing aid accessibility hard people body
🦻🏻	أذن مع جهاز سمعي: بشرة بلون فاتح أداة سمع سمعي إمكانية الوصول احتياجات خاصة سماعة ضعف السمع ضعيف طب مساعدة سمعية وجه أشخاص جسم	ear with hearing aid: light skin tone accessibility aid hard people body
🦻🏼	أذن مع جهاز سمعي: بشرة بلون فاتح ومعتدل أداة سمع سمعي إمكانية الوصول احتياجات خاصة سماعة ضعف السمع ضعيف طب مساعدة سمعية وجه أشخاص جسم	ear with hearing aid: medium-light skin tone accessibility aid hard people body
🦻🏽	أذن مع جهاز سمعي: بشرة بلون معتدل أداة سمع سمعي إمكانية الوصول احتياجات خاصة سماعة ضعف السمع ضعيف طب مساعدة سمعية وجه أشخاص جسم	ear with hearing aid: medium skin tone accessibility aid hard people body
🦻🏾	أذن مع جهاز سمعي: بشرة بلون معتدل مائل للغامق أداة سمع سمعي إمكانية الوصول احتياجات خاصة سماعة ضعف السمع ضعيف طب مساعدة سمعية وجه أشخاص جسم	ear with hearing aid: medium-dark skin tone accessibility aid hard people body
🦻🏿	أذن مع جهاز سمعي: بشرة بلون غامق أداة سمع سمعي إمكانية الوصول احتياجات خاصة سماعة ضعف السمع ضعيف طب مساعدة سمعية وجه أشخاص جسم	ear with hearing aid: dark skin tone accessibility aid hard people body
👃	أنف جسم حشري حشور خشم رائحة شم منخار منخور وجه أشخاص	nose body noses nosey odor smell smells people
👃🏻	أنف: بشرة بلون فاتح أنف جسم حشري حشور خشم رائحة شم منخار منخور وجه أشخاص	nose: light skin tone body nose noses nosey odor smell smells people
👃🏼	أنف: بشرة بلون فاتح ومعتدل أنف جسم حشري حشور خشم رائحة شم منخار منخور وجه أشخاص	nose: medium-light skin tone body nose noses nosey odor smell smells people
👃🏽	أنف: بشرة بلون معتدل أنف جسم حشري حشور خشم رائحة شم منخار منخور وجه أشخاص	nose: medium skin tone body nose noses nosey odor smell smells people
👃🏾	أنف: بشرة بلون معتدل مائل للغامق أنف جسم حشري حشور خشم رائحة شم منخار منخور وجه أشخاص	nose: medium-dark skin tone body nose noses nosey odor smell smells people
👃🏿	أنف: بشرة بلون غامق أنف جسم حشري حشور خشم رائحة شم منخار منخور وجه أشخاص	nose: dark skin tone body nose noses nosey odor smell smells people
🧠	دماغ حاذق ذكي مخ نخاع أشخاص جسم	brain intelligent smart people body
🫀	عضو القلب إنسان تشريح جسم دقات طب طبيب قلب حقيقي مشاعر نبض وسط أشخاص	anatomical heart beat cardiology heartbeat organ pulse real red people body
🫁	رئتان تنفّس جسم جهاز التنفس زفير شهيق عضو هواء نقي أشخاص	lungs breath breathe exhalation inhalation lung organ respiration people body
🦷	سن أبيض أسنان دكتور سِنان سِنَّ سنة سِنَّة ضرس طبيب لآليء لؤلؤ لؤلؤة لؤلؤي أشخاص جسم	tooth dentist pearly teeth white people body
🦴	عظمة ترقوة عضمة عظام عظم هيكل عظمي أشخاص جسم	bone bones skeleton wishbone people body
👀	عينان أعين بص تبحلق عيون نظر وجه يا إلهي يبحلق يبصبص أشخاص جسم	eyes body eye face googly look looking omg peep see seeing people
👁️	عين جسد عسلي أشخاص جسم	eye 1 body one people
👅	لسان جسم لحس لحسة لعق وجه أشخاص	tongue body lick slurp people
👄	فم براطم بوسة تقبيل جسم شفاف شفايف شفتان قبلة وجه أشخاص	mouth beauty body kiss kissing lips lipstick people
🫦	عض الشفاه أحمر شفاه إثارة خوف قبلة قلق متضايق متوتّر مشغول البال مغازلة أشخاص جسم	biting lip anxious bite fear flirt flirting kiss lipstick nervous sexy uncomfortable worried worry people body
👶	رضيع أطفال بيبي حامل حبل حبلة صغير طفل أشخاص جسم	baby babies children goo infant newborn pregnant young people body
👶🏻	رضيع: بشرة بلون فاتح أطفال بيبي حامل حبل حبلة رضيع صغير طفل أشخاص جسم	baby: light skin tone babies baby children goo infant newborn pregnant young people body
👶🏼	رضيع: بشرة بلون فاتح ومعتدل أطفال بيبي حامل حبل حبلة رضيع صغير طفل أشخاص جسم	baby: medium-light skin tone babies baby children goo infant newborn pregnant young people body
👶🏽	رضيع: بشرة بلون معتدل أطفال بيبي حامل حبل حبلة رضيع صغير طفل أشخاص جسم	baby: medium skin tone babies baby children goo infant newborn pregnant young people body
👶🏾	رضيع: بشرة بلون معتدل مائل للغامق أطفال بيبي حامل حبل حبلة رضيع صغير طفل أشخاص جسم	baby: medium-dark skin tone babies baby children goo infant newborn pregnant young people body
👶🏿	رضيع: بشرة بلون غامق أطفال بيبي حامل حبل حبلة رضيع صغير طفل أشخاص جسم	baby: dark skin tone babies baby children goo infant newborn pregnant young people body
🧒	طفل حفيد صغير ولد أشخاص جسم	child bright-eyed grandchild kid young younger people body
🧒🏻	طفل: بشرة بلون فاتح حفيد صغير طفل ولد أشخاص جسم	child: light skin tone bright-eyed child grandchild kid young younger people body
🧒🏼	طفل: بشرة بلون فاتح ومعتدل حفيد صغير طفل ولد أشخاص جسم	child: medium-light skin tone bright-eyed child grandchild kid young younger people body
🧒🏽	طفل: بشرة بلون معتدل حفيد صغير طفل ولد أشخاص جسم	child: medium skin tone bright-eyed child grandchild kid young younger people body
🧒🏾	طفل: بشرة بلون معتدل مائل للغامق حفيد صغير طفل ولد أشخاص جسم	child: medium-dark skin tone bright-eyed child grandchild kid young younger people body
🧒🏿	طفل: بشرة بلون غامق حفيد صغير طفل ولد أشخاص جسم	child: dark skin tone bright-eyed child grandchild kid young younger people body
👦	صبي ذكر شاب شب ولد أشخاص جسم	boy bright-eyed child grandson kid son young younger people body
👦🏻	صبي: بشرة بلون فاتح ذكر شاب شب صبي ولد أشخاص جسم	boy: light skin tone boy bright-eyed child grandson kid son young younger people body
👦🏼	صبي: بشرة بلون فاتح ومعتدل ذكر شاب شب صبي ولد أشخاص جسم	boy: medium-light skin tone boy bright-eyed child grandson kid son young younger people body
👦🏽	صبي: بشرة بلون معتدل ذكر شاب شب صبي ولد أشخاص جسم	boy: medium skin tone boy bright-eyed child grandson kid son young younger people body
👦🏾	صبي: بشرة بلون معتدل مائل للغامق ذكر شاب شب صبي ولد أشخاص جسم	boy: medium-dark skin tone boy bright-eyed child grandson kid son young younger people body
👦🏿	صبي: بشرة بلون غامق ذكر شاب شب صبي ولد أشخاص جسم	boy: dark skin tone boy bright-eyed child grandson kid son young younger people body
👧	فتاة أنثى إبنة بنت بنتوتة بنوتة بنية سيدة شابة شعر مربوط طفلة أشخاص جسم	girl bright-eyed child daughter granddaughter kid Virgo young younger zodiac people body
👧🏻	فتاة: بشرة بلون فاتح أنثى إبنة بنت بنتوتة بنوتة بنية سيدة شابة شعر مربوط طفلة فتاة أشخاص جسم	girl: light skin tone bright-eyed child daughter girl granddaughter kid Virgo young younger zodiac people body
👧🏼	فتاة: بشرة بلون فاتح ومعتدل أنثى إبنة بنت بنتوتة بنوتة بنية سيدة شابة شعر مربوط طفلة فتاة أشخاص جسم	girl: medium-light skin tone bright-eyed child daughter girl granddaughter kid Virgo young younger zodiac people body
👧🏽	فتاة: بشرة بلون معتدل أنثى إبنة بنت بنتوتة بنوتة بنية سيدة شابة شعر مربوط طفلة فتاة أشخاص جسم	girl: medium skin tone bright-eyed child daughter girl granddaughter kid Virgo young younger zodiac people body
👧🏾	فتاة: بشرة بلون معتدل مائل للغامق أنثى إبنة بنت بنتوتة بنوتة بنية سيدة شابة شعر مربوط طفلة فتاة أشخاص جسم	girl: medium-dark skin tone bright-eyed child daughter girl granddaughter kid Virgo young younger zodiac people body
👧🏿	فتاة: بشرة بلون غامق أنثى إبنة بنت بنتوتة بنوتة بنية سيدة شابة شعر مربوط طفلة فتاة أشخاص جسم	girl: dark skin tone bright-eyed child daughter girl granddaughter kid Virgo young younger zodiac people body
🧑	بالغ راشد شخص كبير وجه أشخاص جسم	person adult people body
🧑🏻	بالغ: بشرة بلون فاتح بالغ راشد شخص كبير وجه أشخاص جسم	person: light skin tone adult person people body
🧑🏼	بالغ: بشرة بلون فاتح ومعتدل بالغ راشد شخص كبير وجه أشخاص جسم	person: medium-light skin tone adult person people body
🧑🏽	بالغ: بشرة بلون معتدل بالغ راشد شخص كبير وجه أشخاص جسم	person: medium skin tone adult person people body
🧑🏾	بالغ: بشرة بلون معتدل مائل للغامق بالغ راشد شخص كبير وجه أشخاص جسم	person: medium-dark skin tone adult person people body
🧑🏿	بالغ: بشرة بلون غامق بالغ راشد شخص كبير وجه أشخاص جسم	person: dark skin tone adult person people body
👱	شخص أشقر أشخاص إنسان رجل شعر قصة وجه جسم	person: blond hair blond-haired human person people body
👱🏻	شخص أشقر: بشرة بلون فاتح أشخاص أشقر إنسان رجل شعر قصة وجه جسم	person: light skin tone, blond hair blond-haired human tone person people body
👱🏼	شخص أشقر: بشرة بلون فاتح ومعتدل أشخاص أشقر إنسان رجل شعر قصة وجه جسم	person: medium-light skin tone, blond hair blond-haired human tone person people body
👱🏽	شخص أشقر: بشرة بلون معتدل أشخاص أشقر إنسان رجل شعر قصة وجه جسم	person: medium skin tone, blond hair blond-haired human tone person people body
👱🏾	شخص أشقر: بشرة بلون معتدل مائل للغامق أشخاص أشقر إنسان رجل شعر قصة وجه جسم	person: medium-dark skin tone, blond hair blond-haired human tone person people body
👱🏿	شخص أشقر: بشرة بلون غامق أشخاص أشقر إنسان رجل شعر قصة وجه جسم	person: dark skin tone, blond hair blond-haired tone human person people body
👨	رجل أخ اشقر بالغ خي رجال شب شخص صاحب صبي صديق كبير أشخاص جسم	man adult bro people body
👨🏻	رجل: بشرة بلون فاتح أخ اشقر بالغ خي رجال رجل شب شخص صاحب صبي صديق كبير أشخاص جسم	man: light skin tone adult bro man people body
👨🏼	رجل: بشرة بلون فاتح ومعتدل أخ اشقر بالغ خي رجال رجل شب شخص صاحب صبي صديق كبير أشخاص جسم	man: medium-light skin tone adult bro man people body
👨🏽	رجل: بشرة بلون معتدل أخ اشقر بالغ خي رجال رجل شب شخص صاحب صبي صديق كبير أشخاص جسم	man: medium skin tone adult bro man people body
👨🏾	رجل: بشرة بلون معتدل مائل للغامق أخ اشقر بالغ خي رجال رجل شب شخص صاحب صبي صديق كبير أشخاص جسم	man: medium-dark skin tone adult bro man people body
👨🏿	رجل: بشرة بلون غامق أخ اشقر بالغ خي رجال رجل شب شخص صاحب صبي صديق كبير أشخاص جسم	man: dark skin tone adult bro man people body
🧔	شخص بلحية دقن مع لحية ملتحي أشخاص جسم	person: beard bearded person whiskers people body
🧔🏻	شخص بلحية: بشرة بلون فاتح دقن بلحية مع لحية ملتحي أشخاص جسم	person: light skin tone, beard bearded tone person whiskers people body
🧔🏼	شخص بلحية: بشرة بلون فاتح ومعتدل دقن بلحية مع لحية ملتحي أشخاص جسم	person: medium-light skin tone, beard bearded tone person whiskers people body
🧔🏽	شخص بلحية: بشرة بلون معتدل دقن بلحية مع لحية ملتحي أشخاص جسم	person: medium skin tone, beard bearded tone person whiskers people body
🧔🏾	شخص بلحية: بشرة بلون معتدل مائل للغامق دقن بلحية مع لحية ملتحي أشخاص جسم	person: medium-dark skin tone, beard bearded tone person whiskers people body
🧔🏿	شخص بلحية: بشرة بلون غامق دقن بلحية مع لحية ملتحي أشخاص جسم	person: dark skin tone, beard bearded tone person whiskers people body
🧔‍♂️	رجل بلحية مع لحية أشخاص جسم	man: beard bearded man whiskers people body
🧔🏻‍♂️	رجل بلحية مع لحية أشخاص جسم	man: light skin tone, beard bearded man whiskers people body
🧔🏼‍♂️	رجل بلحية مع لحية أشخاص جسم	man: medium-light skin tone, beard light bearded man whiskers people body
🧔🏽‍♂️	رجل بلحية مع لحية أشخاص جسم	man: medium skin tone, beard medium-light light bearded man whiskers people body
🧔🏾‍♂️	رجل بلحية مع لحية أشخاص جسم	man: medium-dark skin tone, beard medium medium-light light bearded man whiskers people body
🧔🏿‍♂️	رجل بلحية مع لحية أشخاص جسم	man: dark skin tone, beard medium-dark medium medium-light light bearded man whiskers people body
🧔‍♀️	امرأة بلحية مع لحية أشخاص جسم	woman: beard bearded whiskers woman people body
🧔🏻‍♀️	امرأة بلحية مع لحية أشخاص جسم	woman: light skin tone, beard bearded whiskers woman people body
🧔🏼‍♀️	امرأة بلحية مع لحية أشخاص جسم	woman: medium-light skin tone, beard light bearded whiskers woman people body
🧔🏽‍♀️	امرأة بلحية مع لحية أشخاص جسم	woman: medium skin tone, beard medium-light light bearded whiskers woman people body
🧔🏾‍♀️	امرأة بلحية مع لحية أشخاص جسم	woman: medium-dark skin tone, beard medium medium-light light bearded whiskers woman people body
🧔🏿‍♀️	امرأة بلحية مع لحية أشخاص جسم	woman: dark skin tone, beard medium-dark medium medium-light light bearded whiskers woman people body
👨‍🦰	رجل: شعر أحمر أخ اشقر بالغ خي رجال رجل شب شخص صاحب صبي صديق كبير أشخاص جسم	man: red hair adult bro man people body
👨🏻‍🦰	رجل: بشرة بلون فاتح وشعر أحمر أخ اشقر بالغ خي رجال رجل شب شخص شعر صاحب صبي صديق كبير أشخاص جسم	man: light skin tone, red hair adult bro tone man people body
👨🏼‍🦰	رجل: بشرة بلون فاتح ومعتدل وشعر أحمر أخ اشقر بالغ خي رجال رجل شب شخص شعر صاحب صبي صديق كبير أشخاص جسم	man: medium-light skin tone, red hair adult bro man tone people body
👨🏽‍🦰	رجل: بشرة بلون معتدل وشعر أحمر أخ اشقر بالغ خي رجال رجل شب شخص شعر صاحب صبي صديق كبير أشخاص جسم	man: medium skin tone, red hair adult bro man tone people body
👨🏾‍🦰	رجل: بشرة بلون معتدل مائل للغامق وشعر أحمر أخ اشقر بالغ خي رجال رجل شب شخص شعر صاحب صبي صديق كبير أشخاص جسم	man: medium-dark skin tone, red hair adult bro man tone people body
👨🏿‍🦰	رجل: بشرة بلون غامق وشعر أحمر أخ اشقر بالغ خي رجال رجل شب شخص شعر صاحب صبي صديق كبير أشخاص جسم	man: dark skin tone, red hair adult bro tone man people body
👨‍🦱	رجل: شعر مجعد أخ اشقر بالغ خي رجال رجل شب شخص صاحب صبي صديق كبير أشخاص جسم	man: curly hair adult bro man people body
👨🏻‍🦱	رجل: بشرة بلون فاتح وشعر مجعد أخ اشقر بالغ خي رجال رجل شب شخص شعر صاحب صبي صديق كبير أشخاص جسم	man: light skin tone, curly hair adult bro tone man people body
👨🏼‍🦱	رجل: بشرة بلون فاتح ومعتدل وشعر مجعد أخ اشقر بالغ خي رجال رجل شب شخص شعر صاحب صبي صديق كبير أشخاص جسم	man: medium-light skin tone, curly hair adult bro man tone people body
👨🏽‍🦱	رجل: بشرة بلون معتدل وشعر مجعد أخ اشقر بالغ خي رجال رجل شب شخص شعر صاحب صبي صديق كبير أشخاص جسم	man: medium skin tone, curly hair adult bro man tone people body
👨🏾‍🦱	رجل: بشرة بلون معتدل مائل للغامق وشعر مجعد أخ اشقر بالغ خي رجال رجل شب شخص شعر صاحب صبي صديق كبير أشخاص جسم	man: medium-dark skin tone, curly hair adult bro man tone people body
👨🏿‍🦱	رجل: بشرة بلون غامق وشعر مجعد أخ اشقر بالغ خي رجال رجل شب شخص شعر صاحب صبي صديق كبير أشخاص جسم	man: dark skin tone, curly hair adult bro tone man people body
👨‍🦳	رجل: شعر أبيض أخ اشقر بالغ خي رجال رجل شب شخص صاحب صبي صديق كبير أشخاص جسم	man: white hair adult bro man people body
👨🏻‍🦳	رجل: بشرة بلون فاتح وشعر أبيض أخ اشقر بالغ خي رجال رجل شب شخص شعر صاحب صبي صديق كبير أشخاص جسم	man: light skin tone, white hair adult bro tone man people body
👨🏼‍🦳	رجل: بشرة بلون فاتح ومعتدل وشعر أبيض أخ اشقر بالغ خي رجال رجل شب شخص شعر صاحب صبي صديق كبير أشخاص جسم	man: medium-light skin tone, white hair adult bro man tone people body
👨🏽‍🦳	رجل: بشرة بلون معتدل وشعر أبيض أخ اشقر بالغ خي رجال رجل شب شخص شعر صاحب صبي صديق كبير أشخاص جسم	man: medium skin tone, white hair adult bro man tone people body
👨🏾‍🦳	رجل: بشرة بلون معتدل مائل للغامق وشعر أبيض أخ اشقر بالغ خي رجال رجل شب شخص شعر صاحب صبي صديق كبير أشخاص جسم	man: medium-dark skin tone, white hair adult bro man tone people body
👨🏿‍🦳	رجل: بشرة بلون غامق وشعر أبيض أخ اشقر بالغ خي رجال رجل شب شخص شعر صاحب صبي صديق كبير أشخاص جسم	man: dark skin tone, white hair adult bro tone man people body
👨‍🦲	رجل: أصلع أخ اشقر بالغ خي رجال رجل شب شخص صاحب صبي صديق كبير أشخاص جسم	man: bald adult bro man people body
👨🏻‍🦲	رجل: بشرة بلون فاتح وأصلع أخ أصلع اشقر بالغ خي رجال رجل شب شخص صاحب صبي صديق كبير أشخاص جسم	man: light skin tone, bald adult bro tone man people body
👨🏼‍🦲	رجل: بشرة بلون فاتح ومعتدل وأصلع أخ أصلع اشقر بالغ خي رجال رجل شب شخص صاحب صبي صديق كبير أشخاص جسم	man: medium-light skin tone, bald adult bro man tone people body
👨🏽‍🦲	رجل: بشرة بلون معتدل وأصلع أخ أصلع اشقر بالغ خي رجال رجل شب شخص صاحب صبي صديق كبير أشخاص جسم	man: medium skin tone, bald adult bro man tone people body
👨🏾‍🦲	رجل: بشرة بلون معتدل مائل للغامق وأصلع أخ أصلع اشقر بالغ خي رجال رجل شب شخص صاحب صبي صديق كبير أشخاص جسم	man: medium-dark skin tone, bald adult bro man tone people body
👨🏿‍🦲	رجل: بشرة بلون غامق وأصلع أخ أصلع اشقر بالغ خي رجال رجل شب شخص صاحب صبي صديق كبير أشخاص جسم	man: dark skin tone, bald adult bro tone man people body
👩	سيدة أشقر أنثى أنسة امرأة بالغة شخص شقراء قصة شعر كبيرة أشخاص جسم	woman adult lady people body
👩🏻	سيدة: بشرة بلون فاتح أشقر أنثى أنسة امرأة بالغة سيدة شخص شقراء قصة شعر كبيرة أشخاص جسم	woman: light skin tone adult lady woman people body
👩🏼	سيدة: بشرة بلون فاتح ومعتدل أشقر أنثى أنسة امرأة بالغة سيدة شخص شقراء قصة شعر كبيرة أشخاص جسم	woman: medium-light skin tone adult lady woman people body
👩🏽	سيدة: بشرة بلون معتدل أشقر أنثى أنسة امرأة بالغة سيدة شخص شقراء قصة شعر كبيرة أشخاص جسم	woman: medium skin tone adult lady woman people body
👩🏾	سيدة: بشرة بلون معتدل مائل للغامق أشقر أنثى أنسة امرأة بالغة سيدة شخص شقراء قصة شعر كبيرة أشخاص جسم	woman: medium-dark skin tone adult lady woman people body
👩🏿	سيدة: بشرة بلون غامق أشقر أنثى أنسة امرأة بالغة سيدة شخص شقراء قصة شعر كبيرة أشخاص جسم	woman: dark skin tone adult lady woman people body
👩‍🦰	سيدة: شعر أحمر أشقر أنثى أنسة امرأة بالغة سيدة شخص شقراء قصة كبيرة أشخاص جسم	woman: red hair adult lady woman people body
👩🏻‍🦰	سيدة: بشرة بلون فاتح وشعر أحمر أشقر أنثى أنسة امرأة بالغة سيدة شخص شعر شقراء قصة كبيرة أشخاص جسم	woman: light skin tone, red hair adult lady tone woman people body
👩🏼‍🦰	سيدة: بشرة بلون فاتح ومعتدل وشعر أحمر أشقر أنثى أنسة امرأة بالغة سيدة شخص شعر شقراء قصة كبيرة أشخاص جسم	woman: medium-light skin tone, red hair adult lady tone woman people body
👩🏽‍🦰	سيدة: بشرة بلون معتدل وشعر أحمر أشقر أنثى أنسة امرأة بالغة سيدة شخص شعر شقراء قصة كبيرة أشخاص جسم	woman: medium skin tone, red hair adult lady tone woman people body
👩🏾‍🦰	سيدة: بشرة بلون معتدل مائل للغامق وشعر أحمر أشقر أنثى أنسة امرأة بالغة سيدة شخص شعر شقراء قصة كبيرة أشخاص جسم	woman: medium-dark skin tone, red hair adult lady tone woman people body
👩🏿‍🦰	سيدة: بشرة بلون غامق وشعر أحمر أشقر أنثى أنسة امرأة بالغة سيدة شخص شعر شقراء قصة كبيرة أشخاص جسم	woman: dark skin tone, red hair adult tone lady woman people body
🧑‍🦰	بالغ: شعر أحمر بالغ راشد شخص كبير وجه أشخاص جسم	person: red hair adult person people body
🧑🏻‍🦰	بالغ: بشرة بلون فاتح وشعر أحمر بالغ راشد شخص شعر كبير وجه أشخاص جسم	person: light skin tone, red hair adult tone person people body
🧑🏼‍🦰	بالغ: بشرة بلون فاتح ومعتدل وشعر أحمر بالغ راشد شخص شعر كبير وجه أشخاص جسم	person: medium-light skin tone, red hair adult tone person people body
🧑🏽‍🦰	بالغ: بشرة بلون معتدل وشعر أحمر بالغ راشد شخص شعر كبير وجه أشخاص جسم	person: medium skin tone, red hair adult tone person people body
🧑🏾‍🦰	بالغ: بشرة بلون معتدل مائل للغامق وشعر أحمر بالغ راشد شخص شعر كبير وجه أشخاص جسم	person: medium-dark skin tone, red hair adult tone person people body
🧑🏿‍🦰	بالغ: بشرة بلون غامق وشعر أحمر بالغ راشد شخص شعر كبير وجه أشخاص جسم	person: dark skin tone, red hair adult tone person people body
👩‍🦱	سيدة: شعر مجعد أشقر أنثى أنسة امرأة بالغة سيدة شخص شقراء قصة كبيرة أشخاص جسم	woman: curly hair adult lady woman people body
👩🏻‍🦱	سيدة: بشرة بلون فاتح وشعر مجعد أشقر أنثى أنسة امرأة بالغة سيدة شخص شعر شقراء قصة كبيرة أشخاص جسم	woman: light skin tone, curly hair adult lady tone woman people body
👩🏼‍🦱	سيدة: بشرة بلون فاتح ومعتدل وشعر مجعد أشقر أنثى أنسة امرأة بالغة سيدة شخص شعر شقراء قصة كبيرة أشخاص جسم	woman: medium-light skin tone, curly hair adult lady tone woman people body
👩🏽‍🦱	سيدة: بشرة بلون معتدل وشعر مجعد أشقر أنثى أنسة امرأة بالغة سيدة شخص شعر شقراء قصة كبيرة أشخاص جسم	woman: medium skin tone, curly hair adult lady tone woman people body
👩🏾‍🦱	سيدة: بشرة بلون معتدل مائل للغامق وشعر مجعد أشقر أنثى أنسة امرأة بالغة سيدة شخص شعر شقراء قصة كبيرة أشخاص جسم	woman: medium-dark skin tone, curly hair adult lady tone woman people body
👩🏿‍🦱	سيدة: بشرة بلون غامق وشعر مجعد أشقر أنثى أنسة امرأة بالغة سيدة شخص شعر شقراء قصة كبيرة أشخاص جسم	woman: dark skin tone, curly hair adult tone lady woman people body
🧑‍🦱	بالغ: شعر مجعد بالغ راشد شخص كبير وجه أشخاص جسم	person: curly hair adult person people body
🧑🏻‍🦱	بالغ: بشرة بلون فاتح وشعر مجعد بالغ راشد شخص شعر كبير وجه أشخاص جسم	person: light skin tone, curly hair adult tone person people body
🧑🏼‍🦱	بالغ: بشرة بلون فاتح ومعتدل وشعر مجعد بالغ راشد شخص شعر كبير وجه أشخاص جسم	person: medium-light skin tone, curly hair adult tone person people body
🧑🏽‍🦱	بالغ: بشرة بلون معتدل وشعر مجعد بالغ راشد شخص شعر كبير وجه أشخاص جسم	person: medium skin tone, curly hair adult tone person people body
🧑🏾‍🦱	بالغ: بشرة بلون معتدل مائل للغامق وشعر مجعد بالغ راشد شخص شعر كبير وجه أشخاص جسم	person: medium-dark skin tone, curly hair adult tone person people body
🧑🏿‍🦱	بالغ: بشرة بلون غامق وشعر مجعد بالغ راشد شخص شعر كبير وجه أشخاص جسم	person: dark skin tone, curly hair adult tone person people body
👩‍🦳	سيدة: شعر أبيض أشقر أنثى أنسة امرأة بالغة سيدة شخص شقراء قصة كبيرة أشخاص جسم	woman: white hair adult lady woman people body
👩🏻‍🦳	سيدة: بشرة بلون فاتح وشعر أبيض أشقر أنثى أنسة امرأة بالغة سيدة شخص شعر شقراء قصة كبيرة أشخاص جسم	woman: light skin tone, white hair adult lady tone woman people body
👩🏼‍🦳	سيدة: بشرة بلون فاتح ومعتدل وشعر أبيض أشقر أنثى أنسة امرأة بالغة سيدة شخص شعر شقراء قصة كبيرة أشخاص جسم	woman: medium-light skin tone, white hair adult lady tone woman people body
👩🏽‍🦳	سيدة: بشرة بلون معتدل وشعر أبيض أشقر أنثى أنسة امرأة بالغة سيدة شخص شعر شقراء قصة كبيرة أشخاص جسم	woman: medium skin tone, white hair adult lady tone woman people body
👩🏾‍🦳	سيدة: بشرة بلون معتدل مائل للغامق وشعر أبيض أشقر أنثى أنسة امرأة بالغة سيدة شخص شعر شقراء قصة كبيرة أشخاص جسم	woman: medium-dark skin tone, white hair adult lady tone woman people body
👩🏿‍🦳	سيدة: بشرة بلون غامق وشعر أبيض أشقر أنثى أنسة امرأة بالغة سيدة شخص شعر شقراء قصة كبيرة أشخاص جسم	woman: dark skin tone, white hair adult tone lady woman people body
🧑‍🦳	بالغ: شعر أبيض بالغ راشد شخص كبير وجه أشخاص جسم	person: white hair adult person people body
🧑🏻‍🦳	بالغ: بشرة بلون فاتح وشعر أبيض بالغ راشد شخص شعر كبير وجه أشخاص جسم	person: light skin tone, white hair adult tone person people body
🧑🏼‍🦳	بالغ: بشرة بلون فاتح ومعتدل وشعر أبيض بالغ راشد شخص شعر كبير وجه أشخاص جسم	person: medium-light skin tone, white hair adult tone person people body
🧑🏽‍🦳	بالغ: بشرة بلون معتدل وشعر أبيض بالغ راشد شخص شعر كبير وجه أشخاص جسم	person: medium skin tone, white hair adult tone person people body
🧑🏾‍🦳	بالغ: بشرة بلون معتدل مائل للغامق وشعر أبيض بالغ راشد شخص شعر كبير وجه أشخاص جسم	person: medium-dark skin tone, white hair adult tone person people body
🧑🏿‍🦳	بالغ: بشرة بلون غامق وشعر أبيض بالغ راشد شخص شعر كبير وجه أشخاص جسم	person: dark skin tone, white hair adult tone person people body
👩‍🦲	سيدة: أصلع أشقر أنثى أنسة امرأة بالغة سيدة شخص شقراء قصة شعر كبيرة أشخاص جسم	woman: bald adult lady woman people body
👩🏻‍🦲	سيدة: بشرة بلون فاتح وأصلع أشقر أصلع أنثى أنسة امرأة بالغة سيدة شخص شقراء قصة شعر كبيرة أشخاص جسم	woman: light skin tone, bald adult lady tone woman people body
👩🏼‍🦲	سيدة: بشرة بلون فاتح ومعتدل وأصلع أشقر أصلع أنثى أنسة امرأة بالغة سيدة شخص شقراء قصة شعر كبيرة أشخاص جسم	woman: medium-light skin tone, bald adult lady tone woman people body
👩🏽‍🦲	سيدة: بشرة بلون معتدل وأصلع أشقر أصلع أنثى أنسة امرأة بالغة سيدة شخص شقراء قصة شعر كبيرة أشخاص جسم	woman: medium skin tone, bald adult lady tone woman people body
👩🏾‍🦲	سيدة: بشرة بلون معتدل مائل للغامق وأصلع أشقر أصلع أنثى أنسة امرأة بالغة سيدة شخص شقراء قصة شعر كبيرة أشخاص جسم	woman: medium-dark skin tone, bald adult lady tone woman people body
👩🏿‍🦲	سيدة: بشرة بلون غامق وأصلع أشقر أصلع أنثى أنسة امرأة بالغة سيدة شخص شقراء قصة شعر كبيرة أشخاص جسم	woman: dark skin tone, bald adult tone lady woman people body
🧑‍🦲	بالغ: أصلع بالغ راشد شخص كبير وجه أشخاص جسم	person: bald adult person people body
🧑🏻‍🦲	بالغ: بشرة بلون فاتح وأصلع أصلع بالغ راشد شخص كبير وجه أشخاص جسم	person: light skin tone, bald adult tone person people body
🧑🏼‍🦲	بالغ: بشرة بلون فاتح ومعتدل وأصلع أصلع بالغ راشد شخص كبير وجه أشخاص جسم	person: medium-light skin tone, bald adult tone person people body
🧑🏽‍🦲	بالغ: بشرة بلون معتدل وأصلع أصلع بالغ راشد شخص كبير وجه أشخاص جسم	person: medium skin tone, bald adult tone person people body
🧑🏾‍🦲	بالغ: بشرة بلون معتدل مائل للغامق وأصلع أصلع بالغ راشد شخص كبير وجه أشخاص جسم	person: medium-dark skin tone, bald adult tone person people body
🧑🏿‍🦲	بالغ: بشرة بلون غامق وأصلع أصلع بالغ راشد شخص كبير وجه أشخاص جسم	person: dark skin tone, bald adult tone person people body
👱‍♀️	امرأة شقراء الشعر سيدة أشخاص جسم	woman: blond hair blond-haired blonde woman people body
👱🏻‍♀️	امرأة شقراء الشعر سيدة أشخاص جسم	woman: light skin tone, blond hair blond-haired blonde woman people body
👱🏼‍♀️	امرأة شقراء الشعر سيدة أشخاص جسم	woman: medium-light skin tone, blond hair light blond-haired blonde woman people body
👱🏽‍♀️	امرأة شقراء الشعر سيدة أشخاص جسم	woman: medium skin tone, blond hair medium-light light blond-haired blonde woman people body
👱🏾‍♀️	امرأة شقراء الشعر سيدة أشخاص جسم	woman: medium-dark skin tone, blond hair medium medium-light light blond-haired blonde woman people body
👱🏿‍♀️	امرأة شقراء الشعر سيدة أشخاص جسم	woman: dark skin tone, blond hair medium-dark medium medium-light light blond-haired blonde woman people body
👱‍♂️	رجل أشقر الشعر أشخاص جسم	man: blond hair blond-haired man people body
👱🏻‍♂️	رجل أشقر الشعر أشخاص جسم	man: light skin tone, blond hair blond-haired man people body
👱🏼‍♂️	رجل أشقر الشعر أشخاص جسم	man: medium-light skin tone, blond hair light blond-haired man people body
👱🏽‍♂️	رجل أشقر الشعر أشخاص جسم	man: medium skin tone, blond hair medium-light light blond-haired man people body
👱🏾‍♂️	رجل أشقر الشعر أشخاص جسم	man: medium-dark skin tone, blond hair medium medium-light light blond-haired man people body
👱🏿‍♂️	رجل أشقر الشعر أشخاص جسم	man: dark skin tone, blond hair medium-dark medium medium-light light blond-haired man people body
🧓	بالغ أكبر في السن جد ختيار رجل شايب شيخ عجوز كبير كهل أشخاص جسم	older person adult elderly grandparent old wise people body
🧓🏻	بالغ أكبر في السن: بشرة بلون فاتح السن جد ختيار رجل شايب شيخ عجوز كبير كهل أشخاص جسم	older person: light skin tone adult elderly grandparent old person wise people body
🧓🏼	بالغ أكبر في السن: بشرة بلون فاتح ومعتدل السن جد ختيار رجل شايب شيخ عجوز كبير كهل أشخاص جسم	older person: medium-light skin tone adult elderly grandparent old person wise people body
🧓🏽	بالغ أكبر في السن: بشرة بلون معتدل السن جد ختيار رجل شايب شيخ عجوز كبير كهل أشخاص جسم	older person: medium skin tone adult elderly grandparent old person wise people body
🧓🏾	بالغ أكبر في السن: بشرة بلون معتدل مائل للغامق السن جد ختيار رجل شايب شيخ عجوز كبير كهل أشخاص جسم	older person: medium-dark skin tone adult elderly grandparent old person wise people body
🧓🏿	بالغ أكبر في السن: بشرة بلون غامق السن جد ختيار رجل شايب شيخ عجوز كبير كهل أشخاص جسم	older person: dark skin tone adult elderly grandparent old person wise people body
👴	رجل عجوز أشخاص جد جدو سيدي شخص كهل جسم	old man adult bald elderly gramps grandfather grandpa wise people body
👴🏻	رجل عجوز: بشرة بلون فاتح أشخاص جد جدو سيدي شخص عجوز كهل جسم	old man: light skin tone adult bald elderly gramps grandfather grandpa man wise people body
👴🏼	رجل عجوز: بشرة بلون فاتح ومعتدل أشخاص جد جدو سيدي شخص عجوز كهل جسم	old man: medium-light skin tone adult bald elderly gramps grandfather grandpa man wise people body
👴🏽	رجل عجوز: بشرة بلون معتدل أشخاص جد جدو سيدي شخص عجوز كهل جسم	old man: medium skin tone adult bald elderly gramps grandfather grandpa man wise people body
👴🏾	رجل عجوز: بشرة بلون معتدل مائل للغامق أشخاص جد جدو سيدي شخص عجوز كهل جسم	old man: medium-dark skin tone adult bald elderly gramps grandfather grandpa man wise people body
👴🏿	رجل عجوز: بشرة بلون غامق أشخاص جد جدو سيدي شخص عجوز كهل جسم	old man: dark skin tone adult bald elderly gramps grandfather grandpa man wise people body
👵	سيدة عجوز أشخاص امرأة تيتا جدة جدتي حكيمة ختيارة ستي شقراء جسم	old woman adult elderly grandma grandmother granny lady wise people body
👵🏻	سيدة عجوز: بشرة بلون فاتح أشخاص امرأة تيتا جدة جدتي حكيمة ختيارة ستي شقراء عجوز جسم	old woman: light skin tone adult elderly grandma grandmother granny lady wise woman people body
👵🏼	سيدة عجوز: بشرة بلون فاتح ومعتدل أشخاص امرأة تيتا جدة جدتي حكيمة ختيارة ستي شقراء عجوز جسم	old woman: medium-light skin tone adult elderly grandma grandmother granny lady wise woman people body
👵🏽	سيدة عجوز: بشرة بلون معتدل أشخاص امرأة تيتا جدة جدتي حكيمة ختيارة ستي شقراء عجوز جسم	old woman: medium skin tone adult elderly grandma grandmother granny lady wise woman people body
👵🏾	سيدة عجوز: بشرة بلون معتدل مائل للغامق أشخاص امرأة تيتا جدة جدتي حكيمة ختيارة ستي شقراء عجوز جسم	old woman: medium-dark skin tone adult elderly grandma grandmother granny lady wise woman people body
👵🏿	سيدة عجوز: بشرة بلون غامق أشخاص امرأة تيتا جدة جدتي حكيمة ختيارة ستي شقراء عجوز جسم	old woman: dark skin tone adult elderly grandma grandmother granny lady wise woman people body
🙍	شخص عابس أشخاص إشارة إمرأة حزين ساخط سيدة محبط منزعج جسم	person frowning annoyed disappointed disgruntled disturbed frown frustrated gesture irritated upset people body
🙍🏻	شخص عابس: بشرة بلون فاتح أشخاص إشارة إمرأة حزين ساخط سيدة عابس محبط منزعج جسم	person frowning: light skin tone annoyed disappointed disgruntled disturbed frown frowning frustrated gesture irritated upset people body
🙍🏼	شخص عابس: بشرة بلون فاتح ومعتدل أشخاص إشارة إمرأة حزين ساخط سيدة عابس محبط منزعج جسم	person frowning: medium-light skin tone annoyed disappointed disgruntled disturbed frown frowning frustrated gesture irritated upset people body
🙍🏽	شخص عابس: بشرة بلون معتدل أشخاص إشارة إمرأة حزين ساخط سيدة عابس محبط منزعج جسم	person frowning: medium skin tone annoyed disappointed disgruntled disturbed frown frowning frustrated gesture irritated upset people body
🙍🏾	شخص عابس: بشرة بلون معتدل مائل للغامق أشخاص إشارة إمرأة حزين ساخط سيدة عابس محبط منزعج جسم	person frowning: medium-dark skin tone annoyed disappointed disgruntled disturbed frown frowning frustrated gesture irritated upset people body
🙍🏿	شخص عابس: بشرة بلون غامق أشخاص إشارة إمرأة حزين ساخط سيدة عابس محبط منزعج جسم	person frowning: dark skin tone annoyed disappointed disgruntled disturbed frown frowning frustrated gesture irritated upset people body
🙍‍♂️	متجهم إشارة تأشير رجل عابس عاقد الحاجبين عبوس غاضب غضبان مقطب الجبين أشخاص جسم	man frowning annoyed disappointed disgruntled disturbed frown frustrated gesture irritated upset people body
🙍🏻‍♂️	متجهم إشارة تأشير رجل عابس عاقد الحاجبين عبوس غاضب غضبان مقطب الجبين أشخاص جسم	man frowning: light skin tone frowning annoyed disappointed disgruntled disturbed frown frustrated gesture irritated upset people body
🙍🏼‍♂️	متجهم إشارة تأشير رجل عابس عاقد الحاجبين عبوس غاضب غضبان مقطب الجبين أشخاص جسم	man frowning: medium-light skin tone light frowning annoyed disappointed disgruntled disturbed frown frustrated gesture irritated upset people body
🙍🏽‍♂️	متجهم إشارة تأشير رجل عابس عاقد الحاجبين عبوس غاضب غضبان مقطب الجبين أشخاص جسم	man frowning: medium skin tone medium-light light frowning annoyed disappointed disgruntled disturbed frown frustrated gesture irritated upset people body
🙍🏾‍♂️	متجهم إشارة تأشير رجل عابس عاقد الحاجبين عبوس غاضب غضبان مقطب الجبين أشخاص جسم	man frowning: medium-dark skin tone medium medium-light light frowning annoyed disappointed disgruntled disturbed frown frustrated gesture irritated upset people body
🙍🏿‍♂️	متجهم إشارة تأشير رجل عابس عاقد الحاجبين عبوس غاضب غضبان مقطب الجبين أشخاص جسم	man frowning: dark skin tone medium-dark medium medium-light light frowning annoyed disappointed disgruntled disturbed frown frustrated gesture irritated upset people body
🙍‍♀️	متجهمة عبوسة مقطبة الجبين أشخاص جسم	woman frowning annoyed disappointed disgruntled disturbed frown frustrated gesture irritated upset people body
🙍🏻‍♀️	متجهمة عبوسة مقطبة الجبين أشخاص جسم	woman frowning: light skin tone frowning annoyed disappointed disgruntled disturbed frown frustrated gesture irritated upset people body
🙍🏼‍♀️	متجهمة عبوسة مقطبة الجبين أشخاص جسم	woman frowning: medium-light skin tone light frowning annoyed disappointed disgruntled disturbed frown frustrated gesture irritated upset people body
🙍🏽‍♀️	متجهمة عبوسة مقطبة الجبين أشخاص جسم	woman frowning: medium skin tone medium-light light frowning annoyed disappointed disgruntled disturbed frown frustrated gesture irritated upset people body
🙍🏾‍♀️	متجهمة عبوسة مقطبة الجبين أشخاص جسم	woman frowning: medium-dark skin tone medium medium-light light frowning annoyed disappointed disgruntled disturbed frown frustrated gesture irritated upset people body
🙍🏿‍♀️	متجهمة عبوسة مقطبة الجبين أشخاص جسم	woman frowning: dark skin tone medium-dark medium medium-light light frowning annoyed disappointed disgruntled disturbed frown frustrated gesture irritated upset people body
🙎	شخص متجهم أشخاص إشارة إمراة تجهم حزين خيبة أمل سيدة عابس متجهمة منزعج جسم	person pouting disappointed downtrodden frown grimace scowl sulk upset whine people body
🙎🏻	شخص متجهم: بشرة بلون فاتح أشخاص إشارة إمراة تجهم حزين خيبة أمل سيدة متجهم عابس متجهمة منزعج جسم	person pouting: light skin tone disappointed downtrodden frown grimace pouting scowl sulk upset whine people body
🙎🏼	شخص متجهم: بشرة بلون فاتح ومعتدل أشخاص إشارة إمراة تجهم حزين خيبة أمل سيدة متجهم عابس متجهمة منزعج جسم	person pouting: medium-light skin tone disappointed downtrodden frown grimace pouting scowl sulk upset whine people body
🙎🏽	شخص متجهم: بشرة بلون معتدل أشخاص إشارة إمراة تجهم حزين خيبة أمل سيدة متجهم عابس متجهمة منزعج جسم	person pouting: medium skin tone disappointed downtrodden frown grimace pouting scowl sulk upset whine people body
🙎🏾	شخص متجهم: بشرة بلون معتدل مائل للغامق أشخاص إشارة إمراة تجهم حزين خيبة أمل سيدة متجهم عابس متجهمة منزعج جسم	person pouting: medium-dark skin tone disappointed downtrodden frown grimace pouting scowl sulk upset whine people body
🙎🏿	شخص متجهم: بشرة بلون غامق أشخاص إشارة إمراة تجهم حزين خيبة أمل سيدة متجهم عابس متجهمة منزعج جسم	person pouting: dark skin tone disappointed downtrodden frown grimace pouting scowl sulk upset whine people body
🙎‍♂️	رجل عابس تأشير عاقد الحاجبين عبوس متجهم مقطب الجبين أشخاص جسم	man pouting disappointed downtrodden frown grimace scowl sulk upset whine people body
🙎🏻‍♂️	رجل عابس تأشير عاقد الحاجبين عبوس متجهم مقطب الجبين أشخاص جسم	man pouting: light skin tone pouting disappointed downtrodden frown grimace scowl sulk upset whine people body
🙎🏼‍♂️	رجل عابس تأشير عاقد الحاجبين عبوس متجهم مقطب الجبين أشخاص جسم	man pouting: medium-light skin tone light pouting disappointed downtrodden frown grimace scowl sulk upset whine people body
🙎🏽‍♂️	رجل عابس تأشير عاقد الحاجبين عبوس متجهم مقطب الجبين أشخاص جسم	man pouting: medium skin tone medium-light light pouting disappointed downtrodden frown grimace scowl sulk upset whine people body
🙎🏾‍♂️	رجل عابس تأشير عاقد الحاجبين عبوس متجهم مقطب الجبين أشخاص جسم	man pouting: medium-dark skin tone medium medium-light light pouting disappointed downtrodden frown grimace scowl sulk upset whine people body
🙎🏿‍♂️	رجل عابس تأشير عاقد الحاجبين عبوس متجهم مقطب الجبين أشخاص جسم	man pouting: dark skin tone medium-dark medium medium-light light pouting disappointed downtrodden frown grimace scowl sulk upset whine people body
🙎‍♀️	سيدة عابسة عبوسة متجهمة مقطبة الجبين أشخاص جسم	woman pouting disappointed downtrodden frown grimace scowl sulk upset whine people body
🙎🏻‍♀️	سيدة عابسة عبوسة متجهمة مقطبة الجبين أشخاص جسم	woman pouting: light skin tone pouting disappointed downtrodden frown grimace scowl sulk upset whine people body
🙎🏼‍♀️	سيدة عابسة عبوسة متجهمة مقطبة الجبين أشخاص جسم	woman pouting: medium-light skin tone light pouting disappointed downtrodden frown grimace scowl sulk upset whine people body
🙎🏽‍♀️	سيدة عابسة عبوسة متجهمة مقطبة الجبين أشخاص جسم	woman pouting: medium skin tone medium-light light pouting disappointed downtrodden frown grimace scowl sulk upset whine people body
🙎🏾‍♀️	سيدة عابسة عبوسة متجهمة مقطبة الجبين أشخاص جسم	woman pouting: medium-dark skin tone medium medium-light light pouting disappointed downtrodden frown grimace scowl sulk upset whine people body
🙎🏿‍♀️	سيدة عابسة عبوسة متجهمة مقطبة الجبين أشخاص جسم	woman pouting: dark skin tone medium-dark medium medium-light light pouting disappointed downtrodden frown grimace scowl sulk upset whine people body
🙅	إشارة رفض أشخاص أمر سيء امرأة توقف سيدة كاراتيه كفاية لا ممنوع يد جسم	person gesturing NO forbidden gesture hand not prohibit people body
🙅🏻	إشارة رفض: بشرة بلون فاتح أشخاص أمر سيء رفض امرأة توقف سيدة كاراتيه كفاية لا ممنوع يد جسم	person gesturing NO: light skin tone forbidden gesture hand NO not prohibit people body
🙅🏼	إشارة رفض: بشرة بلون فاتح ومعتدل أشخاص أمر سيء رفض امرأة توقف سيدة كاراتيه كفاية لا ممنوع يد جسم	person gesturing NO: medium-light skin tone forbidden gesture hand NO not prohibit people body
🙅🏽	إشارة رفض: بشرة بلون معتدل أشخاص أمر سيء رفض امرأة توقف سيدة كاراتيه كفاية لا ممنوع يد جسم	person gesturing NO: medium skin tone forbidden gesture hand NO not prohibit people body
🙅🏾	إشارة رفض: بشرة بلون معتدل مائل للغامق أشخاص أمر سيء رفض امرأة توقف سيدة كاراتيه كفاية لا ممنوع يد جسم	person gesturing NO: medium-dark skin tone forbidden gesture hand NO not prohibit people body
🙅🏿	إشارة رفض: بشرة بلون غامق أشخاص أمر سيء رفض امرأة توقف سيدة كاراتيه كفاية لا ممنوع يد جسم	person gesturing NO: dark skin tone forbidden gesture hand NO not prohibit people body
🙅‍♂️	غير موافق إشارة رفض تأشير كلا لا محظور ممنوع يد أشخاص جسم	man gesturing NO forbidden gesture hand not prohibit people body
🙅🏻‍♂️	غير موافق إشارة رفض تأشير كلا لا محظور ممنوع يد أشخاص جسم	man gesturing NO: light skin tone NO forbidden gesture hand not prohibit people body
🙅🏼‍♂️	غير موافق إشارة رفض تأشير كلا لا محظور ممنوع يد أشخاص جسم	man gesturing NO: medium-light skin tone light NO forbidden gesture hand not prohibit people body
🙅🏽‍♂️	غير موافق إشارة رفض تأشير كلا لا محظور ممنوع يد أشخاص جسم	man gesturing NO: medium skin tone medium-light light NO forbidden gesture hand not prohibit people body
🙅🏾‍♂️	غير موافق إشارة رفض تأشير كلا لا محظور ممنوع يد أشخاص جسم	man gesturing NO: medium-dark skin tone medium medium-light light NO forbidden gesture hand not prohibit people body
🙅🏿‍♂️	غير موافق إشارة رفض تأشير كلا لا محظور ممنوع يد أشخاص جسم	man gesturing NO: dark skin tone medium-dark medium medium-light light NO forbidden gesture hand not prohibit people body
🙅‍♀️	غير موافقة إشارة رفض أشخاص جسم	woman gesturing NO forbidden gesture hand not prohibit people body
🙅🏻‍♀️	غير موافقة إشارة رفض أشخاص جسم	woman gesturing NO: light skin tone NO forbidden gesture hand not prohibit people body
🙅🏼‍♀️	غير موافقة إشارة رفض أشخاص جسم	woman gesturing NO: medium-light skin tone light NO forbidden gesture hand not prohibit people body
🙅🏽‍♀️	غير موافقة إشارة رفض أشخاص جسم	woman gesturing NO: medium skin tone medium-light light NO forbidden gesture hand not prohibit people body
🙅🏾‍♀️	غير موافقة إشارة رفض أشخاص جسم	woman gesturing NO: medium-dark skin tone medium medium-light light NO forbidden gesture hand not prohibit people body
🙅🏿‍♀️	غير موافقة إشارة رفض أشخاص جسم	woman gesturing NO: dark skin tone medium-dark medium medium-light light NO forbidden gesture hand not prohibit people body
🙆	إشارة موافقة أشخاص تمرين مضبوط نعم وجه يا إلهي الله يد جسم	person gesturing OK exercise gesture hand omg people body
🙆🏻	إشارة موافقة: بشرة بلون فاتح أشخاص تمرين مضبوط موافقة نعم وجه يا إلهي الله يد جسم	person gesturing OK: light skin tone exercise gesture hand OK omg people body
🙆🏼	إشارة موافقة: بشرة بلون فاتح ومعتدل أشخاص تمرين مضبوط موافقة نعم وجه يا إلهي الله يد جسم	person gesturing OK: medium-light skin tone exercise gesture hand OK omg people body
🙆🏽	إشارة موافقة: بشرة بلون معتدل أشخاص تمرين مضبوط موافقة نعم وجه يا إلهي الله يد جسم	person gesturing OK: medium skin tone exercise gesture hand OK omg people body
🙆🏾	إشارة موافقة: بشرة بلون معتدل مائل للغامق أشخاص تمرين مضبوط موافقة نعم وجه يا إلهي الله يد جسم	person gesturing OK: medium-dark skin tone exercise gesture hand OK omg people body
🙆🏿	إشارة موافقة: بشرة بلون غامق أشخاص تمرين مضبوط موافقة نعم وجه يا إلهي الله يد جسم	person gesturing OK: dark skin tone exercise gesture hand OK omg people body
🙆‍♂️	موافق أو كي إشارة موافقة تأشير تمرين رجل يا إلهي الله يتمرن أشخاص جسم	man gesturing OK exercise gesture hand omg people body
🙆🏻‍♂️	موافق أو كي إشارة موافقة تأشير تمرين رجل يا إلهي الله يتمرن أشخاص جسم	man gesturing OK: light skin tone OK exercise gesture hand omg people body
🙆🏼‍♂️	موافق أو كي إشارة موافقة تأشير تمرين رجل يا إلهي الله يتمرن أشخاص جسم	man gesturing OK: medium-light skin tone light OK exercise gesture hand omg people body
🙆🏽‍♂️	موافق أو كي إشارة موافقة تأشير تمرين رجل يا إلهي الله يتمرن أشخاص جسم	man gesturing OK: medium skin tone medium-light light OK exercise gesture hand omg people body
🙆🏾‍♂️	موافق أو كي إشارة موافقة تأشير تمرين رجل يا إلهي الله يتمرن أشخاص جسم	man gesturing OK: medium-dark skin tone medium medium-light light OK exercise gesture hand omg people body
🙆🏿‍♂️	موافق أو كي إشارة موافقة تأشير تمرين رجل يا إلهي الله يتمرن أشخاص جسم	man gesturing OK: dark skin tone medium-dark medium medium-light light OK exercise gesture hand omg people body
🙆‍♀️	موافقة إشارة أشخاص جسم	woman gesturing OK exercise gesture hand omg people body
🙆🏻‍♀️	موافقة إشارة أشخاص جسم	woman gesturing OK: light skin tone OK exercise gesture hand omg people body
🙆🏼‍♀️	موافقة إشارة أشخاص جسم	woman gesturing OK: medium-light skin tone light OK exercise gesture hand omg people body
🙆🏽‍♀️	موافقة إشارة أشخاص جسم	woman gesturing OK: medium skin tone medium-light light OK exercise gesture hand omg people body
🙆🏾‍♀️	موافقة إشارة أشخاص جسم	woman gesturing OK: medium-dark skin tone medium medium-light light OK exercise gesture hand omg people body
🙆🏿‍♀️	موافقة إشارة أشخاص جسم	woman gesturing OK: dark skin tone medium-dark medium medium-light light OK exercise gesture hand omg people body
💁	شخص بيد مائلة أشخاص امرأة بجدية بقشيش حركة الشعر سخرية كف لا يهمني مساعدة معلومات يد جسم	person tipping hand fetch flick flip gossip sarcasm sarcastic sassy seriously whatever people body
💁🏻	شخص بيد مائلة: بشرة بلون فاتح أشخاص امرأة بجدية بقشيش حركة الشعر سخرية مائلة كف لا يهمني مساعدة معلومات يد جسم	person tipping hand: light skin tone fetch flick flip gossip hand sarcasm sarcastic sassy seriously whatever people body
💁🏼	شخص بيد مائلة: بشرة بلون فاتح ومعتدل أشخاص امرأة بجدية بقشيش حركة الشعر سخرية مائلة كف لا يهمني مساعدة معلومات يد جسم	person tipping hand: medium-light skin tone fetch flick flip gossip hand sarcasm sarcastic sassy seriously whatever people body
💁🏽	شخص بيد مائلة: بشرة بلون معتدل أشخاص امرأة بجدية بقشيش حركة الشعر سخرية مائلة كف لا يهمني مساعدة معلومات يد جسم	person tipping hand: medium skin tone fetch flick flip gossip hand sarcasm sarcastic sassy seriously whatever people body
💁🏾	شخص بيد مائلة: بشرة بلون معتدل مائل للغامق أشخاص امرأة بجدية بقشيش حركة الشعر سخرية مائلة كف لا يهمني مساعدة معلومات يد جسم	person tipping hand: medium-dark skin tone fetch flick flip gossip hand sarcasm sarcastic sassy seriously whatever people body
💁🏿	شخص بيد مائلة: بشرة بلون غامق أشخاص امرأة بجدية بقشيش حركة الشعر سخرية مائلة كف لا يهمني مساعدة معلومات يد جسم	person tipping hand: dark skin tone fetch flick flip gossip hand sarcasm sarcastic sassy seriously whatever people body
💁‍♂️	رجل بيد مائلة ثرثرة ديفا ساخر سخرية كف كفتوح مساعدة معلومات يد أشخاص جسم	man tipping hand fetch flick flip gossip sarcasm sarcastic sassy seriously whatever people body
💁🏻‍♂️	رجل بيد مائلة ثرثرة ديفا ساخر سخرية كف كفتوح مساعدة معلومات يد أشخاص جسم	man tipping hand: light skin tone hand fetch flick flip gossip sarcasm sarcastic sassy seriously whatever people body
💁🏼‍♂️	رجل بيد مائلة ثرثرة ديفا ساخر سخرية كف كفتوح مساعدة معلومات يد أشخاص جسم	man tipping hand: medium-light skin tone light hand fetch flick flip gossip sarcasm sarcastic sassy seriously whatever people body
💁🏽‍♂️	رجل بيد مائلة ثرثرة ديفا ساخر سخرية كف كفتوح مساعدة معلومات يد أشخاص جسم	man tipping hand: medium skin tone medium-light light hand fetch flick flip gossip sarcasm sarcastic sassy seriously whatever people body
💁🏾‍♂️	رجل بيد مائلة ثرثرة ديفا ساخر سخرية كف كفتوح مساعدة معلومات يد أشخاص جسم	man tipping hand: medium-dark skin tone medium medium-light light hand fetch flick flip gossip sarcasm sarcastic sassy seriously whatever people body
💁🏿‍♂️	رجل بيد مائلة ثرثرة ديفا ساخر سخرية كف كفتوح مساعدة معلومات يد أشخاص جسم	man tipping hand: dark skin tone medium-dark medium medium-light light hand fetch flick flip gossip sarcasm sarcastic sassy seriously whatever people body
💁‍♀️	سيدة بيد مائلة يد أشخاص جسم	woman tipping hand fetch flick flip gossip sarcasm sarcastic sassy seriously whatever people body
💁🏻‍♀️	سيدة بيد مائلة يد أشخاص جسم	woman tipping hand: light skin tone hand fetch flick flip gossip sarcasm sarcastic sassy seriously whatever people body
💁🏼‍♀️	سيدة بيد مائلة يد أشخاص جسم	woman tipping hand: medium-light skin tone light hand fetch flick flip gossip sarcasm sarcastic sassy seriously whatever people body
💁🏽‍♀️	سيدة بيد مائلة يد أشخاص جسم	woman tipping hand: medium skin tone medium-light light hand fetch flick flip gossip sarcasm sarcastic sassy seriously whatever people body
💁🏾‍♀️	سيدة بيد مائلة يد أشخاص جسم	woman tipping hand: medium-dark skin tone medium medium-light light hand fetch flick flip gossip sarcasm sarcastic sassy seriously whatever people body
💁🏿‍♀️	سيدة بيد مائلة يد أشخاص جسم	woman tipping hand: dark skin tone medium-dark medium medium-light light hand fetch flick flip gossip sarcasm sarcastic sassy seriously whatever people body
🙋	شخص يرفع يده أشخاص أعرف أنا إشارة إمرأة رفع اليد سؤال سعادة سيدة هنا يد جسم	person raising hand gesture here know me pick question raise people body
🙋🏻	شخص يرفع يده: بشرة بلون فاتح أشخاص أعرف أنا إشارة إمرأة رفع اليد سؤال سعادة سيدة يده هنا يد جسم	person raising hand: light skin tone gesture hand here know me pick question raise people body
🙋🏼	شخص يرفع يده: بشرة بلون فاتح ومعتدل أشخاص أعرف أنا إشارة إمرأة رفع اليد سؤال سعادة سيدة يده هنا يد جسم	person raising hand: medium-light skin tone gesture hand here know me pick question raise people body
🙋🏽	شخص يرفع يده: بشرة بلون معتدل أشخاص أعرف أنا إشارة إمرأة رفع اليد سؤال سعادة سيدة يده هنا يد جسم	person raising hand: medium skin tone gesture hand here know me pick question raise people body
🙋🏾	شخص يرفع يده: بشرة بلون معتدل مائل للغامق أشخاص أعرف أنا إشارة إمرأة رفع اليد سؤال سعادة سيدة يده هنا يد جسم	person raising hand: medium-dark skin tone gesture hand here know me pick question raise people body
🙋🏿	شخص يرفع يده: بشرة بلون غامق أشخاص أعرف أنا إشارة إمرأة رفع اليد سؤال سعادة سيدة يده هنا يد جسم	person raising hand: dark skin tone gesture hand here know me pick question raise people body
🙋‍♂️	رجل يرفع يده أجيب أسئلة أعرف أنا إشارة تأشير جواب سؤال شخص معرفة يد مرفوعة أشخاص جسم	man raising hand gesture here know me pick question raise people body
🙋🏻‍♂️	رجل يرفع يده أجيب أسئلة أعرف أنا إشارة تأشير جواب سؤال شخص معرفة يد مرفوعة أشخاص جسم	man raising hand: light skin tone hand gesture here know me pick question raise people body
🙋🏼‍♂️	رجل يرفع يده أجيب أسئلة أعرف أنا إشارة تأشير جواب سؤال شخص معرفة يد مرفوعة أشخاص جسم	man raising hand: medium-light skin tone light hand gesture here know me pick question raise people body
🙋🏽‍♂️	رجل يرفع يده أجيب أسئلة أعرف أنا إشارة تأشير جواب سؤال شخص معرفة يد مرفوعة أشخاص جسم	man raising hand: medium skin tone medium-light light hand gesture here know me pick question raise people body
🙋🏾‍♂️	رجل يرفع يده أجيب أسئلة أعرف أنا إشارة تأشير جواب سؤال شخص معرفة يد مرفوعة أشخاص جسم	man raising hand: medium-dark skin tone medium medium-light light hand gesture here know me pick question raise people body
🙋🏿‍♂️	رجل يرفع يده أجيب أسئلة أعرف أنا إشارة تأشير جواب سؤال شخص معرفة يد مرفوعة أشخاص جسم	man raising hand: dark skin tone medium-dark medium medium-light light hand gesture here know me pick question raise people body
🙋‍♀️	سيدة ترفع يدها يد مرفوعة أشخاص جسم	woman raising hand gesture here know me pick question raise people body
🙋🏻‍♀️	سيدة ترفع يدها يد مرفوعة أشخاص جسم	woman raising hand: light skin tone hand gesture here know me pick question raise people body
🙋🏼‍♀️	سيدة ترفع يدها يد مرفوعة أشخاص جسم	woman raising hand: medium-light skin tone light hand gesture here know me pick question raise people body
🙋🏽‍♀️	سيدة ترفع يدها يد مرفوعة أشخاص جسم	woman raising hand: medium skin tone medium-light light hand gesture here know me pick question raise people body
🙋🏾‍♀️	سيدة ترفع يدها يد مرفوعة أشخاص جسم	woman raising hand: medium-dark skin tone medium medium-light light hand gesture here know me pick question raise people body
🙋🏿‍♀️	سيدة ترفع يدها يد مرفوعة أشخاص جسم	woman raising hand: dark skin tone medium-dark medium medium-light light hand gesture here know me pick question raise people body
🧏	شخص أصم أذن إمكانية الوصول احتياجات خاصة سماع صمم ضعف السمع ضعيف لا أسمعك ينصت أشخاص جسم	deaf person accessibility ear gesture hear people body
🧏🏻	شخص أصم: بشرة بلون فاتح أذن أصم إمكانية الوصول احتياجات خاصة سماع صمم ضعف السمع ضعيف لا أسمعك ينصت أشخاص جسم	deaf person: light skin tone accessibility ear gesture hear person people body
🧏🏼	شخص أصم: بشرة بلون فاتح ومعتدل أذن أصم إمكانية الوصول احتياجات خاصة سماع صمم ضعف السمع ضعيف لا أسمعك ينصت أشخاص جسم	deaf person: medium-light skin tone accessibility ear gesture hear person people body
🧏🏽	شخص أصم: بشرة بلون معتدل أذن أصم إمكانية الوصول احتياجات خاصة سماع صمم ضعف السمع ضعيف لا أسمعك ينصت أشخاص جسم	deaf person: medium skin tone accessibility ear gesture hear person people body
🧏🏾	شخص أصم: بشرة بلون معتدل مائل للغامق أذن أصم إمكانية الوصول احتياجات خاصة سماع صمم ضعف السمع ضعيف لا أسمعك ينصت أشخاص جسم	deaf person: medium-dark skin tone accessibility ear gesture hear person people body
🧏🏿	شخص أصم: بشرة بلون غامق أذن أصم إمكانية الوصول احتياجات خاصة سماع صمم ضعف السمع ضعيف لا أسمعك ينصت أشخاص جسم	deaf person: dark skin tone accessibility ear gesture hear person people body
🧏‍♂️	رجل أصم صمم أشخاص جسم	deaf man accessibility ear gesture hear people body
🧏🏻‍♂️	رجل أصم صمم أشخاص جسم	deaf man: light skin tone man accessibility ear gesture hear people body
🧏🏼‍♂️	رجل أصم صمم أشخاص جسم	deaf man: medium-light skin tone light man accessibility ear gesture hear people body
🧏🏽‍♂️	رجل أصم صمم أشخاص جسم	deaf man: medium skin tone medium-light light man accessibility ear gesture hear people body
🧏🏾‍♂️	رجل أصم صمم أشخاص جسم	deaf man: medium-dark skin tone medium medium-light light man accessibility ear gesture hear people body
🧏🏿‍♂️	رجل أصم صمم أشخاص جسم	deaf man: dark skin tone medium-dark medium medium-light light man accessibility ear gesture hear people body
🧏‍♀️	سيدة صماء صمم أشخاص جسم	deaf woman accessibility ear gesture hear people body
🧏🏻‍♀️	سيدة صماء صمم أشخاص جسم	deaf woman: light skin tone woman accessibility ear gesture hear people body
🧏🏼‍♀️	سيدة صماء صمم أشخاص جسم	deaf woman: medium-light skin tone light woman accessibility ear gesture hear people body
🧏🏽‍♀️	سيدة صماء صمم أشخاص جسم	deaf woman: medium skin tone medium-light light woman accessibility ear gesture hear people body
🧏🏾‍♀️	سيدة صماء صمم أشخاص جسم	deaf woman: medium-dark skin tone medium medium-light light woman accessibility ear gesture hear people body
🧏🏿‍♀️	سيدة صماء صمم أشخاص جسم	deaf woman: dark skin tone medium-dark medium medium-light light woman accessibility ear gesture hear people body
🙇	شخص ينحني اعتذارًا آسف أسف أشخاص إشارة اعتذار انحناء شديد تأمل رأفة رجل يتأسف ندم يغفر جسم	person bowing apology ask beg bow favor forgive gesture meditate meditation pity regret sorry people body
🙇🏻	شخص ينحني اعتذارًا: بشرة بلون فاتح آسف أسف أشخاص إشارة اعتذار انحناء شديد تأمل رأفة رجل يتأسف اعتذارًا ندم يغفر جسم	person bowing: light skin tone apology ask beg bow bowing favor forgive gesture meditate meditation pity regret sorry people body
🙇🏼	شخص ينحني اعتذارًا: بشرة بلون فاتح ومعتدل آسف أسف أشخاص إشارة اعتذار انحناء شديد تأمل رأفة رجل يتأسف اعتذارًا ندم يغفر جسم	person bowing: medium-light skin tone apology ask beg bow bowing favor forgive gesture meditate meditation pity regret sorry people body
🙇🏽	شخص ينحني اعتذارًا: بشرة بلون معتدل آسف أسف أشخاص إشارة اعتذار انحناء شديد تأمل رأفة رجل يتأسف اعتذارًا ندم يغفر جسم	person bowing: medium skin tone apology ask beg bow bowing favor forgive gesture meditate meditation pity regret sorry people body
🙇🏾	شخص ينحني اعتذارًا: بشرة بلون معتدل مائل للغامق آسف أسف أشخاص إشارة اعتذار انحناء شديد تأمل رأفة رجل يتأسف اعتذارًا ندم يغفر جسم	person bowing: medium-dark skin tone apology ask beg bow bowing favor forgive gesture meditate meditation pity regret sorry people body
🙇🏿	شخص ينحني اعتذارًا: بشرة بلون غامق آسف أسف أشخاص إشارة اعتذار انحناء شديد تأمل رأفة رجل يتأسف اعتذارًا ندم يغفر جسم	person bowing: dark skin tone apology ask beg bow bowing favor forgive gesture meditate meditation pity regret sorry people body
🙇‍♂️	رجل ينحني اعتذارًا امتنان انحناء ركوع أشخاص جسم	man bowing apology ask beg bow favor forgive gesture meditate meditation pity regret sorry people body
🙇🏻‍♂️	رجل ينحني اعتذارًا امتنان انحناء ركوع أشخاص جسم	man bowing: light skin tone bowing apology ask beg bow favor forgive gesture meditate meditation pity regret sorry people body
🙇🏼‍♂️	رجل ينحني اعتذارًا امتنان انحناء ركوع أشخاص جسم	man bowing: medium-light skin tone light bowing apology ask beg bow favor forgive gesture meditate meditation pity regret sorry people body
🙇🏽‍♂️	رجل ينحني اعتذارًا امتنان انحناء ركوع أشخاص جسم	man bowing: medium skin tone medium-light light bowing apology ask beg bow favor forgive gesture meditate meditation pity regret sorry people body
🙇🏾‍♂️	رجل ينحني اعتذارًا امتنان انحناء ركوع أشخاص جسم	man bowing: medium-dark skin tone medium medium-light light bowing apology ask beg bow favor forgive gesture meditate meditation pity regret sorry people body
🙇🏿‍♂️	رجل ينحني اعتذارًا امتنان انحناء ركوع أشخاص جسم	man bowing: dark skin tone medium-dark medium medium-light light bowing apology ask beg bow favor forgive gesture meditate meditation pity regret sorry people body
🙇‍♀️	سيدة تنحني اعتذارًا أسف إشارة اعتذار اعتذر امتنان امرأة انحناء تأمل راكع ركوع سوري أشخاص جسم	woman bowing apology ask beg bow favor forgive gesture meditate meditation pity regret sorry people body
🙇🏻‍♀️	سيدة تنحني اعتذارًا أسف إشارة اعتذار اعتذر امتنان امرأة انحناء تأمل راكع ركوع سوري أشخاص جسم	woman bowing: light skin tone bowing apology ask beg bow favor forgive gesture meditate meditation pity regret sorry people body
🙇🏼‍♀️	سيدة تنحني اعتذارًا أسف إشارة اعتذار اعتذر امتنان امرأة انحناء تأمل راكع ركوع سوري أشخاص جسم	woman bowing: medium-light skin tone light bowing apology ask beg bow favor forgive gesture meditate meditation pity regret sorry people body
🙇🏽‍♀️	سيدة تنحني اعتذارًا أسف إشارة اعتذار اعتذر امتنان امرأة انحناء تأمل راكع ركوع سوري أشخاص جسم	woman bowing: medium skin tone medium-light light bowing apology ask beg bow favor forgive gesture meditate meditation pity regret sorry people body
🙇🏾‍♀️	سيدة تنحني اعتذارًا أسف إشارة اعتذار اعتذر امتنان امرأة انحناء تأمل راكع ركوع سوري أشخاص جسم	woman bowing: medium-dark skin tone medium medium-light light bowing apology ask beg bow favor forgive gesture meditate meditation pity regret sorry people body
🙇🏿‍♀️	سيدة تنحني اعتذارًا أسف إشارة اعتذار اعتذر امتنان امرأة انحناء تأمل راكع ركوع سوري أشخاص جسم	woman bowing: dark skin tone medium-dark medium medium-light light bowing apology ask beg bow favor forgive gesture meditate meditation pity regret sorry people body
🤦	شخص محبط أشخاص إحباط راحة يد سخط صدمة لا أعتقد ذلك ليس مجددًا يا إلهي جسم	person facepalming again bewilder disbelief exasperation facepalm no not oh omg shock smh people body
🤦🏻	شخص محبط: بشرة بلون فاتح أشخاص إحباط راحة يد سخط محبط صدمة لا أعتقد ذلك ليس مجددًا يا إلهي جسم	person facepalming: light skin tone again bewilder disbelief exasperation facepalm no not oh omg shock smh people body
🤦🏼	شخص محبط: بشرة بلون فاتح ومعتدل أشخاص إحباط راحة يد سخط محبط صدمة لا أعتقد ذلك ليس مجددًا يا إلهي جسم	person facepalming: medium-light skin tone again bewilder disbelief exasperation facepalm no not oh omg shock smh people body
🤦🏽	شخص محبط: بشرة بلون معتدل أشخاص إحباط راحة يد سخط محبط صدمة لا أعتقد ذلك ليس مجددًا يا إلهي جسم	person facepalming: medium skin tone again bewilder disbelief exasperation facepalm no not oh omg shock smh people body
🤦🏾	شخص محبط: بشرة بلون معتدل مائل للغامق أشخاص إحباط راحة يد سخط محبط صدمة لا أعتقد ذلك ليس مجددًا يا إلهي جسم	person facepalming: medium-dark skin tone again bewilder disbelief exasperation facepalm no not oh omg shock smh people body
🤦🏿	شخص محبط: بشرة بلون غامق أشخاص إحباط راحة يد سخط محبط صدمة لا أعتقد ذلك ليس مجددًا يا إلهي جسم	person facepalming: dark skin tone again bewilder disbelief exasperation facepalm no not oh omg shock smh people body
🤦‍♂️	رجل يشعر بإحباط أشخاص إحباط السخط صدمة عدم تصديق لا أصدق ليس مجددًا وضع اليد على الوجه يا إلهي جسم	man facepalming again bewilder disbelief exasperation facepalm no not oh omg shock smh people body
🤦🏻‍♂️	رجل يشعر بإحباط أشخاص إحباط السخط صدمة عدم تصديق لا أصدق ليس مجددًا وضع اليد على الوجه يا إلهي جسم	man facepalming: light skin tone facepalming again bewilder disbelief exasperation facepalm no not oh omg shock smh people body
🤦🏼‍♂️	رجل يشعر بإحباط أشخاص إحباط السخط صدمة عدم تصديق لا أصدق ليس مجددًا وضع اليد على الوجه يا إلهي جسم	man facepalming: medium-light skin tone light facepalming again bewilder disbelief exasperation facepalm no not oh omg shock smh people body
🤦🏽‍♂️	رجل يشعر بإحباط أشخاص إحباط السخط صدمة عدم تصديق لا أصدق ليس مجددًا وضع اليد على الوجه يا إلهي جسم	man facepalming: medium skin tone medium-light light facepalming again bewilder disbelief exasperation facepalm no not oh omg shock smh people body
🤦🏾‍♂️	رجل يشعر بإحباط أشخاص إحباط السخط صدمة عدم تصديق لا أصدق ليس مجددًا وضع اليد على الوجه يا إلهي جسم	man facepalming: medium-dark skin tone medium medium-light light facepalming again bewilder disbelief exasperation facepalm no not oh omg shock smh people body
🤦🏿‍♂️	رجل يشعر بإحباط أشخاص إحباط السخط صدمة عدم تصديق لا أصدق ليس مجددًا وضع اليد على الوجه يا إلهي جسم	man facepalming: dark skin tone medium-dark medium medium-light light facepalming again bewilder disbelief exasperation facepalm no not oh omg shock smh people body
🤦‍♀️	سيدة تشعر بإحباط أشخاص إحباط السخط امرأة حيرة صدمة عدم تصديق لا ليس مجددًا يا إلهي جسم	woman facepalming again bewilder disbelief exasperation facepalm no not oh omg shock smh people body
🤦🏻‍♀️	سيدة تشعر بإحباط أشخاص إحباط السخط امرأة حيرة صدمة عدم تصديق لا ليس مجددًا يا إلهي جسم	woman facepalming: light skin tone facepalming again bewilder disbelief exasperation facepalm no not oh omg shock smh people body
🤦🏼‍♀️	سيدة تشعر بإحباط أشخاص إحباط السخط امرأة حيرة صدمة عدم تصديق لا ليس مجددًا يا إلهي جسم	woman facepalming: medium-light skin tone light facepalming again bewilder disbelief exasperation facepalm no not oh omg shock smh people body
🤦🏽‍♀️	سيدة تشعر بإحباط أشخاص إحباط السخط امرأة حيرة صدمة عدم تصديق لا ليس مجددًا يا إلهي جسم	woman facepalming: medium skin tone medium-light light facepalming again bewilder disbelief exasperation facepalm no not oh omg shock smh people body
🤦🏾‍♀️	سيدة تشعر بإحباط أشخاص إحباط السخط امرأة حيرة صدمة عدم تصديق لا ليس مجددًا يا إلهي جسم	woman facepalming: medium-dark skin tone medium medium-light light facepalming again bewilder disbelief exasperation facepalm no not oh omg shock smh people body
🤦🏿‍♀️	سيدة تشعر بإحباط أشخاص إحباط السخط امرأة حيرة صدمة عدم تصديق لا ليس مجددًا يا إلهي جسم	woman facepalming: dark skin tone medium-dark medium medium-light light facepalming again bewilder disbelief exasperation facepalm no not oh omg shock smh people body
🤷	لا مبالاة أشخاص أيًا كان احتمال جهل ربما شك أعرف يوجد فرق من يدري هزة الكتف جسم	person shrugging doubt dunno guess idk ignorance indifference knows maybe shrug whatever who people body
🤷🏻	لا مبالاة: بشرة بلون فاتح أشخاص أيًا كان احتمال جهل ربما شك أعرف مبالاة يوجد فرق من يدري هزة الكتف جسم	person shrugging: light skin tone doubt dunno guess idk ignorance indifference knows maybe shrug shrugging whatever who people body
🤷🏼	لا مبالاة: بشرة بلون فاتح ومعتدل أشخاص أيًا كان احتمال جهل ربما شك أعرف مبالاة يوجد فرق من يدري هزة الكتف جسم	person shrugging: medium-light skin tone doubt dunno guess idk ignorance indifference knows maybe shrug shrugging whatever who people body
🤷🏽	لا مبالاة: بشرة بلون معتدل أشخاص أيًا كان احتمال جهل ربما شك أعرف مبالاة يوجد فرق من يدري هزة الكتف جسم	person shrugging: medium skin tone doubt dunno guess idk ignorance indifference knows maybe shrug shrugging whatever who people body
🤷🏾	لا مبالاة: بشرة بلون معتدل مائل للغامق أشخاص أيًا كان احتمال جهل ربما شك أعرف مبالاة يوجد فرق من يدري هزة الكتف جسم	person shrugging: medium-dark skin tone doubt dunno guess idk ignorance indifference knows maybe shrug shrugging whatever who people body
🤷🏿	لا مبالاة: بشرة بلون غامق أشخاص أيًا كان احتمال جهل ربما شك أعرف مبالاة يوجد فرق من يدري هزة الكتف جسم	person shrugging: dark skin tone doubt dunno guess idk ignorance indifference knows maybe shrug shrugging whatever who people body
🤷‍♂️	رجل لا يبالي أشخاص أيًا كان استهجان ربما أعرف مبالاة يهمني ما بعرف من يدري هز الكتف جسم	man shrugging doubt dunno guess idk ignorance indifference knows maybe shrug whatever who people body
🤷🏻‍♂️	رجل لا يبالي أشخاص أيًا كان استهجان ربما أعرف مبالاة يهمني ما بعرف من يدري هز الكتف جسم	man shrugging: light skin tone shrugging doubt dunno guess idk ignorance indifference knows maybe shrug whatever who people body
🤷🏼‍♂️	رجل لا يبالي أشخاص أيًا كان استهجان ربما أعرف مبالاة يهمني ما بعرف من يدري هز الكتف جسم	man shrugging: medium-light skin tone light shrugging doubt dunno guess idk ignorance indifference knows maybe shrug whatever who people body
🤷🏽‍♂️	رجل لا يبالي أشخاص أيًا كان استهجان ربما أعرف مبالاة يهمني ما بعرف من يدري هز الكتف جسم	man shrugging: medium skin tone medium-light light shrugging doubt dunno guess idk ignorance indifference knows maybe shrug whatever who people body
🤷🏾‍♂️	رجل لا يبالي أشخاص أيًا كان استهجان ربما أعرف مبالاة يهمني ما بعرف من يدري هز الكتف جسم	man shrugging: medium-dark skin tone medium medium-light light shrugging doubt dunno guess idk ignorance indifference knows maybe shrug whatever who people body
🤷🏿‍♂️	رجل لا يبالي أشخاص أيًا كان استهجان ربما أعرف مبالاة يهمني ما بعرف من يدري هز الكتف جسم	man shrugging: dark skin tone medium-dark medium medium-light light shrugging doubt dunno guess idk ignorance indifference knows maybe shrug whatever who people body
🤷‍♀️	سيدة لا تبالي أشخاص أيًا كان استهجان امرأة ربما شك أعلم مبالاة يهم ما بعرف من يدري هز الكتف جسم	woman shrugging doubt dunno guess idk ignorance indifference knows maybe shrug whatever who people body
🤷🏻‍♀️	سيدة لا تبالي أشخاص أيًا كان استهجان امرأة ربما شك أعلم مبالاة يهم ما بعرف من يدري هز الكتف جسم	woman shrugging: light skin tone shrugging doubt dunno guess idk ignorance indifference knows maybe shrug whatever who people body
🤷🏼‍♀️	سيدة لا تبالي أشخاص أيًا كان استهجان امرأة ربما شك أعلم مبالاة يهم ما بعرف من يدري هز الكتف جسم	woman shrugging: medium-light skin tone light shrugging doubt dunno guess idk ignorance indifference knows maybe shrug whatever who people body
🤷🏽‍♀️	سيدة لا تبالي أشخاص أيًا كان استهجان امرأة ربما شك أعلم مبالاة يهم ما بعرف من يدري هز الكتف جسم	woman shrugging: medium skin tone medium-light light shrugging doubt dunno guess idk ignorance indifference knows maybe shrug whatever who people body
🤷🏾‍♀️	سيدة لا تبالي أشخاص أيًا كان استهجان امرأة ربما شك أعلم مبالاة يهم ما بعرف من يدري هز الكتف جسم	woman shrugging: medium-dark skin tone medium medium-light light shrugging doubt dunno guess idk ignorance indifference knows maybe shrug whatever who people body
🤷🏿‍♀️	سيدة لا تبالي أشخاص أيًا كان استهجان امرأة ربما شك أعلم مبالاة يهم ما بعرف من يدري هز الكتف جسم	woman shrugging: dark skin tone medium-dark medium medium-light light shrugging doubt dunno guess idk ignorance indifference knows maybe shrug whatever who people body
🧑‍⚕️	موظف بقطاع الصحة رعاية صحية طبيب معالج ممرض أشخاص جسم	health worker doctor healthcare nurse therapist people body
🧑🏻‍⚕️	موظف بقطاع الصحة رعاية صحية طبيب معالج ممرض أشخاص جسم	health worker: light skin tone worker doctor healthcare nurse therapist people body
🧑🏼‍⚕️	موظف بقطاع الصحة رعاية صحية طبيب معالج ممرض أشخاص جسم	health worker: medium-light skin tone light worker doctor healthcare nurse therapist people body
🧑🏽‍⚕️	موظف بقطاع الصحة رعاية صحية طبيب معالج ممرض أشخاص جسم	health worker: medium skin tone medium-light light worker doctor healthcare nurse therapist people body
🧑🏾‍⚕️	موظف بقطاع الصحة رعاية صحية طبيب معالج ممرض أشخاص جسم	health worker: medium-dark skin tone medium medium-light light worker doctor healthcare nurse therapist people body
🧑🏿‍⚕️	موظف بقطاع الصحة رعاية صحية طبيب معالج ممرض أشخاص جسم	health worker: dark skin tone medium-dark medium medium-light light worker doctor healthcare nurse therapist people body
👨‍⚕️	عامل بقطاع الصحة دكتور رجل رعاية صحية طبيب معالج ممرض أشخاص جسم	man health worker doctor healthcare nurse therapist people body
👨🏻‍⚕️	عامل بقطاع الصحة دكتور رجل رعاية صحية طبيب معالج ممرض أشخاص جسم	man health worker: light skin tone worker doctor healthcare nurse therapist people body
👨🏼‍⚕️	عامل بقطاع الصحة دكتور رجل رعاية صحية طبيب معالج ممرض أشخاص جسم	man health worker: medium-light skin tone light worker doctor healthcare nurse therapist people body
👨🏽‍⚕️	عامل بقطاع الصحة دكتور رجل رعاية صحية طبيب معالج ممرض أشخاص جسم	man health worker: medium skin tone medium-light light worker doctor healthcare nurse therapist people body
👨🏾‍⚕️	عامل بقطاع الصحة دكتور رجل رعاية صحية طبيب معالج ممرض أشخاص جسم	man health worker: medium-dark skin tone medium medium-light light worker doctor healthcare nurse therapist people body
👨🏿‍⚕️	عامل بقطاع الصحة دكتور رجل رعاية صحية طبيب معالج ممرض أشخاص جسم	man health worker: dark skin tone medium-dark medium medium-light light worker doctor healthcare nurse therapist people body
👩‍⚕️	عاملة بقطاع الصحة امرأة دكتورة رعاية صحية طبيبة معالجة ممرضة أشخاص جسم	woman health worker doctor healthcare nurse therapist people body
👩🏻‍⚕️	عاملة بقطاع الصحة امرأة دكتورة رعاية صحية طبيبة معالجة ممرضة أشخاص جسم	woman health worker: light skin tone worker doctor healthcare nurse therapist people body
👩🏼‍⚕️	عاملة بقطاع الصحة امرأة دكتورة رعاية صحية طبيبة معالجة ممرضة أشخاص جسم	woman health worker: medium-light skin tone light worker doctor healthcare nurse therapist people body
👩🏽‍⚕️	عاملة بقطاع الصحة امرأة دكتورة رعاية صحية طبيبة معالجة ممرضة أشخاص جسم	woman health worker: medium skin tone medium-light light worker doctor healthcare nurse therapist people body
👩🏾‍⚕️	عاملة بقطاع الصحة امرأة دكتورة رعاية صحية طبيبة معالجة ممرضة أشخاص جسم	woman health worker: medium-dark skin tone medium medium-light light worker doctor healthcare nurse therapist people body
👩🏿‍⚕️	عاملة بقطاع الصحة امرأة دكتورة رعاية صحية طبيبة معالجة ممرضة أشخاص جسم	woman health worker: dark skin tone medium-dark medium medium-light light worker doctor healthcare nurse therapist people body
🧑‍🎓	طالِب خريج طالب أشخاص جسم	student graduate people body
🧑🏻‍🎓	طالِب: بشرة بلون فاتح خريج طالب طالِب أشخاص جسم	student: light skin tone graduate student people body
🧑🏼‍🎓	طالِب: بشرة بلون فاتح ومعتدل خريج طالب طالِب أشخاص جسم	student: medium-light skin tone graduate student people body
🧑🏽‍🎓	طالِب: بشرة بلون معتدل خريج طالب طالِب أشخاص جسم	student: medium skin tone graduate student people body
🧑🏾‍🎓	طالِب: بشرة بلون معتدل مائل للغامق خريج طالب طالِب أشخاص جسم	student: medium-dark skin tone graduate student people body
🧑🏿‍🎓	طالِب: بشرة بلون غامق خريج طالب طالِب أشخاص جسم	student: dark skin tone graduate student people body
👨‍🎓	طالب تلميذ خريج رجل أشخاص جسم	man student graduate people body
👨🏻‍🎓	طالب: بشرة بلون فاتح تلميذ خريج رجل طالب أشخاص جسم	man student: light skin tone graduate student people body
👨🏼‍🎓	طالب: بشرة بلون فاتح ومعتدل تلميذ خريج رجل طالب أشخاص جسم	man student: medium-light skin tone graduate student people body
👨🏽‍🎓	طالب: بشرة بلون معتدل تلميذ خريج رجل طالب أشخاص جسم	man student: medium skin tone graduate student people body
👨🏾‍🎓	طالب: بشرة بلون معتدل مائل للغامق تلميذ خريج رجل طالب أشخاص جسم	man student: medium-dark skin tone graduate student people body
👨🏿‍🎓	طالب: بشرة بلون غامق تلميذ خريج رجل طالب أشخاص جسم	man student: dark skin tone graduate student people body
👩‍🎓	طالبة امرأة تخرج تلميذة خريجة سيدة أشخاص جسم	woman student graduate people body
👩🏻‍🎓	طالبة: بشرة بلون فاتح امرأة تخرج تلميذة خريجة سيدة طالبة أشخاص جسم	woman student: light skin tone graduate student people body
👩🏼‍🎓	طالبة: بشرة بلون فاتح ومعتدل امرأة تخرج تلميذة خريجة سيدة طالبة أشخاص جسم	woman student: medium-light skin tone graduate student people body
👩🏽‍🎓	طالبة: بشرة بلون معتدل امرأة تخرج تلميذة خريجة سيدة طالبة أشخاص جسم	woman student: medium skin tone graduate student people body
👩🏾‍🎓	طالبة: بشرة بلون معتدل مائل للغامق امرأة تخرج تلميذة خريجة سيدة طالبة أشخاص جسم	woman student: medium-dark skin tone graduate student people body
👩🏿‍🎓	طالبة: بشرة بلون غامق امرأة تخرج تلميذة خريجة سيدة طالبة أشخاص جسم	woman student: dark skin tone graduate student people body
🧑‍🏫	أستاذ مدرس معلم أشخاص جسم	teacher instructor lecturer professor people body
🧑🏻‍🏫	أستاذ: بشرة بلون فاتح أستاذ مدرس معلم أشخاص جسم	teacher: light skin tone instructor lecturer professor teacher people body
🧑🏼‍🏫	أستاذ: بشرة بلون فاتح ومعتدل أستاذ مدرس معلم أشخاص جسم	teacher: medium-light skin tone instructor lecturer professor teacher people body
🧑🏽‍🏫	أستاذ: بشرة بلون معتدل أستاذ مدرس معلم أشخاص جسم	teacher: medium skin tone instructor lecturer professor teacher people body
🧑🏾‍🏫	أستاذ: بشرة بلون معتدل مائل للغامق أستاذ مدرس معلم أشخاص جسم	teacher: medium-dark skin tone instructor lecturer professor teacher people body
🧑🏿‍🏫	أستاذ: بشرة بلون غامق أستاذ مدرس معلم أشخاص جسم	teacher: dark skin tone instructor lecturer professor teacher people body
👨‍🏫	معلم أستاذ جامعي بروفسور رجل مدرس مربي أشخاص جسم	man teacher instructor lecturer professor people body
👨🏻‍🏫	معلم: بشرة بلون فاتح أستاذ جامعي بروفسور رجل مدرس مربي معلم أشخاص جسم	man teacher: light skin tone instructor lecturer professor teacher people body
👨🏼‍🏫	معلم: بشرة بلون فاتح ومعتدل أستاذ جامعي بروفسور رجل مدرس مربي معلم أشخاص جسم	man teacher: medium-light skin tone instructor lecturer professor teacher people body
👨🏽‍🏫	معلم: بشرة بلون معتدل أستاذ جامعي بروفسور رجل مدرس مربي معلم أشخاص جسم	man teacher: medium skin tone instructor lecturer professor teacher people body
👨🏾‍🏫	معلم: بشرة بلون معتدل مائل للغامق أستاذ جامعي بروفسور رجل مدرس مربي معلم أشخاص جسم	man teacher: medium-dark skin tone instructor lecturer professor teacher people body
👨🏿‍🏫	معلم: بشرة بلون غامق أستاذ جامعي بروفسور رجل مدرس مربي معلم أشخاص جسم	man teacher: dark skin tone instructor lecturer professor teacher people body
👩‍🏫	معلمة أستاذة جامعية امرأة سيدة مدرسة مربية نظارات أشخاص جسم	woman teacher instructor lecturer professor people body
👩🏻‍🏫	معلمة: بشرة بلون فاتح أستاذة جامعية امرأة سيدة مدرسة مربية معلمة نظارات أشخاص جسم	woman teacher: light skin tone instructor lecturer professor teacher people body
👩🏼‍🏫	معلمة: بشرة بلون فاتح ومعتدل أستاذة جامعية امرأة سيدة مدرسة مربية معلمة نظارات أشخاص جسم	woman teacher: medium-light skin tone instructor lecturer professor teacher people body
👩🏽‍🏫	معلمة: بشرة بلون معتدل أستاذة جامعية امرأة سيدة مدرسة مربية معلمة نظارات أشخاص جسم	woman teacher: medium skin tone instructor lecturer professor teacher people body
👩🏾‍🏫	معلمة: بشرة بلون معتدل مائل للغامق أستاذة جامعية امرأة سيدة مدرسة مربية معلمة نظارات أشخاص جسم	woman teacher: medium-dark skin tone instructor lecturer professor teacher people body
👩🏿‍🏫	معلمة: بشرة بلون غامق أستاذة جامعية امرأة سيدة مدرسة مربية معلمة نظارات أشخاص جسم	woman teacher: dark skin tone instructor lecturer professor teacher people body
🧑‍⚖️	قاضي عدالة عدل أشخاص جسم	judge justice law scales people body
🧑🏻‍⚖️	قاضي عدالة عدل أشخاص جسم	judge: light skin tone judge justice law scales people body
🧑🏼‍⚖️	قاضي عدالة عدل أشخاص جسم	judge: medium-light skin tone light judge justice law scales people body
🧑🏽‍⚖️	قاضي عدالة عدل أشخاص جسم	judge: medium skin tone medium-light light judge justice law scales people body
🧑🏾‍⚖️	قاضي عدالة عدل أشخاص جسم	judge: medium-dark skin tone medium medium-light light judge justice law scales people body
🧑🏿‍⚖️	قاضي عدالة عدل أشخاص جسم	judge: dark skin tone medium-dark medium medium-light light judge justice law scales people body
👨‍⚖️	قاضٍ رجل عدالة عدل قاض أشخاص جسم	man judge justice law scales people body
👨🏻‍⚖️	قاضٍ رجل عدالة عدل قاض أشخاص جسم	man judge: light skin tone judge justice law scales people body
👨🏼‍⚖️	قاضٍ رجل عدالة عدل قاض أشخاص جسم	man judge: medium-light skin tone light judge justice law scales people body
👨🏽‍⚖️	قاضٍ رجل عدالة عدل قاض أشخاص جسم	man judge: medium skin tone medium-light light judge justice law scales people body
👨🏾‍⚖️	قاضٍ رجل عدالة عدل قاض أشخاص جسم	man judge: medium-dark skin tone medium medium-light light judge justice law scales people body
👨🏿‍⚖️	قاضٍ رجل عدالة عدل قاض أشخاص جسم	man judge: dark skin tone medium-dark medium medium-light light judge justice law scales people body
👩‍⚖️	قاضية امرأة عدالة عدل أشخاص جسم	woman judge justice law scales people body
👩🏻‍⚖️	قاضية امرأة عدالة عدل أشخاص جسم	woman judge: light skin tone judge justice law scales people body
👩🏼‍⚖️	قاضية امرأة عدالة عدل أشخاص جسم	woman judge: medium-light skin tone light judge justice law scales people body
👩🏽‍⚖️	قاضية امرأة عدالة عدل أشخاص جسم	woman judge: medium skin tone medium-light light judge justice law scales people body
👩🏾‍⚖️	قاضية امرأة عدالة عدل أشخاص جسم	woman judge: medium-dark skin tone medium medium-light light judge justice law scales people body
👩🏿‍⚖️	قاضية امرأة عدالة عدل أشخاص جسم	woman judge: dark skin tone medium-dark medium medium-light light judge justice law scales people body
🧑‍🌾	مُزارع عامل زراعي فلاح مزارع منسق حدائق أشخاص جسم	farmer gardener rancher people body
🧑🏻‍🌾	مُزارع: بشرة بلون فاتح عامل زراعي فلاح مزارع مُزارع منسق حدائق أشخاص جسم	farmer: light skin tone farmer gardener rancher people body
🧑🏼‍🌾	مُزارع: بشرة بلون فاتح ومعتدل عامل زراعي فلاح مزارع مُزارع منسق حدائق أشخاص جسم	farmer: medium-light skin tone farmer gardener rancher people body
🧑🏽‍🌾	مُزارع: بشرة بلون معتدل عامل زراعي فلاح مزارع مُزارع منسق حدائق أشخاص جسم	farmer: medium skin tone farmer gardener rancher people body
🧑🏾‍🌾	مُزارع: بشرة بلون معتدل مائل للغامق عامل زراعي فلاح مزارع مُزارع منسق حدائق أشخاص جسم	farmer: medium-dark skin tone farmer gardener rancher people body
🧑🏿‍🌾	مُزارع: بشرة بلون غامق عامل زراعي فلاح مزارع مُزارع منسق حدائق أشخاص جسم	farmer: dark skin tone farmer gardener rancher people body
👨‍🌾	مزارع رجل عامل زراعي فلاح منسق حدائق أشخاص جسم	man farmer gardener rancher people body
👨🏻‍🌾	مزارع: بشرة بلون فاتح رجل عامل زراعي فلاح مزارع منسق حدائق أشخاص جسم	man farmer: light skin tone farmer gardener rancher people body
👨🏼‍🌾	مزارع: بشرة بلون فاتح ومعتدل رجل عامل زراعي فلاح مزارع منسق حدائق أشخاص جسم	man farmer: medium-light skin tone farmer gardener rancher people body
👨🏽‍🌾	مزارع: بشرة بلون معتدل رجل عامل زراعي فلاح مزارع منسق حدائق أشخاص جسم	man farmer: medium skin tone farmer gardener rancher people body
👨🏾‍🌾	مزارع: بشرة بلون معتدل مائل للغامق رجل عامل زراعي فلاح مزارع منسق حدائق أشخاص جسم	man farmer: medium-dark skin tone farmer gardener rancher people body
👨🏿‍🌾	مزارع: بشرة بلون غامق رجل عامل زراعي فلاح مزارع منسق حدائق أشخاص جسم	man farmer: dark skin tone farmer gardener rancher people body
👩‍🌾	مزارعة امرأة سيدة عاملة زراعية فلاحة منسقة حدائق أشخاص جسم	woman farmer gardener rancher people body
👩🏻‍🌾	مزارعة: بشرة بلون فاتح امرأة سيدة عاملة زراعية فلاحة مزارعة منسقة حدائق أشخاص جسم	woman farmer: light skin tone farmer gardener rancher people body
👩🏼‍🌾	مزارعة: بشرة بلون فاتح ومعتدل امرأة سيدة عاملة زراعية فلاحة مزارعة منسقة حدائق أشخاص جسم	woman farmer: medium-light skin tone farmer gardener rancher people body
👩🏽‍🌾	مزارعة: بشرة بلون معتدل امرأة سيدة عاملة زراعية فلاحة مزارعة منسقة حدائق أشخاص جسم	woman farmer: medium skin tone farmer gardener rancher people body
👩🏾‍🌾	مزارعة: بشرة بلون معتدل مائل للغامق امرأة سيدة عاملة زراعية فلاحة مزارعة منسقة حدائق أشخاص جسم	woman farmer: medium-dark skin tone farmer gardener rancher people body
👩🏿‍🌾	مزارعة: بشرة بلون غامق امرأة سيدة عاملة زراعية فلاحة مزارعة منسقة حدائق أشخاص جسم	woman farmer: dark skin tone farmer gardener rancher people body
🧑‍🍳	طاهي شيف طاه طباخ أشخاص جسم	cook chef people body
🧑🏻‍🍳	طاهي: بشرة بلون فاتح شيف طاه طاهي طباخ أشخاص جسم	cook: light skin tone chef cook people body
🧑🏼‍🍳	طاهي: بشرة بلون فاتح ومعتدل شيف طاه طاهي طباخ أشخاص جسم	cook: medium-light skin tone chef cook people body
🧑🏽‍🍳	طاهي: بشرة بلون معتدل شيف طاه طاهي طباخ أشخاص جسم	cook: medium skin tone chef cook people body
🧑🏾‍🍳	طاهي: بشرة بلون معتدل مائل للغامق شيف طاه طاهي طباخ أشخاص جسم	cook: medium-dark skin tone chef cook people body
🧑🏿‍🍳	طاهي: بشرة بلون غامق شيف طاه طاهي طباخ أشخاص جسم	cook: dark skin tone chef cook people body
👨‍🍳	طباخ رجل شيف طاه طبخ أشخاص جسم	man cook chef people body
👨🏻‍🍳	طباخ: بشرة بلون فاتح رجل شيف طاه طباخ طبخ أشخاص جسم	man cook: light skin tone chef cook people body
👨🏼‍🍳	طباخ: بشرة بلون فاتح ومعتدل رجل شيف طاه طباخ طبخ أشخاص جسم	man cook: medium-light skin tone chef cook people body
👨🏽‍🍳	طباخ: بشرة بلون معتدل رجل شيف طاه طباخ طبخ أشخاص جسم	man cook: medium skin tone chef cook people body
👨🏾‍🍳	طباخ: بشرة بلون معتدل مائل للغامق رجل شيف طاه طباخ طبخ أشخاص جسم	man cook: medium-dark skin tone chef cook people body
👨🏿‍🍳	طباخ: بشرة بلون غامق رجل شيف طاه طباخ طبخ أشخاص جسم	man cook: dark skin tone chef cook people body
👩‍🍳	طباخة أمرأة سيدة شيف طاهية أشخاص جسم	woman cook chef people body
👩🏻‍🍳	طباخة: بشرة بلون فاتح أمرأة سيدة شيف طاهية طباخة أشخاص جسم	woman cook: light skin tone chef cook people body
👩🏼‍🍳	طباخة: بشرة بلون فاتح ومعتدل أمرأة سيدة شيف طاهية طباخة أشخاص جسم	woman cook: medium-light skin tone chef cook people body
👩🏽‍🍳	طباخة: بشرة بلون معتدل أمرأة سيدة شيف طاهية طباخة أشخاص جسم	woman cook: medium skin tone chef cook people body
👩🏾‍🍳	طباخة: بشرة بلون معتدل مائل للغامق أمرأة سيدة شيف طاهية طباخة أشخاص جسم	woman cook: medium-dark skin tone chef cook people body
👩🏿‍🍳	طباخة: بشرة بلون غامق أمرأة سيدة شيف طاهية طباخة أشخاص جسم	woman cook: dark skin tone chef cook people body
🧑‍🔧	خبير ميكانيكي تاجر حرفي سباك كهربائي أشخاص جسم	mechanic electrician plumber tradesperson people body
🧑🏻‍🔧	خبير ميكانيكي: بشرة بلون فاتح تاجر حرفي ميكانيكي سباك كهربائي أشخاص جسم	mechanic: light skin tone electrician mechanic plumber tradesperson people body
🧑🏼‍🔧	خبير ميكانيكي: بشرة بلون فاتح ومعتدل تاجر حرفي ميكانيكي سباك كهربائي أشخاص جسم	mechanic: medium-light skin tone electrician mechanic plumber tradesperson people body
🧑🏽‍🔧	خبير ميكانيكي: بشرة بلون معتدل تاجر حرفي ميكانيكي سباك كهربائي أشخاص جسم	mechanic: medium skin tone electrician mechanic plumber tradesperson people body
🧑🏾‍🔧	خبير ميكانيكي: بشرة بلون معتدل مائل للغامق تاجر حرفي ميكانيكي سباك كهربائي أشخاص جسم	mechanic: medium-dark skin tone electrician mechanic plumber tradesperson people body
🧑🏿‍🔧	خبير ميكانيكي: بشرة بلون غامق تاجر حرفي ميكانيكي سباك كهربائي أشخاص جسم	mechanic: dark skin tone electrician mechanic plumber tradesperson people body
👨‍🔧	ميكانيكي حرفي سمكري سنغري سنكري عامل ميكانيسيان أشخاص جسم	man mechanic electrician plumber tradesperson people body
👨🏻‍🔧	ميكانيكي: بشرة بلون فاتح حرفي سمكري سنغري سنكري عامل ميكانيسيان ميكانيكي أشخاص جسم	man mechanic: light skin tone electrician mechanic plumber tradesperson people body
👨🏼‍🔧	ميكانيكي: بشرة بلون فاتح ومعتدل حرفي سمكري سنغري سنكري عامل ميكانيسيان ميكانيكي أشخاص جسم	man mechanic: medium-light skin tone electrician mechanic plumber tradesperson people body
👨🏽‍🔧	ميكانيكي: بشرة بلون معتدل حرفي سمكري سنغري سنكري عامل ميكانيسيان ميكانيكي أشخاص جسم	man mechanic: medium skin tone electrician mechanic plumber tradesperson people body
👨🏾‍🔧	ميكانيكي: بشرة بلون معتدل مائل للغامق حرفي سمكري سنغري سنكري عامل ميكانيسيان ميكانيكي أشخاص جسم	man mechanic: medium-dark skin tone electrician mechanic plumber tradesperson people body
👨🏿‍🔧	ميكانيكي: بشرة بلون غامق حرفي سمكري سنغري سنكري عامل ميكانيسيان ميكانيكي أشخاص جسم	man mechanic: dark skin tone electrician mechanic plumber tradesperson people body
👩‍🔧	ميكانيكية امرأة حرفية سمكرية سيدة عاملة كهربائية مهنية أشخاص جسم	woman mechanic electrician plumber tradesperson people body
👩🏻‍🔧	ميكانيكية: بشرة بلون فاتح امرأة حرفية سمكرية سيدة عاملة كهربائية مهنية ميكانيكية أشخاص جسم	woman mechanic: light skin tone electrician mechanic plumber tradesperson people body
👩🏼‍🔧	ميكانيكية: بشرة بلون فاتح ومعتدل امرأة حرفية سمكرية سيدة عاملة كهربائية مهنية ميكانيكية أشخاص جسم	woman mechanic: medium-light skin tone electrician mechanic plumber tradesperson people body
👩🏽‍🔧	ميكانيكية: بشرة بلون معتدل امرأة حرفية سمكرية سيدة عاملة كهربائية مهنية ميكانيكية أشخاص جسم	woman mechanic: medium skin tone electrician mechanic plumber tradesperson people body
👩🏾‍🔧	ميكانيكية: بشرة بلون معتدل مائل للغامق امرأة حرفية سمكرية سيدة عاملة كهربائية مهنية ميكانيكية أشخاص جسم	woman mechanic: medium-dark skin tone electrician mechanic plumber tradesperson people body
👩🏿‍🔧	ميكانيكية: بشرة بلون غامق امرأة حرفية سمكرية سيدة عاملة كهربائية مهنية ميكانيكية أشخاص جسم	woman mechanic: dark skin tone electrician mechanic plumber tradesperson people body
🧑‍🏭	عامل في مصنع تجميع صناعة أشخاص جسم	factory worker assembly industrial people body
🧑🏻‍🏭	عامل في مصنع: بشرة بلون فاتح تجميع صناعة مصنع أشخاص جسم	factory worker: light skin tone assembly industrial worker people body
🧑🏼‍🏭	عامل في مصنع: بشرة بلون فاتح ومعتدل تجميع صناعة مصنع أشخاص جسم	factory worker: medium-light skin tone assembly industrial worker people body
🧑🏽‍🏭	عامل في مصنع: بشرة بلون معتدل تجميع صناعة مصنع أشخاص جسم	factory worker: medium skin tone assembly industrial worker people body
🧑🏾‍🏭	عامل في مصنع: بشرة بلون معتدل مائل للغامق تجميع صناعة مصنع أشخاص جسم	factory worker: medium-dark skin tone assembly industrial worker people body
🧑🏿‍🏭	عامل في مصنع: بشرة بلون غامق تجميع صناعة مصنع أشخاص جسم	factory worker: dark skin tone assembly industrial worker people body
👨‍🏭	عامل مصنع تجميع رجل صناعة أشخاص جسم	man factory worker assembly industrial people body
👨🏻‍🏭	عامل مصنع: بشرة بلون فاتح تجميع رجل صناعة مصنع أشخاص جسم	man factory worker: light skin tone assembly industrial worker people body
👨🏼‍🏭	عامل مصنع: بشرة بلون فاتح ومعتدل تجميع رجل صناعة مصنع أشخاص جسم	man factory worker: medium-light skin tone assembly industrial worker people body
👨🏽‍🏭	عامل مصنع: بشرة بلون معتدل تجميع رجل صناعة مصنع أشخاص جسم	man factory worker: medium skin tone assembly industrial worker people body
👨🏾‍🏭	عامل مصنع: بشرة بلون معتدل مائل للغامق تجميع رجل صناعة مصنع أشخاص جسم	man factory worker: medium-dark skin tone assembly industrial worker people body
👨🏿‍🏭	عامل مصنع: بشرة بلون غامق تجميع رجل صناعة مصنع أشخاص جسم	man factory worker: dark skin tone assembly industrial worker people body
👩‍🏭	عاملة مصنع امرأة تجميع سيدة صناعة أشخاص جسم	woman factory worker assembly industrial people body
👩🏻‍🏭	عاملة مصنع: بشرة بلون فاتح امرأة تجميع سيدة صناعة مصنع أشخاص جسم	woman factory worker: light skin tone assembly industrial worker people body
👩🏼‍🏭	عاملة مصنع: بشرة بلون فاتح ومعتدل امرأة تجميع سيدة صناعة مصنع أشخاص جسم	woman factory worker: medium-light skin tone assembly industrial worker people body
👩🏽‍🏭	عاملة مصنع: بشرة بلون معتدل امرأة تجميع سيدة صناعة مصنع أشخاص جسم	woman factory worker: medium skin tone assembly industrial worker people body
👩🏾‍🏭	عاملة مصنع: بشرة بلون معتدل مائل للغامق امرأة تجميع سيدة صناعة مصنع أشخاص جسم	woman factory worker: medium-dark skin tone assembly industrial worker people body
👩🏿‍🏭	عاملة مصنع: بشرة بلون غامق امرأة تجميع سيدة صناعة مصنع أشخاص جسم	woman factory worker: dark skin tone assembly industrial worker people body
🧑‍💼	موظف مكتب شركة مدير مهندس أشخاص جسم	office worker architect business manager white-collar people body
🧑🏻‍💼	موظف مكتب: بشرة بلون فاتح شركة مدير مهندس مكتب أشخاص جسم	office worker: light skin tone architect business manager white-collar worker people body
🧑🏼‍💼	موظف مكتب: بشرة بلون فاتح ومعتدل شركة مدير مهندس مكتب أشخاص جسم	office worker: medium-light skin tone architect business manager white-collar worker people body
🧑🏽‍💼	موظف مكتب: بشرة بلون معتدل شركة مدير مهندس مكتب أشخاص جسم	office worker: medium skin tone architect business manager white-collar worker people body
🧑🏾‍💼	موظف مكتب: بشرة بلون معتدل مائل للغامق شركة مدير مهندس مكتب أشخاص جسم	office worker: medium-dark skin tone architect business manager white-collar worker people body
🧑🏿‍💼	موظف مكتب: بشرة بلون غامق شركة مدير مهندس مكتب أشخاص جسم	office worker: dark skin tone architect business manager white-collar worker people body
👨‍💼	موظف رجل شركة مدير مكتب مهندس أشخاص جسم	man office worker architect business manager white-collar people body
👨🏻‍💼	موظف: بشرة بلون فاتح رجل شركة مدير مكتب مهندس موظف أشخاص جسم	man office worker: light skin tone architect business manager white-collar worker people body
👨🏼‍💼	موظف: بشرة بلون فاتح ومعتدل رجل شركة مدير مكتب مهندس موظف أشخاص جسم	man office worker: medium-light skin tone architect business manager white-collar worker people body
👨🏽‍💼	موظف: بشرة بلون معتدل رجل شركة مدير مكتب مهندس موظف أشخاص جسم	man office worker: medium skin tone architect business manager white-collar worker people body
👨🏾‍💼	موظف: بشرة بلون معتدل مائل للغامق رجل شركة مدير مكتب مهندس موظف أشخاص جسم	man office worker: medium-dark skin tone architect business manager white-collar worker people body
👨🏿‍💼	موظف: بشرة بلون غامق رجل شركة مدير مكتب مهندس موظف أشخاص جسم	man office worker: dark skin tone architect business manager white-collar worker people body
👩‍💼	موظفة امرأة سيدة شركة مديرة مكتب مهندسة أشخاص جسم	woman office worker architect business manager white-collar people body
👩🏻‍💼	موظفة: بشرة بلون فاتح امرأة سيدة شركة مديرة مكتب مهندسة موظفة أشخاص جسم	woman office worker: light skin tone architect business manager white-collar worker people body
👩🏼‍💼	موظفة: بشرة بلون فاتح ومعتدل امرأة سيدة شركة مديرة مكتب مهندسة موظفة أشخاص جسم	woman office worker: medium-light skin tone architect business manager white-collar worker people body
👩🏽‍💼	موظفة: بشرة بلون معتدل امرأة سيدة شركة مديرة مكتب مهندسة موظفة أشخاص جسم	woman office worker: medium skin tone architect business manager white-collar worker people body
👩🏾‍💼	موظفة: بشرة بلون معتدل مائل للغامق امرأة سيدة شركة مديرة مكتب مهندسة موظفة أشخاص جسم	woman office worker: medium-dark skin tone architect business manager white-collar worker people body
👩🏿‍💼	موظفة: بشرة بلون غامق امرأة سيدة شركة مديرة مكتب مهندسة موظفة أشخاص جسم	woman office worker: dark skin tone architect business manager white-collar worker people body
🧑‍🔬	عالِم بيولوجي عالم فيزيائي كيميائي مهندس أشخاص جسم	scientist biologist chemist engineer mathematician physicist people body
🧑🏻‍🔬	عالِم: بشرة بلون فاتح بيولوجي عالم عالِم فيزيائي كيميائي مهندس أشخاص جسم	scientist: light skin tone biologist chemist engineer mathematician physicist scientist people body
🧑🏼‍🔬	عالِم: بشرة بلون فاتح ومعتدل بيولوجي عالم عالِم فيزيائي كيميائي مهندس أشخاص جسم	scientist: medium-light skin tone biologist chemist engineer mathematician physicist scientist people body
🧑🏽‍🔬	عالِم: بشرة بلون معتدل بيولوجي عالم عالِم فيزيائي كيميائي مهندس أشخاص جسم	scientist: medium skin tone biologist chemist engineer mathematician physicist scientist people body
🧑🏾‍🔬	عالِم: بشرة بلون معتدل مائل للغامق بيولوجي عالم عالِم فيزيائي كيميائي مهندس أشخاص جسم	scientist: medium-dark skin tone biologist chemist engineer mathematician physicist scientist people body
🧑🏿‍🔬	عالِم: بشرة بلون غامق بيولوجي عالم عالِم فيزيائي كيميائي مهندس أشخاص جسم	scientist: dark skin tone biologist chemist engineer mathematician physicist scientist people body
👨‍🔬	عالم بيولوجي رجل رياضي رياضيات فيزيائي كيميائي مهندس أشخاص جسم	man scientist biologist chemist engineer mathematician physicist people body
👨🏻‍🔬	عالم: بشرة بلون فاتح بيولوجي رجل رياضي رياضيات عالم فيزيائي كيميائي مهندس أشخاص جسم	man scientist: light skin tone biologist chemist engineer mathematician physicist scientist people body
👨🏼‍🔬	عالم: بشرة بلون فاتح ومعتدل بيولوجي رجل رياضي رياضيات عالم فيزيائي كيميائي مهندس أشخاص جسم	man scientist: medium-light skin tone biologist chemist engineer mathematician physicist scientist people body
👨🏽‍🔬	عالم: بشرة بلون معتدل بيولوجي رجل رياضي رياضيات عالم فيزيائي كيميائي مهندس أشخاص جسم	man scientist: medium skin tone biologist chemist engineer mathematician physicist scientist people body
👨🏾‍🔬	عالم: بشرة بلون معتدل مائل للغامق بيولوجي رجل رياضي رياضيات عالم فيزيائي كيميائي مهندس أشخاص جسم	man scientist: medium-dark skin tone biologist chemist engineer mathematician physicist scientist people body
👨🏿‍🔬	عالم: بشرة بلون غامق بيولوجي رجل رياضي رياضيات عالم فيزيائي كيميائي مهندس أشخاص جسم	man scientist: dark skin tone biologist chemist engineer mathematician physicist scientist people body
👩‍🔬	عالِمة امرأة بيولوجية سيدة عالمة فيزيائية كيميائية مهندسة أشخاص جسم	woman scientist biologist chemist engineer mathematician physicist people body
👩🏻‍🔬	عالِمة: بشرة بلون فاتح امرأة بيولوجية سيدة عالمة عالِمة فيزيائية كيميائية مهندسة أشخاص جسم	woman scientist: light skin tone biologist chemist engineer mathematician physicist scientist people body
👩🏼‍🔬	عالِمة: بشرة بلون فاتح ومعتدل امرأة بيولوجية سيدة عالمة عالِمة فيزيائية كيميائية مهندسة أشخاص جسم	woman scientist: medium-light skin tone biologist chemist engineer mathematician physicist scientist people body
👩🏽‍🔬	عالِمة: بشرة بلون معتدل امرأة بيولوجية سيدة عالمة عالِمة فيزيائية كيميائية مهندسة أشخاص جسم	woman scientist: medium skin tone biologist chemist engineer mathematician physicist scientist people body
👩🏾‍🔬	عالِمة: بشرة بلون معتدل مائل للغامق امرأة بيولوجية سيدة عالمة عالِمة فيزيائية كيميائية مهندسة أشخاص جسم	woman scientist: medium-dark skin tone biologist chemist engineer mathematician physicist scientist people body
👩🏿‍🔬	عالِمة: بشرة بلون غامق امرأة بيولوجية سيدة عالمة عالِمة فيزيائية كيميائية مهندسة أشخاص جسم	woman scientist: dark skin tone biologist chemist engineer mathematician physicist scientist people body
🧑‍💻	خبير تكنولوجيا تقني عالم مبرمج مصمم أكواد أشخاص جسم	technologist coder computer developer inventor software people body
🧑🏻‍💻	خبير تكنولوجيا: بشرة بلون فاتح تقني تكنولوجيا عالم مبرمج مصمم أكواد أشخاص جسم	technologist: light skin tone coder computer developer inventor software technologist people body
🧑🏼‍💻	خبير تكنولوجيا: بشرة بلون فاتح ومعتدل تقني تكنولوجيا عالم مبرمج مصمم أكواد أشخاص جسم	technologist: medium-light skin tone coder computer developer inventor software technologist people body
🧑🏽‍💻	خبير تكنولوجيا: بشرة بلون معتدل تقني تكنولوجيا عالم مبرمج مصمم أكواد أشخاص جسم	technologist: medium skin tone coder computer developer inventor software technologist people body
🧑🏾‍💻	خبير تكنولوجيا: بشرة بلون معتدل مائل للغامق تقني تكنولوجيا عالم مبرمج مصمم أكواد أشخاص جسم	technologist: medium-dark skin tone coder computer developer inventor software technologist people body
🧑🏿‍💻	خبير تكنولوجيا: بشرة بلون غامق تقني تكنولوجيا عالم مبرمج مصمم أكواد أشخاص جسم	technologist: dark skin tone coder computer developer inventor software technologist people body
👨‍💻	عالم تكنولوجيا تقني خبير تكنولوجي رجل كمبيوتر مبتكر مبرمج مخترع مصمم أكواد أشخاص جسم	man technologist coder computer developer inventor software people body
👨🏻‍💻	عالم تكنولوجيا: بشرة بلون فاتح تقني خبير تكنولوجي رجل تكنولوجيا كمبيوتر مبتكر مبرمج مخترع مصمم أكواد أشخاص جسم	man technologist: light skin tone coder computer developer inventor software technologist people body
👨🏼‍💻	عالم تكنولوجيا: بشرة بلون فاتح ومعتدل تقني خبير تكنولوجي رجل تكنولوجيا كمبيوتر مبتكر مبرمج مخترع مصمم أكواد أشخاص جسم	man technologist: medium-light skin tone coder computer developer inventor software technologist people body
👨🏽‍💻	عالم تكنولوجيا: بشرة بلون معتدل تقني خبير تكنولوجي رجل تكنولوجيا كمبيوتر مبتكر مبرمج مخترع مصمم أكواد أشخاص جسم	man technologist: medium skin tone coder computer developer inventor software technologist people body
👨🏾‍💻	عالم تكنولوجيا: بشرة بلون معتدل مائل للغامق تقني خبير تكنولوجي رجل تكنولوجيا كمبيوتر مبتكر مبرمج مخترع مصمم أكواد أشخاص جسم	man technologist: medium-dark skin tone coder computer developer inventor software technologist people body
👨🏿‍💻	عالم تكنولوجيا: بشرة بلون غامق تقني خبير تكنولوجي رجل تكنولوجيا كمبيوتر مبتكر مبرمج مخترع مصمم أكواد أشخاص جسم	man technologist: dark skin tone coder computer developer inventor software technologist people body
👩‍💻	عالِمة تكنولوجيا امرأة تقنية خبيرة سيدة عالمة كمبيوتر مبتكرة مبرمجة مخترعة مصممة أكواد أشخاص جسم	woman technologist coder computer developer inventor software people body
👩🏻‍💻	عالِمة تكنولوجيا: بشرة بلون فاتح امرأة تقنية خبيرة تكنولوجيا سيدة عالمة كمبيوتر مبتكرة مبرمجة مخترعة مصممة أكواد أشخاص جسم	woman technologist: light skin tone coder computer developer inventor software technologist people body
👩🏼‍💻	عالِمة تكنولوجيا: بشرة بلون فاتح ومعتدل امرأة تقنية خبيرة تكنولوجيا سيدة عالمة كمبيوتر مبتكرة مبرمجة مخترعة مصممة أكواد أشخاص جسم	woman technologist: medium-light skin tone coder computer developer inventor software technologist people body
👩🏽‍💻	عالِمة تكنولوجيا: بشرة بلون معتدل امرأة تقنية خبيرة تكنولوجيا سيدة عالمة كمبيوتر مبتكرة مبرمجة مخترعة مصممة أكواد أشخاص جسم	woman technologist: medium skin tone coder computer developer inventor software technologist people body
👩🏾‍💻	عالِمة تكنولوجيا: بشرة بلون معتدل مائل للغامق امرأة تقنية خبيرة تكنولوجيا سيدة عالمة كمبيوتر مبتكرة مبرمجة مخترعة مصممة أكواد أشخاص جسم	woman technologist: medium-dark skin tone coder computer developer inventor software technologist people body
👩🏿‍💻	عالِمة تكنولوجيا: بشرة بلون غامق امرأة تقنية خبيرة تكنولوجيا سيدة عالمة كمبيوتر مبتكرة مبرمجة مخترعة مصممة أكواد أشخاص جسم	woman technologist: dark skin tone coder computer developer inventor software technologist people body
🧑‍🎤	مغنّي استعراضي فنان مطرب مغني نجم أشخاص جسم	singer actor entertainer rock rockstar star people body
🧑🏻‍🎤	مغنّي: بشرة بلون فاتح استعراضي فنان مطرب مغني مغنّي نجم أشخاص جسم	singer: light skin tone actor entertainer rock rockstar singer star people body
🧑🏼‍🎤	مغنّي: بشرة بلون فاتح ومعتدل استعراضي فنان مطرب مغني مغنّي نجم أشخاص جسم	singer: medium-light skin tone actor entertainer rock rockstar singer star people body
🧑🏽‍🎤	مغنّي: بشرة بلون معتدل استعراضي فنان مطرب مغني مغنّي نجم أشخاص جسم	singer: medium skin tone actor entertainer rock rockstar singer star people body
🧑🏾‍🎤	مغنّي: بشرة بلون معتدل مائل للغامق استعراضي فنان مطرب مغني مغنّي نجم أشخاص جسم	singer: medium-dark skin tone actor entertainer rock rockstar singer star people body
🧑🏿‍🎤	مغنّي: بشرة بلون غامق استعراضي فنان مطرب مغني مغنّي نجم أشخاص جسم	singer: dark skin tone actor entertainer rock rockstar singer star people body
👨‍🎤	مطرب رجل روك مغني ممثل نجم وان مان شو أشخاص جسم	man singer actor entertainer rock rockstar star people body
👨🏻‍🎤	مطرب: بشرة بلون فاتح رجل روك مطرب مغني ممثل نجم وان مان شو أشخاص جسم	man singer: light skin tone actor entertainer rock rockstar singer star people body
👨🏼‍🎤	مطرب: بشرة بلون فاتح ومعتدل رجل روك مطرب مغني ممثل نجم وان مان شو أشخاص جسم	man singer: medium-light skin tone actor entertainer rock rockstar singer star people body
👨🏽‍🎤	مطرب: بشرة بلون معتدل رجل روك مطرب مغني ممثل نجم وان مان شو أشخاص جسم	man singer: medium skin tone actor entertainer rock rockstar singer star people body
👨🏾‍🎤	مطرب: بشرة بلون معتدل مائل للغامق رجل روك مطرب مغني ممثل نجم وان مان شو أشخاص جسم	man singer: medium-dark skin tone actor entertainer rock rockstar singer star people body
👨🏿‍🎤	مطرب: بشرة بلون غامق رجل روك مطرب مغني ممثل نجم وان مان شو أشخاص جسم	man singer: dark skin tone actor entertainer rock rockstar singer star people body
👩‍🎤	مطربة امرأة سيدة مغنية ممثلة نجمة أشخاص جسم	woman singer actor entertainer rock rockstar star people body
👩🏻‍🎤	مطربة: بشرة بلون فاتح امرأة سيدة مطربة مغنية ممثلة نجمة أشخاص جسم	woman singer: light skin tone actor entertainer rock rockstar singer star people body
👩🏼‍🎤	مطربة: بشرة بلون فاتح ومعتدل امرأة سيدة مطربة مغنية ممثلة نجمة أشخاص جسم	woman singer: medium-light skin tone actor entertainer rock rockstar singer star people body
👩🏽‍🎤	مطربة: بشرة بلون معتدل امرأة سيدة مطربة مغنية ممثلة نجمة أشخاص جسم	woman singer: medium skin tone actor entertainer rock rockstar singer star people body
👩🏾‍🎤	مطربة: بشرة بلون معتدل مائل للغامق امرأة سيدة مطربة مغنية ممثلة نجمة أشخاص جسم	woman singer: medium-dark skin tone actor entertainer rock rockstar singer star people body
👩🏿‍🎤	مطربة: بشرة بلون غامق امرأة سيدة مطربة مغنية ممثلة نجمة أشخاص جسم	woman singer: dark skin tone actor entertainer rock rockstar singer star people body
🧑‍🎨	فنان رسم رسام أشخاص جسم	artist palette people body
🧑🏻‍🎨	فنان رسم: بشرة بلون فاتح رسام رسم أشخاص جسم	artist: light skin tone artist palette people body
🧑🏼‍🎨	فنان رسم: بشرة بلون فاتح ومعتدل رسام رسم أشخاص جسم	artist: medium-light skin tone artist palette people body
🧑🏽‍🎨	فنان رسم: بشرة بلون معتدل رسام رسم أشخاص جسم	artist: medium skin tone artist palette people body
🧑🏾‍🎨	فنان رسم: بشرة بلون معتدل مائل للغامق رسام رسم أشخاص جسم	artist: medium-dark skin tone artist palette people body
🧑🏿‍🎨	فنان رسم: بشرة بلون غامق رسام رسم أشخاص جسم	artist: dark skin tone artist palette people body
👨‍🎨	رسام ألوان باليت تلوين رجل فنان أشخاص جسم	man artist palette people body
👨🏻‍🎨	رسام: بشرة بلون فاتح ألوان باليت تلوين رجل رسام فنان أشخاص جسم	man artist: light skin tone artist palette people body
👨🏼‍🎨	رسام: بشرة بلون فاتح ومعتدل ألوان باليت تلوين رجل رسام فنان أشخاص جسم	man artist: medium-light skin tone artist palette people body
👨🏽‍🎨	رسام: بشرة بلون معتدل ألوان باليت تلوين رجل رسام فنان أشخاص جسم	man artist: medium skin tone artist palette people body
👨🏾‍🎨	رسام: بشرة بلون معتدل مائل للغامق ألوان باليت تلوين رجل رسام فنان أشخاص جسم	man artist: medium-dark skin tone artist palette people body
👨🏿‍🎨	رسام: بشرة بلون غامق ألوان باليت تلوين رجل رسام فنان أشخاص جسم	man artist: dark skin tone artist palette people body
👩‍🎨	رسامة ألوان امرأة سيدة فنانة أشخاص جسم	woman artist palette people body
👩🏻‍🎨	رسامة: بشرة بلون فاتح ألوان امرأة رسامة سيدة فنانة أشخاص جسم	woman artist: light skin tone artist palette people body
👩🏼‍🎨	رسامة: بشرة بلون فاتح ومعتدل ألوان امرأة رسامة سيدة فنانة أشخاص جسم	woman artist: medium-light skin tone artist palette people body
👩🏽‍🎨	رسامة: بشرة بلون معتدل ألوان امرأة رسامة سيدة فنانة أشخاص جسم	woman artist: medium skin tone artist palette people body
👩🏾‍🎨	رسامة: بشرة بلون معتدل مائل للغامق ألوان امرأة رسامة سيدة فنانة أشخاص جسم	woman artist: medium-dark skin tone artist palette people body
👩🏿‍🎨	رسامة: بشرة بلون غامق ألوان امرأة رسامة سيدة فنانة أشخاص جسم	woman artist: dark skin tone artist palette people body
🧑‍✈️	ربان طائرة طيار أشخاص جسم	pilot plane people body
🧑🏻‍✈️	ربان طائرة طيار أشخاص جسم	pilot: light skin tone pilot plane people body
🧑🏼‍✈️	ربان طائرة طيار أشخاص جسم	pilot: medium-light skin tone light pilot plane people body
🧑🏽‍✈️	ربان طائرة طيار أشخاص جسم	pilot: medium skin tone medium-light light pilot plane people body
🧑🏾‍✈️	ربان طائرة طيار أشخاص جسم	pilot: medium-dark skin tone medium medium-light light pilot plane people body
🧑🏿‍✈️	ربان طائرة طيار أشخاص جسم	pilot: dark skin tone medium-dark medium medium-light light pilot plane people body
👨‍✈️	طيار ربان طائرة رجل قائد كابتن كبتن مسافر أشخاص جسم	man pilot plane people body
👨🏻‍✈️	طيار ربان طائرة رجل قائد كابتن كبتن مسافر أشخاص جسم	man pilot: light skin tone pilot plane people body
👨🏼‍✈️	طيار ربان طائرة رجل قائد كابتن كبتن مسافر أشخاص جسم	man pilot: medium-light skin tone light pilot plane people body
👨🏽‍✈️	طيار ربان طائرة رجل قائد كابتن كبتن مسافر أشخاص جسم	man pilot: medium skin tone medium-light light pilot plane people body
👨🏾‍✈️	طيار ربان طائرة رجل قائد كابتن كبتن مسافر أشخاص جسم	man pilot: medium-dark skin tone medium medium-light light pilot plane people body
👨🏿‍✈️	طيار ربان طائرة رجل قائد كابتن كبتن مسافر أشخاص جسم	man pilot: dark skin tone medium-dark medium medium-light light pilot plane people body
👩‍✈️	ربّانة طائرة امرأة طيارة طيرجية قائدة كابتن كبتن مسافرة أشخاص جسم	woman pilot plane people body
👩🏻‍✈️	ربّانة طائرة امرأة طيارة طيرجية قائدة كابتن كبتن مسافرة أشخاص جسم	woman pilot: light skin tone pilot plane people body
👩🏼‍✈️	ربّانة طائرة امرأة طيارة طيرجية قائدة كابتن كبتن مسافرة أشخاص جسم	woman pilot: medium-light skin tone light pilot plane people body
👩🏽‍✈️	ربّانة طائرة امرأة طيارة طيرجية قائدة كابتن كبتن مسافرة أشخاص جسم	woman pilot: medium skin tone medium-light light pilot plane people body
👩🏾‍✈️	ربّانة طائرة امرأة طيارة طيرجية قائدة كابتن كبتن مسافرة أشخاص جسم	woman pilot: medium-dark skin tone medium medium-light light pilot plane people body
👩🏿‍✈️	ربّانة طائرة امرأة طيارة طيرجية قائدة كابتن كبتن مسافرة أشخاص جسم	woman pilot: dark skin tone medium-dark medium medium-light light pilot plane people body
🧑‍🚀	رائد الفضاء فضاء صاروخ أشخاص جسم	astronaut rocket space people body
🧑🏻‍🚀	رائد الفضاء: بشرة بلون فاتح الفضاء فضاء صاروخ أشخاص جسم	astronaut: light skin tone astronaut rocket space people body
🧑🏼‍🚀	رائد الفضاء: بشرة بلون فاتح ومعتدل الفضاء فضاء صاروخ أشخاص جسم	astronaut: medium-light skin tone astronaut rocket space people body
🧑🏽‍🚀	رائد الفضاء: بشرة بلون معتدل الفضاء فضاء صاروخ أشخاص جسم	astronaut: medium skin tone astronaut rocket space people body
🧑🏾‍🚀	رائد الفضاء: بشرة بلون معتدل مائل للغامق الفضاء فضاء صاروخ أشخاص جسم	astronaut: medium-dark skin tone astronaut rocket space people body
🧑🏿‍🚀	رائد الفضاء: بشرة بلون غامق الفضاء فضاء صاروخ أشخاص جسم	astronaut: dark skin tone astronaut rocket space people body
👨‍🚀	رائد فضاء رجل صاروخ عالم ملاح أشخاص جسم	man astronaut rocket space people body
👨🏻‍🚀	رائد فضاء: بشرة بلون فاتح فضاء رجل صاروخ عالم ملاح أشخاص جسم	man astronaut: light skin tone astronaut rocket space people body
👨🏼‍🚀	رائد فضاء: بشرة بلون فاتح ومعتدل فضاء رجل صاروخ عالم ملاح أشخاص جسم	man astronaut: medium-light skin tone astronaut rocket space people body
👨🏽‍🚀	رائد فضاء: بشرة بلون معتدل فضاء رجل صاروخ عالم ملاح أشخاص جسم	man astronaut: medium skin tone astronaut rocket space people body
👨🏾‍🚀	رائد فضاء: بشرة بلون معتدل مائل للغامق فضاء رجل صاروخ عالم ملاح أشخاص جسم	man astronaut: medium-dark skin tone astronaut rocket space people body
👨🏿‍🚀	رائد فضاء: بشرة بلون غامق فضاء رجل صاروخ عالم ملاح أشخاص جسم	man astronaut: dark skin tone astronaut rocket space people body
👩‍🚀	رائدة فضاء امرأة سيدة ملاحة أشخاص جسم	woman astronaut rocket space people body
👩🏻‍🚀	رائدة فضاء: بشرة بلون فاتح امرأة فضاء سيدة ملاحة أشخاص جسم	woman astronaut: light skin tone astronaut rocket space people body
👩🏼‍🚀	رائدة فضاء: بشرة بلون فاتح ومعتدل امرأة فضاء سيدة ملاحة أشخاص جسم	woman astronaut: medium-light skin tone astronaut rocket space people body
👩🏽‍🚀	رائدة فضاء: بشرة بلون معتدل امرأة فضاء سيدة ملاحة أشخاص جسم	woman astronaut: medium skin tone astronaut rocket space people body
👩🏾‍🚀	رائدة فضاء: بشرة بلون معتدل مائل للغامق امرأة فضاء سيدة ملاحة أشخاص جسم	woman astronaut: medium-dark skin tone astronaut rocket space people body
👩🏿‍🚀	رائدة فضاء: بشرة بلون غامق امرأة فضاء سيدة ملاحة أشخاص جسم	woman astronaut: dark skin tone astronaut rocket space people body
🧑‍🚒	إطفائي عربة إطفاء أشخاص جسم	firefighter fire firetruck people body
🧑🏻‍🚒	إطفائي: بشرة بلون فاتح إطفائي عربة إطفاء أشخاص جسم	firefighter: light skin tone fire firefighter firetruck people body
🧑🏼‍🚒	إطفائي: بشرة بلون فاتح ومعتدل إطفائي عربة إطفاء أشخاص جسم	firefighter: medium-light skin tone fire firefighter firetruck people body
🧑🏽‍🚒	إطفائي: بشرة بلون معتدل إطفائي عربة إطفاء أشخاص جسم	firefighter: medium skin tone fire firefighter firetruck people body
🧑🏾‍🚒	إطفائي: بشرة بلون معتدل مائل للغامق إطفائي عربة إطفاء أشخاص جسم	firefighter: medium-dark skin tone fire firefighter firetruck people body
🧑🏿‍🚒	إطفائي: بشرة بلون غامق إطفائي عربة إطفاء أشخاص جسم	firefighter: dark skin tone fire firefighter firetruck people body
👨‍🚒	رجل إطفاء اطفئجي اطفائية حريق مطافئ عامل أشخاص جسم	man firefighter fire firetruck people body
👨🏻‍🚒	رجل إطفاء: بشرة بلون فاتح إطفاء اطفئجي اطفائية حريق مطافئ عامل أشخاص جسم	man firefighter: light skin tone fire firefighter firetruck people body
👨🏼‍🚒	رجل إطفاء: بشرة بلون فاتح ومعتدل إطفاء اطفئجي اطفائية حريق مطافئ عامل أشخاص جسم	man firefighter: medium-light skin tone fire firefighter firetruck people body
👨🏽‍🚒	رجل إطفاء: بشرة بلون معتدل إطفاء اطفئجي اطفائية حريق مطافئ عامل أشخاص جسم	man firefighter: medium skin tone fire firefighter firetruck people body
👨🏾‍🚒	رجل إطفاء: بشرة بلون معتدل مائل للغامق إطفاء اطفئجي اطفائية حريق مطافئ عامل أشخاص جسم	man firefighter: medium-dark skin tone fire firefighter firetruck people body
👨🏿‍🚒	رجل إطفاء: بشرة بلون غامق إطفاء اطفئجي اطفائية حريق مطافئ عامل أشخاص جسم	man firefighter: dark skin tone fire firefighter firetruck people body
👩‍🚒	سيدة إطفاء إطفأجية إطفائية امرأة حريق مطافئ عاملة أشخاص جسم	woman firefighter fire firetruck people body
👩🏻‍🚒	سيدة إطفاء: بشرة بلون فاتح إطفأجية إطفائية امرأة حريق إطفاء مطافئ عاملة أشخاص جسم	woman firefighter: light skin tone fire firefighter firetruck people body
👩🏼‍🚒	سيدة إطفاء: بشرة بلون فاتح ومعتدل إطفأجية إطفائية امرأة حريق إطفاء مطافئ عاملة أشخاص جسم	woman firefighter: medium-light skin tone fire firefighter firetruck people body
👩🏽‍🚒	سيدة إطفاء: بشرة بلون معتدل إطفأجية إطفائية امرأة حريق إطفاء مطافئ عاملة أشخاص جسم	woman firefighter: medium skin tone fire firefighter firetruck people body
👩🏾‍🚒	سيدة إطفاء: بشرة بلون معتدل مائل للغامق إطفأجية إطفائية امرأة حريق إطفاء مطافئ عاملة أشخاص جسم	woman firefighter: medium-dark skin tone fire firefighter firetruck people body
👩🏿‍🚒	سيدة إطفاء: بشرة بلون غامق إطفأجية إطفائية امرأة حريق إطفاء مطافئ عاملة أشخاص جسم	woman firefighter: dark skin tone fire firefighter firetruck people body
👮	ضابط شرطة أشخاص اعتقال القانون درك رجل شرطي جسم	police officer apprehend arrest citation cop law over pulled undercover people body
👮🏻	ضابط شرطة: بشرة بلون فاتح أشخاص اعتقال القانون درك رجل شرطة شرطي جسم	police officer: light skin tone apprehend arrest citation cop law officer over pulled undercover people body
👮🏼	ضابط شرطة: بشرة بلون فاتح ومعتدل أشخاص اعتقال القانون درك رجل شرطة شرطي جسم	police officer: medium-light skin tone apprehend arrest citation cop law officer over pulled undercover people body
👮🏽	ضابط شرطة: بشرة بلون معتدل أشخاص اعتقال القانون درك رجل شرطة شرطي جسم	police officer: medium skin tone apprehend arrest citation cop law officer over pulled undercover people body
👮🏾	ضابط شرطة: بشرة بلون معتدل مائل للغامق أشخاص اعتقال القانون درك رجل شرطة شرطي جسم	police officer: medium-dark skin tone apprehend arrest citation cop law officer over pulled undercover people body
👮🏿	ضابط شرطة: بشرة بلون غامق أشخاص اعتقال القانون درك رجل شرطة شرطي جسم	police officer: dark skin tone apprehend arrest citation cop law officer over pulled undercover people body
👮‍♂️	شرطي شرطة ضابط أشخاص جسم	man police officer apprehend arrest citation cop law over pulled undercover people body
👮🏻‍♂️	شرطي شرطة ضابط أشخاص جسم	man police officer: light skin tone officer apprehend arrest citation cop law over pulled undercover people body
👮🏼‍♂️	شرطي شرطة ضابط أشخاص جسم	man police officer: medium-light skin tone light officer apprehend arrest citation cop law over pulled undercover people body
👮🏽‍♂️	شرطي شرطة ضابط أشخاص جسم	man police officer: medium skin tone medium-light light officer apprehend arrest citation cop law over pulled undercover people body
👮🏾‍♂️	شرطي شرطة ضابط أشخاص جسم	man police officer: medium-dark skin tone medium medium-light light officer apprehend arrest citation cop law over pulled undercover people body
👮🏿‍♂️	شرطي شرطة ضابط أشخاص جسم	man police officer: dark skin tone medium-dark medium medium-light light officer apprehend arrest citation cop law over pulled undercover people body
👮‍♀️	شرطية أشخاص اعتقال القانون امرأة توقيف جندرمة درك شرطة ضابطة جسم	woman police officer apprehend arrest citation cop law over pulled undercover people body
👮🏻‍♀️	شرطية أشخاص اعتقال القانون امرأة توقيف جندرمة درك شرطة ضابطة جسم	woman police officer: light skin tone officer apprehend arrest citation cop law over pulled undercover people body
👮🏼‍♀️	شرطية أشخاص اعتقال القانون امرأة توقيف جندرمة درك شرطة ضابطة جسم	woman police officer: medium-light skin tone light officer apprehend arrest citation cop law over pulled undercover people body
👮🏽‍♀️	شرطية أشخاص اعتقال القانون امرأة توقيف جندرمة درك شرطة ضابطة جسم	woman police officer: medium skin tone medium-light light officer apprehend arrest citation cop law over pulled undercover people body
👮🏾‍♀️	شرطية أشخاص اعتقال القانون امرأة توقيف جندرمة درك شرطة ضابطة جسم	woman police officer: medium-dark skin tone medium medium-light light officer apprehend arrest citation cop law over pulled undercover people body
👮🏿‍♀️	شرطية أشخاص اعتقال القانون امرأة توقيف جندرمة درك شرطة ضابطة جسم	woman police officer: dark skin tone medium-dark medium medium-light light officer apprehend arrest citation cop law over pulled undercover people body
🕵️	شخص يحقّق المحقق وحيد جاسوس رجل عميل مباحث محقق مفتش أشخاص جسم	detective sleuth spy people body
🕵🏻	شخص يحقّق: بشرة بلون فاتح المحقق وحيد جاسوس رجل يحقّق عميل مباحث محقق مفتش أشخاص جسم	detective: light skin tone detective sleuth spy people body
🕵🏼	شخص يحقّق: بشرة بلون فاتح ومعتدل المحقق وحيد جاسوس رجل يحقّق عميل مباحث محقق مفتش أشخاص جسم	detective: medium-light skin tone detective sleuth spy people body
🕵🏽	شخص يحقّق: بشرة بلون معتدل المحقق وحيد جاسوس رجل يحقّق عميل مباحث محقق مفتش أشخاص جسم	detective: medium skin tone detective sleuth spy people body
🕵🏾	شخص يحقّق: بشرة بلون معتدل مائل للغامق المحقق وحيد جاسوس رجل يحقّق عميل مباحث محقق مفتش أشخاص جسم	detective: medium-dark skin tone detective sleuth spy people body
🕵🏿	شخص يحقّق: بشرة بلون غامق المحقق وحيد جاسوس رجل يحقّق عميل مباحث محقق مفتش أشخاص جسم	detective: dark skin tone detective sleuth spy people body
🕵️‍♂️	محقّق تحقيق سري رجل مباحث أشخاص جسم	man detective sleuth spy people body
🕵🏻‍♂️	محقّق تحقيق سري رجل مباحث أشخاص جسم	man detective: light skin tone detective sleuth spy people body
🕵🏼‍♂️	محقّق تحقيق سري رجل مباحث أشخاص جسم	man detective: medium-light skin tone light detective sleuth spy people body
🕵🏽‍♂️	محقّق تحقيق سري رجل مباحث أشخاص جسم	man detective: medium skin tone medium-light light detective sleuth spy people body
🕵🏾‍♂️	محقّق تحقيق سري رجل مباحث أشخاص جسم	man detective: medium-dark skin tone medium medium-light light detective sleuth spy people body
🕵🏿‍♂️	محقّق تحقيق سري رجل مباحث أشخاص جسم	man detective: dark skin tone medium-dark medium medium-light light detective sleuth spy people body
🕵️‍♀️	محقّقة امرأة بوليس سري تحقيق جاسوسة جندرمة درك سيدة مباحث أشخاص جسم	woman detective sleuth spy people body
🕵🏻‍♀️	محقّقة امرأة بوليس سري تحقيق جاسوسة جندرمة درك سيدة مباحث أشخاص جسم	woman detective: light skin tone detective sleuth spy people body
🕵🏼‍♀️	محقّقة امرأة بوليس سري تحقيق جاسوسة جندرمة درك سيدة مباحث أشخاص جسم	woman detective: medium-light skin tone light detective sleuth spy people body
🕵🏽‍♀️	محقّقة امرأة بوليس سري تحقيق جاسوسة جندرمة درك سيدة مباحث أشخاص جسم	woman detective: medium skin tone medium-light light detective sleuth spy people body
🕵🏾‍♀️	محقّقة امرأة بوليس سري تحقيق جاسوسة جندرمة درك سيدة مباحث أشخاص جسم	woman detective: medium-dark skin tone medium medium-light light detective sleuth spy people body
🕵🏿‍♀️	محقّقة امرأة بوليس سري تحقيق جاسوسة جندرمة درك سيدة مباحث أشخاص جسم	woman detective: dark skin tone medium-dark medium medium-light light detective sleuth spy people body
💂	حارس بكنغهام خفير خوذة درك رجل لندن أشخاص جسم	guard buckingham helmet london palace people body
💂🏻	حارس: بشرة بلون فاتح بكنغهام حارس خفير خوذة درك رجل لندن أشخاص جسم	guard: light skin tone buckingham guard helmet london palace people body
💂🏼	حارس: بشرة بلون فاتح ومعتدل بكنغهام حارس خفير خوذة درك رجل لندن أشخاص جسم	guard: medium-light skin tone buckingham guard helmet london palace people body
💂🏽	حارس: بشرة بلون معتدل بكنغهام حارس خفير خوذة درك رجل لندن أشخاص جسم	guard: medium skin tone buckingham guard helmet london palace people body
💂🏾	حارس: بشرة بلون معتدل مائل للغامق بكنغهام حارس خفير خوذة درك رجل لندن أشخاص جسم	guard: medium-dark skin tone buckingham guard helmet london palace people body
💂🏿	حارس: بشرة بلون غامق بكنغهام حارس خفير خوذة درك رجل لندن أشخاص جسم	guard: dark skin tone buckingham guard helmet london palace people body
💂‍♂️	رجل حراسة حارس خفير أشخاص جسم	man guard buckingham helmet london palace people body
💂🏻‍♂️	رجل حراسة حارس خفير أشخاص جسم	man guard: light skin tone guard buckingham helmet london palace people body
💂🏼‍♂️	رجل حراسة حارس خفير أشخاص جسم	man guard: medium-light skin tone light guard buckingham helmet london palace people body
💂🏽‍♂️	رجل حراسة حارس خفير أشخاص جسم	man guard: medium skin tone medium-light light guard buckingham helmet london palace people body
💂🏾‍♂️	رجل حراسة حارس خفير أشخاص جسم	man guard: medium-dark skin tone medium medium-light light guard buckingham helmet london palace people body
💂🏿‍♂️	رجل حراسة حارس خفير أشخاص جسم	man guard: dark skin tone medium-dark medium medium-light light guard buckingham helmet london palace people body
💂‍♀️	حارسة امرأة باكينغهام حرس خفيرة لندن أشخاص جسم	woman guard buckingham helmet london palace people body
💂🏻‍♀️	حارسة امرأة باكينغهام حرس خفيرة لندن أشخاص جسم	woman guard: light skin tone guard buckingham helmet london palace people body
💂🏼‍♀️	حارسة امرأة باكينغهام حرس خفيرة لندن أشخاص جسم	woman guard: medium-light skin tone light guard buckingham helmet london palace people body
💂🏽‍♀️	حارسة امرأة باكينغهام حرس خفيرة لندن أشخاص جسم	woman guard: medium skin tone medium-light light guard buckingham helmet london palace people body
💂🏾‍♀️	حارسة امرأة باكينغهام حرس خفيرة لندن أشخاص جسم	woman guard: medium-dark skin tone medium medium-light light guard buckingham helmet london palace people body
💂🏿‍♀️	حارسة امرأة باكينغهام حرس خفيرة لندن أشخاص جسم	woman guard: dark skin tone medium-dark medium medium-light light guard buckingham helmet london palace people body
🥷	نينجا خفي شخص متخفٍ متخفي محارب مقاتل مقنّع أشخاص جسم	ninja assassin fight fighter hidden person secret skills sly soldier stealth war people body
🥷🏻	نينجا: بشرة بلون فاتح خفي شخص متخفٍ متخفي محارب مقاتل مقنّع نينجا أشخاص جسم	ninja: light skin tone assassin fight fighter hidden ninja person secret skills sly soldier stealth war people body
🥷🏼	نينجا: بشرة بلون فاتح ومعتدل خفي شخص متخفٍ متخفي محارب مقاتل مقنّع نينجا أشخاص جسم	ninja: medium-light skin tone assassin fight fighter hidden ninja person secret skills sly soldier stealth war people body
🥷🏽	نينجا: بشرة بلون معتدل خفي شخص متخفٍ متخفي محارب مقاتل مقنّع نينجا أشخاص جسم	ninja: medium skin tone assassin fight fighter hidden ninja person secret skills sly soldier stealth war people body
🥷🏾	نينجا: بشرة بلون معتدل مائل للغامق خفي شخص متخفٍ متخفي محارب مقاتل مقنّع نينجا أشخاص جسم	ninja: medium-dark skin tone assassin fight fighter hidden ninja person secret skills sly soldier stealth war people body
🥷🏿	نينجا: بشرة بلون غامق خفي شخص متخفٍ متخفي محارب مقاتل مقنّع نينجا أشخاص جسم	ninja: dark skin tone assassin fight fighter hidden ninja person secret skills sly soldier stealth war people body
👷	شخص يعمل في البناء أشخاص إصلاح بناء خوذة رجل شغل عامل عمل قبعة معمرجي جسم	construction worker build fix hardhat hat man person rebuild remodel repair work people body
👷🏻	شخص يعمل في البناء: بشرة بلون فاتح أشخاص إصلاح بناء خوذة رجل البناء شغل عامل عمل قبعة معمرجي جسم	construction worker: light skin tone build fix hardhat hat man person rebuild remodel repair work worker people body
👷🏼	شخص يعمل في البناء: بشرة بلون فاتح ومعتدل أشخاص إصلاح بناء خوذة رجل البناء شغل عامل عمل قبعة معمرجي جسم	construction worker: medium-light skin tone build fix hardhat hat man person rebuild remodel repair work worker people body
👷🏽	شخص يعمل في البناء: بشرة بلون معتدل أشخاص إصلاح بناء خوذة رجل البناء شغل عامل عمل قبعة معمرجي جسم	construction worker: medium skin tone build fix hardhat hat man person rebuild remodel repair work worker people body
👷🏾	شخص يعمل في البناء: بشرة بلون معتدل مائل للغامق أشخاص إصلاح بناء خوذة رجل البناء شغل عامل عمل قبعة معمرجي جسم	construction worker: medium-dark skin tone build fix hardhat hat man person rebuild remodel repair work worker people body
👷🏿	شخص يعمل في البناء: بشرة بلون غامق أشخاص إصلاح بناء خوذة رجل البناء شغل عامل عمل قبعة معمرجي جسم	construction worker: dark skin tone build fix hardhat hat man person rebuild remodel repair work worker people body
👷‍♂️	عامل بناء تشييد أشخاص جسم	man construction worker build fix hardhat hat rebuild remodel repair work people body
👷🏻‍♂️	عامل بناء تشييد أشخاص جسم	man construction worker: light skin tone worker build fix hardhat hat rebuild remodel repair work people body
👷🏼‍♂️	عامل بناء تشييد أشخاص جسم	man construction worker: medium-light skin tone light worker build fix hardhat hat rebuild remodel repair work people body
👷🏽‍♂️	عامل بناء تشييد أشخاص جسم	man construction worker: medium skin tone medium-light light worker build fix hardhat hat rebuild remodel repair work people body
👷🏾‍♂️	عامل بناء تشييد أشخاص جسم	man construction worker: medium-dark skin tone medium medium-light light worker build fix hardhat hat rebuild remodel repair work people body
👷🏿‍♂️	عامل بناء تشييد أشخاص جسم	man construction worker: dark skin tone medium-dark medium medium-light light worker build fix hardhat hat rebuild remodel repair work people body
👷‍♀️	عاملة بناء امرأة تشييد شغل عمل معمرجية أشخاص جسم	woman construction worker build fix hardhat hat man rebuild remodel repair work people body
👷🏻‍♀️	عاملة بناء امرأة تشييد شغل عمل معمرجية أشخاص جسم	woman construction worker: light skin tone worker build fix hardhat hat man rebuild remodel repair work people body
👷🏼‍♀️	عاملة بناء امرأة تشييد شغل عمل معمرجية أشخاص جسم	woman construction worker: medium-light skin tone light worker build fix hardhat hat man rebuild remodel repair work people body
👷🏽‍♀️	عاملة بناء امرأة تشييد شغل عمل معمرجية أشخاص جسم	woman construction worker: medium skin tone medium-light light worker build fix hardhat hat man rebuild remodel repair work people body
👷🏾‍♀️	عاملة بناء امرأة تشييد شغل عمل معمرجية أشخاص جسم	woman construction worker: medium-dark skin tone medium medium-light light worker build fix hardhat hat man rebuild remodel repair work people body
👷🏿‍♀️	عاملة بناء امرأة تشييد شغل عمل معمرجية أشخاص جسم	woman construction worker: dark skin tone medium-dark medium medium-light light worker build fix hardhat hat man rebuild remodel repair work people body
🫅	شخص يرتدي تاجاً أسرة ملكية تاج تاجًا عرش ملك ملكة أشخاص جسم	person with crown monarch noble regal royal royalty people body
🫅🏻	شخص يرتدي تاجاً: بشرة بلون فاتح أسرة ملكية تاج تاجاً تاجًا عرش ملك ملكة أشخاص جسم	person with crown: light skin tone crown monarch noble regal royal royalty people body
🫅🏼	شخص يرتدي تاجاً: بشرة بلون فاتح ومعتدل أسرة ملكية تاج تاجاً تاجًا عرش ملك ملكة أشخاص جسم	person with crown: medium-light skin tone crown monarch noble regal royal royalty people body
🫅🏽	شخص يرتدي تاجاً: بشرة بلون معتدل أسرة ملكية تاج تاجاً تاجًا عرش ملك ملكة أشخاص جسم	person with crown: medium skin tone crown monarch noble regal royal royalty people body
🫅🏾	شخص يرتدي تاجاً: بشرة بلون معتدل مائل للغامق أسرة ملكية تاج تاجاً تاجًا عرش ملك ملكة أشخاص جسم	person with crown: medium-dark skin tone crown monarch noble regal royal royalty people body
🫅🏿	شخص يرتدي تاجاً: بشرة بلون غامق أسرة ملكية تاج تاجاً تاجًا عرش ملك ملكة أشخاص جسم	person with crown: dark skin tone crown monarch noble regal royal royalty people body
🤴	أمير برنس رجل سمو ملكي أشخاص جسم	prince crown fairy fairytale fantasy king royal royalty tale people body
🤴🏻	أمير: بشرة بلون فاتح أمير برنس رجل سمو ملكي أشخاص جسم	prince: light skin tone crown fairy fairytale fantasy king prince royal royalty tale people body
🤴🏼	أمير: بشرة بلون فاتح ومعتدل أمير برنس رجل سمو ملكي أشخاص جسم	prince: medium-light skin tone crown fairy fairytale fantasy king prince royal royalty tale people body
🤴🏽	أمير: بشرة بلون معتدل أمير برنس رجل سمو ملكي أشخاص جسم	prince: medium skin tone crown fairy fairytale fantasy king prince royal royalty tale people body
🤴🏾	أمير: بشرة بلون معتدل مائل للغامق أمير برنس رجل سمو ملكي أشخاص جسم	prince: medium-dark skin tone crown fairy fairytale fantasy king prince royal royalty tale people body
🤴🏿	أمير: بشرة بلون غامق أمير برنس رجل سمو ملكي أشخاص جسم	prince: dark skin tone crown fairy fairytale fantasy king prince royal royalty tale people body
👸	أميرة أشخاص تاج حدوتة خرافة قصة ملكة جسم	princess crown fairy fairytale fantasy queen royal royalty tale people body
👸🏻	أميرة: بشرة بلون فاتح أشخاص أميرة تاج حدوتة خرافة قصة ملكة جسم	princess: light skin tone crown fairy fairytale fantasy princess queen royal royalty tale people body
👸🏼	أميرة: بشرة بلون فاتح ومعتدل أشخاص أميرة تاج حدوتة خرافة قصة ملكة جسم	princess: medium-light skin tone crown fairy fairytale fantasy princess queen royal royalty tale people body
👸🏽	أميرة: بشرة بلون معتدل أشخاص أميرة تاج حدوتة خرافة قصة ملكة جسم	princess: medium skin tone crown fairy fairytale fantasy princess queen royal royalty tale people body
👸🏾	أميرة: بشرة بلون معتدل مائل للغامق أشخاص أميرة تاج حدوتة خرافة قصة ملكة جسم	princess: medium-dark skin tone crown fairy fairytale fantasy princess queen royal royalty tale people body
👸🏿	أميرة: بشرة بلون غامق أشخاص أميرة تاج حدوتة خرافة قصة ملكة جسم	princess: dark skin tone crown fairy fairytale fantasy princess queen royal royalty tale people body
👳	رجل بعمامة أشخاص يرتدي عمامة شخص متعمم شيخ يتعمم جسم	person wearing turban people body
👳🏻	رجل بعمامة: بشرة بلون فاتح أشخاص بعمامة يرتدي عمامة شخص متعمم شيخ يتعمم جسم	person wearing turban: light skin tone turban people body
👳🏼	رجل بعمامة: بشرة بلون فاتح ومعتدل أشخاص بعمامة يرتدي عمامة شخص متعمم شيخ يتعمم جسم	person wearing turban: medium-light skin tone turban people body
👳🏽	رجل بعمامة: بشرة بلون معتدل أشخاص بعمامة يرتدي عمامة شخص متعمم شيخ يتعمم جسم	person wearing turban: medium skin tone turban people body
👳🏾	رجل بعمامة: بشرة بلون معتدل مائل للغامق أشخاص بعمامة يرتدي عمامة شخص متعمم شيخ يتعمم جسم	person wearing turban: medium-dark skin tone turban people body
👳🏿	رجل بعمامة: بشرة بلون غامق أشخاص بعمامة يرتدي عمامة شخص متعمم شيخ يتعمم جسم	person wearing turban: dark skin tone turban people body
👳‍♂️	رجل يرتدي عمامة أشخاص جسم	man wearing turban people body
👳🏻‍♂️	رجل يرتدي عمامة أشخاص جسم	man wearing turban: light skin tone turban people body
👳🏼‍♂️	رجل يرتدي عمامة أشخاص جسم	man wearing turban: medium-light skin tone light turban people body
👳🏽‍♂️	رجل يرتدي عمامة أشخاص جسم	man wearing turban: medium skin tone medium-light light turban people body
👳🏾‍♂️	رجل يرتدي عمامة أشخاص جسم	man wearing turban: medium-dark skin tone medium medium-light light turban people body
👳🏿‍♂️	رجل يرتدي عمامة أشخاص جسم	man wearing turban: dark skin tone medium-dark medium medium-light light turban people body
👳‍♀️	سيدة ترتدي عمامة امرأة أشخاص جسم	woman wearing turban people body
👳🏻‍♀️	سيدة ترتدي عمامة امرأة أشخاص جسم	woman wearing turban: light skin tone turban people body
👳🏼‍♀️	سيدة ترتدي عمامة امرأة أشخاص جسم	woman wearing turban: medium-light skin tone light turban people body
👳🏽‍♀️	سيدة ترتدي عمامة امرأة أشخاص جسم	woman wearing turban: medium skin tone medium-light light turban people body
👳🏾‍♀️	سيدة ترتدي عمامة امرأة أشخاص جسم	woman wearing turban: medium-dark skin tone medium medium-light light turban people body
👳🏿‍♀️	سيدة ترتدي عمامة امرأة أشخاص جسم	woman wearing turban: dark skin tone medium-dark medium medium-light light turban people body
👲	رجل بعمامة صينية أشخاص يرتدي قبعة غوا بي ماو قلنسوة جسم	person with skullcap cap Chinese gua guapi hat mao pi people body
👲🏻	رجل بعمامة صينية: بشرة بلون فاتح أشخاص صينية يرتدي قبعة غوا بي ماو قلنسوة جسم	person with skullcap: light skin tone cap Chinese gua guapi hat mao pi skullcap people body
👲🏼	رجل بعمامة صينية: بشرة بلون فاتح ومعتدل أشخاص صينية يرتدي قبعة غوا بي ماو قلنسوة جسم	person with skullcap: medium-light skin tone cap Chinese gua guapi hat mao pi skullcap people body
👲🏽	رجل بعمامة صينية: بشرة بلون معتدل أشخاص صينية يرتدي قبعة غوا بي ماو قلنسوة جسم	person with skullcap: medium skin tone cap Chinese gua guapi hat mao pi skullcap people body
👲🏾	رجل بعمامة صينية: بشرة بلون معتدل مائل للغامق أشخاص صينية يرتدي قبعة غوا بي ماو قلنسوة جسم	person with skullcap: medium-dark skin tone cap Chinese gua guapi hat mao pi skullcap people body
👲🏿	رجل بعمامة صينية: بشرة بلون غامق أشخاص صينية يرتدي قبعة غوا بي ماو قلنسوة جسم	person with skullcap: dark skin tone cap Chinese gua guapi hat mao pi skullcap people body
🧕	امرأة محجّبة حجاب متحجبة محجبة أشخاص جسم	woman with headscarf bandana head hijab kerchief mantilla tichel people body
🧕🏻	امرأة محجّبة: بشرة بلون فاتح محجّبة حجاب متحجبة محجبة أشخاص جسم	woman with headscarf: light skin tone bandana head headscarf hijab kerchief mantilla tichel people body
🧕🏼	امرأة محجّبة: بشرة بلون فاتح ومعتدل محجّبة حجاب متحجبة محجبة أشخاص جسم	woman with headscarf: medium-light skin tone bandana head headscarf hijab kerchief mantilla tichel people body
🧕🏽	امرأة محجّبة: بشرة بلون معتدل محجّبة حجاب متحجبة محجبة أشخاص جسم	woman with headscarf: medium skin tone bandana head headscarf hijab kerchief mantilla tichel people body
🧕🏾	امرأة محجّبة: بشرة بلون معتدل مائل للغامق محجّبة حجاب متحجبة محجبة أشخاص جسم	woman with headscarf: medium-dark skin tone bandana head headscarf hijab kerchief mantilla tichel people body
🧕🏿	امرأة محجّبة: بشرة بلون غامق محجّبة حجاب متحجبة محجبة أشخاص جسم	woman with headscarf: dark skin tone bandana head headscarf hijab kerchief mantilla tichel people body
🤵	شخص ببدلة رسمية بدلة رجل بملابس سهرة زوج في عريس ملابس أشخاص جسم	person in tuxedo formal wedding people body
🤵🏻	شخص ببدلة رسمية: بشرة بلون فاتح بدلة رجل بملابس سهرة زوج رسمية في عريس ملابس أشخاص جسم	person in tuxedo: light skin tone formal tuxedo wedding people body
🤵🏼	شخص ببدلة رسمية: بشرة بلون فاتح ومعتدل بدلة رجل بملابس سهرة زوج رسمية في عريس ملابس أشخاص جسم	person in tuxedo: medium-light skin tone formal tuxedo wedding people body
🤵🏽	شخص ببدلة رسمية: بشرة بلون معتدل بدلة رجل بملابس سهرة زوج رسمية في عريس ملابس أشخاص جسم	person in tuxedo: medium skin tone formal tuxedo wedding people body
🤵🏾	شخص ببدلة رسمية: بشرة بلون معتدل مائل للغامق بدلة رجل بملابس سهرة زوج رسمية في عريس ملابس أشخاص جسم	person in tuxedo: medium-dark skin tone formal tuxedo wedding people body
🤵🏿	شخص ببدلة رسمية: بشرة بلون غامق بدلة رجل بملابس سهرة زوج رسمية في عريس ملابس أشخاص جسم	person in tuxedo: dark skin tone formal tuxedo wedding people body
🤵‍♂️	رجل يرتدي بدلة رسمية في أشخاص جسم	man in tuxedo formal groom wedding people body
🤵🏻‍♂️	رجل يرتدي بدلة رسمية في أشخاص جسم	man in tuxedo: light skin tone tuxedo formal groom wedding people body
🤵🏼‍♂️	رجل يرتدي بدلة رسمية في أشخاص جسم	man in tuxedo: medium-light skin tone light tuxedo formal groom wedding people body
🤵🏽‍♂️	رجل يرتدي بدلة رسمية في أشخاص جسم	man in tuxedo: medium skin tone medium-light light tuxedo formal groom wedding people body
🤵🏾‍♂️	رجل يرتدي بدلة رسمية في أشخاص جسم	man in tuxedo: medium-dark skin tone medium medium-light light tuxedo formal groom wedding people body
🤵🏿‍♂️	رجل يرتدي بدلة رسمية في أشخاص جسم	man in tuxedo: dark skin tone medium-dark medium medium-light light tuxedo formal groom wedding people body
🤵‍♀️	امرأة ببدلة رسمية ترتدي بدلة أشخاص جسم	woman in tuxedo formal wedding people body
🤵🏻‍♀️	امرأة ببدلة رسمية ترتدي بدلة أشخاص جسم	woman in tuxedo: light skin tone tuxedo formal wedding people body
🤵🏼‍♀️	امرأة ببدلة رسمية ترتدي بدلة أشخاص جسم	woman in tuxedo: medium-light skin tone light tuxedo formal wedding people body
🤵🏽‍♀️	امرأة ببدلة رسمية ترتدي بدلة أشخاص جسم	woman in tuxedo: medium skin tone medium-light light tuxedo formal wedding people body
🤵🏾‍♀️	امرأة ببدلة رسمية ترتدي بدلة أشخاص جسم	woman in tuxedo: medium-dark skin tone medium medium-light light tuxedo formal wedding people body
🤵🏿‍♀️	امرأة ببدلة رسمية ترتدي بدلة أشخاص جسم	woman in tuxedo: dark skin tone medium-dark medium medium-light light tuxedo formal wedding people body
👰	عروس بطرحة أشخاص امرأة حجاب زفاف زواج زوجة سيدة طرحة عرس بحجاب جسم	person with veil wedding people body
👰🏻	عروس بطرحة: بشرة بلون فاتح أشخاص امرأة حجاب زفاف زواج زوجة سيدة طرحة عرس بحجاب بطرحة جسم	person with veil: light skin tone veil wedding people body
👰🏼	عروس بطرحة: بشرة بلون فاتح ومعتدل أشخاص امرأة حجاب زفاف زواج زوجة سيدة طرحة عرس بحجاب بطرحة جسم	person with veil: medium-light skin tone veil wedding people body
👰🏽	عروس بطرحة: بشرة بلون معتدل أشخاص امرأة حجاب زفاف زواج زوجة سيدة طرحة عرس بحجاب بطرحة جسم	person with veil: medium skin tone veil wedding people body
👰🏾	عروس بطرحة: بشرة بلون معتدل مائل للغامق أشخاص امرأة حجاب زفاف زواج زوجة سيدة طرحة عرس بحجاب بطرحة جسم	person with veil: medium-dark skin tone veil wedding people body
👰🏿	عروس بطرحة: بشرة بلون غامق أشخاص امرأة حجاب زفاف زواج زوجة سيدة طرحة عرس بحجاب بطرحة جسم	person with veil: dark skin tone veil wedding people body
👰‍♂️	رجل بطرحة يرتدي طرحة أشخاص جسم	man with veil wedding people body
👰🏻‍♂️	رجل بطرحة يرتدي طرحة أشخاص جسم	man with veil: light skin tone veil wedding people body
👰🏼‍♂️	رجل بطرحة يرتدي طرحة أشخاص جسم	man with veil: medium-light skin tone light veil wedding people body
👰🏽‍♂️	رجل بطرحة يرتدي طرحة أشخاص جسم	man with veil: medium skin tone medium-light light veil wedding people body
👰🏾‍♂️	رجل بطرحة يرتدي طرحة أشخاص جسم	man with veil: medium-dark skin tone medium medium-light light veil wedding people body
👰🏿‍♂️	رجل بطرحة يرتدي طرحة أشخاص جسم	man with veil: dark skin tone medium-dark medium medium-light light veil wedding people body
👰‍♀️	امرأة بطرحة ترتدي طرحة أشخاص جسم	woman with veil bride wedding people body
👰🏻‍♀️	امرأة بطرحة ترتدي طرحة أشخاص جسم	woman with veil: light skin tone veil bride wedding people body
👰🏼‍♀️	امرأة بطرحة ترتدي طرحة أشخاص جسم	woman with veil: medium-light skin tone light veil bride wedding people body
👰🏽‍♀️	امرأة بطرحة ترتدي طرحة أشخاص جسم	woman with veil: medium skin tone medium-light light veil bride wedding people body
👰🏾‍♀️	امرأة بطرحة ترتدي طرحة أشخاص جسم	woman with veil: medium-dark skin tone medium medium-light light veil bride wedding people body
👰🏿‍♀️	امرأة بطرحة ترتدي طرحة أشخاص جسم	woman with veil: dark skin tone medium-dark medium medium-light light veil bride wedding people body
🤰	امرأة حامل بيبي حبل حبلة سيدة أشخاص جسم	pregnant woman people body
🤰🏻	امرأة حامل: بشرة بلون فاتح بيبي حامل حبل حبلة سيدة أشخاص جسم	pregnant woman: light skin tone woman people body
🤰🏼	امرأة حامل: بشرة بلون فاتح ومعتدل بيبي حامل حبل حبلة سيدة أشخاص جسم	pregnant woman: medium-light skin tone woman people body
🤰🏽	امرأة حامل: بشرة بلون معتدل بيبي حامل حبل حبلة سيدة أشخاص جسم	pregnant woman: medium skin tone woman people body
🤰🏾	امرأة حامل: بشرة بلون معتدل مائل للغامق بيبي حامل حبل حبلة سيدة أشخاص جسم	pregnant woman: medium-dark skin tone woman people body
🤰🏿	امرأة حامل: بشرة بلون غامق بيبي حامل حبل حبلة سيدة أشخاص جسم	pregnant woman: dark skin tone woman people body
🫃	رجل حامل بطن ممتلئ منتفخ أشخاص جسم	pregnant man belly bloated full overeat people body
🫃🏻	رجل حامل: بشرة بلون فاتح بطن حامل ممتلئ منتفخ أشخاص جسم	pregnant man: light skin tone belly bloated full man overeat people body
🫃🏼	رجل حامل: بشرة بلون فاتح ومعتدل بطن حامل ممتلئ منتفخ أشخاص جسم	pregnant man: medium-light skin tone belly bloated full man overeat people body
🫃🏽	رجل حامل: بشرة بلون معتدل بطن حامل ممتلئ منتفخ أشخاص جسم	pregnant man: medium skin tone belly bloated full man overeat people body
🫃🏾	رجل حامل: بشرة بلون معتدل مائل للغامق بطن حامل ممتلئ منتفخ أشخاص جسم	pregnant man: medium-dark skin tone belly bloated full man overeat people body
🫃🏿	رجل حامل: بشرة بلون غامق بطن حامل ممتلئ منتفخ أشخاص جسم	pregnant man: dark skin tone belly bloated full man overeat people body
🫄	شخص حامل بطن ممتلئ منتفخ أشخاص جسم	pregnant person belly bloated full overeat stuffed people body
🫄🏻	شخص حامل: بشرة بلون فاتح بطن حامل ممتلئ منتفخ أشخاص جسم	pregnant person: light skin tone belly bloated full overeat person stuffed people body
🫄🏼	شخص حامل: بشرة بلون فاتح ومعتدل بطن حامل ممتلئ منتفخ أشخاص جسم	pregnant person: medium-light skin tone belly bloated full overeat person stuffed people body
🫄🏽	شخص حامل: بشرة بلون معتدل بطن حامل ممتلئ منتفخ أشخاص جسم	pregnant person: medium skin tone belly bloated full overeat person stuffed people body
🫄🏾	شخص حامل: بشرة بلون معتدل مائل للغامق بطن حامل ممتلئ منتفخ أشخاص جسم	pregnant person: medium-dark skin tone belly bloated full overeat person stuffed people body
🫄🏿	شخص حامل: بشرة بلون غامق بطن حامل ممتلئ منتفخ أشخاص جسم	pregnant person: dark skin tone belly bloated full overeat person stuffed people body
🤱	رضاعة أم أمومة ترضيع رضيع شخص صدر طفل مرضعة أشخاص جسم	breast-feeding baby breast feeding mom mother nursing woman people body
🤱🏻	رضاعة: بشرة بلون فاتح أم أمومة ترضيع رضاعة رضيع شخص صدر طفل مرضعة أشخاص جسم	breast-feeding: light skin tone baby breast breast-feeding feeding mom mother nursing woman people body
🤱🏼	رضاعة: بشرة بلون فاتح ومعتدل أم أمومة ترضيع رضاعة رضيع شخص صدر طفل مرضعة أشخاص جسم	breast-feeding: medium-light skin tone baby breast breast-feeding feeding mom mother nursing woman people body
🤱🏽	رضاعة: بشرة بلون معتدل أم أمومة ترضيع رضاعة رضيع شخص صدر طفل مرضعة أشخاص جسم	breast-feeding: medium skin tone baby breast breast-feeding feeding mom mother nursing woman people body
🤱🏾	رضاعة: بشرة بلون معتدل مائل للغامق أم أمومة ترضيع رضاعة رضيع شخص صدر طفل مرضعة أشخاص جسم	breast-feeding: medium-dark skin tone baby breast breast-feeding feeding mom mother nursing woman people body
🤱🏿	رضاعة: بشرة بلون غامق أم أمومة ترضيع رضاعة رضيع شخص صدر طفل مرضعة أشخاص جسم	breast-feeding: dark skin tone baby breast breast-feeding feeding mom mother nursing woman people body
👩‍🍼	امرأة تُرضع طفلاً أمومة تغذية حليب رضاعة رضيع رعاية شخص طفل مولود أشخاص جسم	woman feeding baby feed mom mother nanny newborn nursing people body
👩🏻‍🍼	امرأة تُرضع طفلاً: بشرة بلون فاتح أمومة طفلاً تغذية حليب رضاعة رضيع رعاية شخص طفل مولود أشخاص جسم	woman feeding baby: light skin tone baby feed mom mother nanny newborn nursing people body
👩🏼‍🍼	امرأة تُرضع طفلاً: بشرة بلون فاتح ومعتدل أمومة طفلاً تغذية حليب رضاعة رضيع رعاية شخص طفل مولود أشخاص جسم	woman feeding baby: medium-light skin tone baby feed mom mother nanny newborn nursing people body
👩🏽‍🍼	امرأة تُرضع طفلاً: بشرة بلون معتدل أمومة طفلاً تغذية حليب رضاعة رضيع رعاية شخص طفل مولود أشخاص جسم	woman feeding baby: medium skin tone baby feed mom mother nanny newborn nursing people body
👩🏾‍🍼	امرأة تُرضع طفلاً: بشرة بلون معتدل مائل للغامق أمومة طفلاً تغذية حليب رضاعة رضيع رعاية شخص طفل مولود أشخاص جسم	woman feeding baby: medium-dark skin tone baby feed mom mother nanny newborn nursing people body
👩🏿‍🍼	امرأة تُرضع طفلاً: بشرة بلون غامق أمومة طفلاً تغذية حليب رضاعة رضيع رعاية شخص طفل مولود أشخاص جسم	woman feeding baby: dark skin tone baby feed mom mother nanny newborn nursing people body
👨‍🍼	رجل يُرضع طفلاً أبوة أمومة تربية رضاعة رضيع رعاية شخص طفل مولود أشخاص جسم	man feeding baby dad father feed nanny newborn nursing people body
👨🏻‍🍼	رجل يُرضع طفلاً: بشرة بلون فاتح أبوة أمومة تربية طفلاً رضاعة رضيع رعاية شخص طفل مولود أشخاص جسم	man feeding baby: light skin tone baby dad father feed nanny newborn nursing people body
👨🏼‍🍼	رجل يُرضع طفلاً: بشرة بلون فاتح ومعتدل أبوة أمومة تربية طفلاً رضاعة رضيع رعاية شخص طفل مولود أشخاص جسم	man feeding baby: medium-light skin tone baby dad father feed nanny newborn nursing people body
👨🏽‍🍼	رجل يُرضع طفلاً: بشرة بلون معتدل أبوة أمومة تربية طفلاً رضاعة رضيع رعاية شخص طفل مولود أشخاص جسم	man feeding baby: medium skin tone baby dad father feed nanny newborn nursing people body
👨🏾‍🍼	رجل يُرضع طفلاً: بشرة بلون معتدل مائل للغامق أبوة أمومة تربية طفلاً رضاعة رضيع رعاية شخص طفل مولود أشخاص جسم	man feeding baby: medium-dark skin tone baby dad father feed nanny newborn nursing people body
👨🏿‍🍼	رجل يُرضع طفلاً: بشرة بلون غامق أبوة أمومة تربية طفلاً رضاعة رضيع رعاية شخص طفل مولود أشخاص جسم	man feeding baby: dark skin tone baby dad father feed nanny newborn nursing people body
🧑‍🍼	شخص يُرضع طفلاً أبوة أمومة تربية رضاعة رضيع رعاية طفل مرضعة مولود أشخاص جسم	person feeding baby feed nanny newborn nursing parent people body
🧑🏻‍🍼	شخص يُرضع طفلاً: بشرة بلون فاتح أبوة أمومة تربية رضاعة رضيع رعاية طفلاً طفل مرضعة مولود أشخاص جسم	person feeding baby: light skin tone baby feed nanny newborn nursing parent people body
🧑🏼‍🍼	شخص يُرضع طفلاً: بشرة بلون فاتح ومعتدل أبوة أمومة تربية رضاعة رضيع رعاية طفلاً طفل مرضعة مولود أشخاص جسم	person feeding baby: medium-light skin tone baby feed nanny newborn nursing parent people body
🧑🏽‍🍼	شخص يُرضع طفلاً: بشرة بلون معتدل أبوة أمومة تربية رضاعة رضيع رعاية طفلاً طفل مرضعة مولود أشخاص جسم	person feeding baby: medium skin tone baby feed nanny newborn nursing parent people body
🧑🏾‍🍼	شخص يُرضع طفلاً: بشرة بلون معتدل مائل للغامق أبوة أمومة تربية رضاعة رضيع رعاية طفلاً طفل مرضعة مولود أشخاص جسم	person feeding baby: medium-dark skin tone baby feed nanny newborn nursing parent people body
🧑🏿‍🍼	شخص يُرضع طفلاً: بشرة بلون غامق أبوة أمومة تربية رضاعة رضيع رعاية طفلاً طفل مرضعة مولود أشخاص جسم	person feeding baby: dark skin tone baby feed nanny newborn nursing parent people body
👼	طفل ملاك حدوتة خرافة قصة كنيسة وجه أشخاص جسم	baby angel church face fairy fairytale fantasy tale people body
👼🏻	طفل ملاك: بشرة بلون فاتح حدوتة خرافة ملاك قصة كنيسة وجه أشخاص جسم	baby angel: light skin tone angel church face fairy fairytale fantasy tale people body
👼🏼	طفل ملاك: بشرة بلون فاتح ومعتدل حدوتة خرافة ملاك قصة كنيسة وجه أشخاص جسم	baby angel: medium-light skin tone angel church face fairy fairytale fantasy tale people body
👼🏽	طفل ملاك: بشرة بلون معتدل حدوتة خرافة ملاك قصة كنيسة وجه أشخاص جسم	baby angel: medium skin tone angel church face fairy fairytale fantasy tale people body
👼🏾	طفل ملاك: بشرة بلون معتدل مائل للغامق حدوتة خرافة ملاك قصة كنيسة وجه أشخاص جسم	baby angel: medium-dark skin tone angel church face fairy fairytale fantasy tale people body
👼🏿	طفل ملاك: بشرة بلون غامق حدوتة خرافة ملاك قصة كنيسة وجه أشخاص جسم	baby angel: dark skin tone angel church face fairy fairytale fantasy tale people body
🎅	بابا نويل حدوتة خرافة سانتا كلوز عيد الميلاد قصة أشخاص جسم	Santa Claus celebration Christmas claus fairy fantasy father holiday merry santa tale xmas people body
🎅🏻	بابا نويل: بشرة بلون فاتح نويل حدوتة خرافة سانتا كلوز عيد الميلاد قصة أشخاص جسم	Santa Claus: light skin tone celebration Christmas claus fairy fantasy father holiday merry santa tale xmas people body
🎅🏼	بابا نويل: بشرة بلون فاتح ومعتدل نويل حدوتة خرافة سانتا كلوز عيد الميلاد قصة أشخاص جسم	Santa Claus: medium-light skin tone celebration Christmas claus fairy fantasy father holiday merry santa tale xmas people body
🎅🏽	بابا نويل: بشرة بلون معتدل نويل حدوتة خرافة سانتا كلوز عيد الميلاد قصة أشخاص جسم	Santa Claus: medium skin tone celebration Christmas claus fairy fantasy father holiday merry santa tale xmas people body
🎅🏾	بابا نويل: بشرة بلون معتدل مائل للغامق نويل حدوتة خرافة سانتا كلوز عيد الميلاد قصة أشخاص جسم	Santa Claus: medium-dark skin tone celebration Christmas claus fairy fantasy father holiday merry santa tale xmas people body
🎅🏿	بابا نويل: بشرة بلون غامق نويل حدوتة خرافة سانتا كلوز عيد الميلاد قصة أشخاص جسم	Santa Claus: dark skin tone celebration Christmas claus fairy fantasy father holiday merry santa tale xmas people body
🤶	سيدة سانتا كلوز أم عيد الميلاد كريسماس ماما نويل أشخاص جسم	Mrs. Claus celebration Christmas claus fairy fantasy holiday merry mother Mrs santa tale xmas people body
🤶🏻	سيدة سانتا كلوز: بشرة بلون فاتح أم كلوز عيد الميلاد كريسماس ماما نويل أشخاص جسم	Mrs. Claus: light skin tone celebration Christmas claus fairy fantasy holiday merry mother Mrs santa tale xmas people body
🤶🏼	سيدة سانتا كلوز: بشرة بلون فاتح ومعتدل أم كلوز عيد الميلاد كريسماس ماما نويل أشخاص جسم	Mrs. Claus: medium-light skin tone celebration Christmas claus fairy fantasy holiday merry mother Mrs santa tale xmas people body
🤶🏽	سيدة سانتا كلوز: بشرة بلون معتدل أم كلوز عيد الميلاد كريسماس ماما نويل أشخاص جسم	Mrs. Claus: medium skin tone celebration Christmas claus fairy fantasy holiday merry mother Mrs santa tale xmas people body
🤶🏾	سيدة سانتا كلوز: بشرة بلون معتدل مائل للغامق أم كلوز عيد الميلاد كريسماس ماما نويل أشخاص جسم	Mrs. Claus: medium-dark skin tone celebration Christmas claus fairy fantasy holiday merry mother Mrs santa tale xmas people body
🤶🏿	سيدة سانتا كلوز: بشرة بلون غامق أم كلوز عيد الميلاد كريسماس ماما نويل أشخاص جسم	Mrs. Claus: dark skin tone celebration Christmas claus fairy fantasy holiday merry mother Mrs santa tale xmas people body
🧑‍🎄	كلوز أمنيات بابا نويل بهجة رأس السنة سانتا شخص عام جديد عيد الميلاد كريسماس هدايا أشخاص جسم	Mx Claus celebration Christmas claus fairy fantasy holiday merry santa tale xmas people body
🧑🏻‍🎄	كلوز: بشرة بلون فاتح أمنيات بابا نويل بهجة رأس السنة سانتا كلوز شخص عام جديد عيد الميلاد كريسماس هدايا أشخاص جسم	Mx Claus: light skin tone celebration Christmas claus fairy fantasy holiday merry santa tale xmas people body
🧑🏼‍🎄	كلوز: بشرة بلون فاتح ومعتدل أمنيات بابا نويل بهجة رأس السنة سانتا كلوز شخص عام جديد عيد الميلاد كريسماس هدايا أشخاص جسم	Mx Claus: medium-light skin tone celebration Christmas claus fairy fantasy holiday merry santa tale xmas people body
🧑🏽‍🎄	كلوز: بشرة بلون معتدل أمنيات بابا نويل بهجة رأس السنة سانتا كلوز شخص عام جديد عيد الميلاد كريسماس هدايا أشخاص جسم	Mx Claus: medium skin tone celebration Christmas claus fairy fantasy holiday merry santa tale xmas people body
🧑🏾‍🎄	كلوز: بشرة بلون معتدل مائل للغامق أمنيات بابا نويل بهجة رأس السنة سانتا كلوز شخص عام جديد عيد الميلاد كريسماس هدايا أشخاص جسم	Mx Claus: medium-dark skin tone celebration Christmas claus fairy fantasy holiday merry santa tale xmas people body
🧑🏿‍🎄	كلوز: بشرة بلون غامق أمنيات بابا نويل بهجة رأس السنة سانتا كلوز شخص عام جديد عيد الميلاد كريسماس هدايا أشخاص جسم	Mx Claus: dark skin tone celebration Christmas claus fairy fantasy holiday merry santa tale xmas people body
🦸	بطل خارق باتمان بطلة سوبرمان سوبرهيرو طيب قوة خارقة قوي منقذ أشخاص جسم	superhero good hero superpower people body
🦸🏻	بطل خارق: بشرة بلون فاتح باتمان بطلة خارق سوبرمان سوبرهيرو طيب قوة خارقة قوي منقذ أشخاص جسم	superhero: light skin tone good hero superhero superpower people body
🦸🏼	بطل خارق: بشرة بلون فاتح ومعتدل باتمان بطلة خارق سوبرمان سوبرهيرو طيب قوة خارقة قوي منقذ أشخاص جسم	superhero: medium-light skin tone good hero superhero superpower people body
🦸🏽	بطل خارق: بشرة بلون معتدل باتمان بطلة خارق سوبرمان سوبرهيرو طيب قوة خارقة قوي منقذ أشخاص جسم	superhero: medium skin tone good hero superhero superpower people body
🦸🏾	بطل خارق: بشرة بلون معتدل مائل للغامق باتمان بطلة خارق سوبرمان سوبرهيرو طيب قوة خارقة قوي منقذ أشخاص جسم	superhero: medium-dark skin tone good hero superhero superpower people body
🦸🏿	بطل خارق: بشرة بلون غامق باتمان بطلة خارق سوبرمان سوبرهيرو طيب قوة خارقة قوي منقذ أشخاص جسم	superhero: dark skin tone good hero superhero superpower people body
🦸‍♂️	بطل خارق رجل طيب قوة خارقة أشخاص جسم	man superhero good hero superpower people body
🦸🏻‍♂️	بطل خارق رجل طيب قوة خارقة أشخاص جسم	man superhero: light skin tone superhero good hero superpower people body
🦸🏼‍♂️	بطل خارق رجل طيب قوة خارقة أشخاص جسم	man superhero: medium-light skin tone light superhero good hero superpower people body
🦸🏽‍♂️	بطل خارق رجل طيب قوة خارقة أشخاص جسم	man superhero: medium skin tone medium-light light superhero good hero superpower people body
🦸🏾‍♂️	بطل خارق رجل طيب قوة خارقة أشخاص جسم	man superhero: medium-dark skin tone medium medium-light light superhero good hero superpower people body
🦸🏿‍♂️	بطل خارق رجل طيب قوة خارقة أشخاص جسم	man superhero: dark skin tone medium-dark medium medium-light light superhero good hero superpower people body
🦸‍♀️	بطلة خارقة بطل سيدة طيب قوة أشخاص جسم	woman superhero good hero heroine superpower people body
🦸🏻‍♀️	بطلة خارقة بطل سيدة طيب قوة أشخاص جسم	woman superhero: light skin tone superhero good hero heroine superpower people body
🦸🏼‍♀️	بطلة خارقة بطل سيدة طيب قوة أشخاص جسم	woman superhero: medium-light skin tone light superhero good hero heroine superpower people body
🦸🏽‍♀️	بطلة خارقة بطل سيدة طيب قوة أشخاص جسم	woman superhero: medium skin tone medium-light light superhero good hero heroine superpower people body
🦸🏾‍♀️	بطلة خارقة بطل سيدة طيب قوة أشخاص جسم	woman superhero: medium-dark skin tone medium medium-light light superhero good hero heroine superpower people body
🦸🏿‍♀️	بطلة خارقة بطل سيدة طيب قوة أشخاص جسم	woman superhero: dark skin tone medium-dark medium medium-light light superhero good hero heroine superpower people body
🦹	شرير خارق أشخاص إجرامي بطل جريمة سيء شر شريرة قوة خارقة قوى مؤذ مجرم هيرو جسم	supervillain bad criminal evil superpower villain people body
🦹🏻	شرير خارق: بشرة بلون فاتح أشخاص إجرامي بطل جريمة خارق سيء شر شريرة قوة خارقة قوى مؤذ مجرم هيرو جسم	supervillain: light skin tone bad criminal evil superpower supervillain villain people body
🦹🏼	شرير خارق: بشرة بلون فاتح ومعتدل أشخاص إجرامي بطل جريمة خارق سيء شر شريرة قوة خارقة قوى مؤذ مجرم هيرو جسم	supervillain: medium-light skin tone bad criminal evil superpower supervillain villain people body
🦹🏽	شرير خارق: بشرة بلون معتدل أشخاص إجرامي بطل جريمة خارق سيء شر شريرة قوة خارقة قوى مؤذ مجرم هيرو جسم	supervillain: medium skin tone bad criminal evil superpower supervillain villain people body
🦹🏾	شرير خارق: بشرة بلون معتدل مائل للغامق أشخاص إجرامي بطل جريمة خارق سيء شر شريرة قوة خارقة قوى مؤذ مجرم هيرو جسم	supervillain: medium-dark skin tone bad criminal evil superpower supervillain villain people body
🦹🏿	شرير خارق: بشرة بلون غامق أشخاص إجرامي بطل جريمة خارق سيء شر شريرة قوة خارقة قوى مؤذ مجرم هيرو جسم	supervillain: dark skin tone bad criminal evil superpower supervillain villain people body
🦹‍♂️	شرير خارق رجل جريمة شر قوة خارقة مجرم أشخاص جسم	man supervillain bad criminal evil superpower villain people body
🦹🏻‍♂️	شرير خارق رجل جريمة شر قوة خارقة مجرم أشخاص جسم	man supervillain: light skin tone supervillain bad criminal evil superpower villain people body
🦹🏼‍♂️	شرير خارق رجل جريمة شر قوة خارقة مجرم أشخاص جسم	man supervillain: medium-light skin tone light supervillain bad criminal evil superpower villain people body
🦹🏽‍♂️	شرير خارق رجل جريمة شر قوة خارقة مجرم أشخاص جسم	man supervillain: medium skin tone medium-light light supervillain bad criminal evil superpower villain people body
🦹🏾‍♂️	شرير خارق رجل جريمة شر قوة خارقة مجرم أشخاص جسم	man supervillain: medium-dark skin tone medium medium-light light supervillain bad criminal evil superpower villain people body
🦹🏿‍♂️	شرير خارق رجل جريمة شر قوة خارقة مجرم أشخاص جسم	man supervillain: dark skin tone medium-dark medium medium-light light supervillain bad criminal evil superpower villain people body
🦹‍♀️	شريرة خارقة جريمة شر قوة مجرمة أشخاص جسم	woman supervillain bad criminal evil superpower villain people body
🦹🏻‍♀️	شريرة خارقة جريمة شر قوة مجرمة أشخاص جسم	woman supervillain: light skin tone supervillain bad criminal evil superpower villain people body
🦹🏼‍♀️	شريرة خارقة جريمة شر قوة مجرمة أشخاص جسم	woman supervillain: medium-light skin tone light supervillain bad criminal evil superpower villain people body
🦹🏽‍♀️	شريرة خارقة جريمة شر قوة مجرمة أشخاص جسم	woman supervillain: medium skin tone medium-light light supervillain bad criminal evil superpower villain people body
🦹🏾‍♀️	شريرة خارقة جريمة شر قوة مجرمة أشخاص جسم	woman supervillain: medium-dark skin tone medium medium-light light supervillain bad criminal evil superpower villain people body
🦹🏿‍♀️	شريرة خارقة جريمة شر قوة مجرمة أشخاص جسم	woman supervillain: dark skin tone medium-dark medium medium-light light supervillain bad criminal evil superpower villain people body
🧙	سحرة أساطير أشخاص تعويذة حكايات ساحر سحر شعوذة عراب عراف مشعوذ جسم	mage fantasy magic play sorcerer sorceress sorcery spell summon witch wizard people body
🧙🏻	سحرة: بشرة بلون فاتح أساطير أشخاص تعويذة حكايات ساحر سحر سحرة شعوذة عراب عراف مشعوذ جسم	mage: light skin tone fantasy mage magic play sorcerer sorceress sorcery spell summon witch wizard people body
🧙🏼	سحرة: بشرة بلون فاتح ومعتدل أساطير أشخاص تعويذة حكايات ساحر سحر سحرة شعوذة عراب عراف مشعوذ جسم	mage: medium-light skin tone fantasy mage magic play sorcerer sorceress sorcery spell summon witch wizard people body
🧙🏽	سحرة: بشرة بلون معتدل أساطير أشخاص تعويذة حكايات ساحر سحر سحرة شعوذة عراب عراف مشعوذ جسم	mage: medium skin tone fantasy mage magic play sorcerer sorceress sorcery spell summon witch wizard people body
🧙🏾	سحرة: بشرة بلون معتدل مائل للغامق أساطير أشخاص تعويذة حكايات ساحر سحر سحرة شعوذة عراب عراف مشعوذ جسم	mage: medium-dark skin tone fantasy mage magic play sorcerer sorceress sorcery spell summon witch wizard people body
🧙🏿	سحرة: بشرة بلون غامق أساطير أشخاص تعويذة حكايات ساحر سحر سحرة شعوذة عراب عراف مشعوذ جسم	mage: dark skin tone fantasy mage magic play sorcerer sorceress sorcery spell summon witch wizard people body
🧙‍♂️	ساحر أشخاص جسم	man mage fantasy magic play sorcerer sorceress sorcery spell summon witch wizard people body
🧙🏻‍♂️	ساحر أشخاص جسم	man mage: light skin tone mage fantasy magic play sorcerer sorceress sorcery spell summon witch wizard people body
🧙🏼‍♂️	ساحر أشخاص جسم	man mage: medium-light skin tone light mage fantasy magic play sorcerer sorceress sorcery spell summon witch wizard people body
🧙🏽‍♂️	ساحر أشخاص جسم	man mage: medium skin tone medium-light light mage fantasy magic play sorcerer sorceress sorcery spell summon witch wizard people body
🧙🏾‍♂️	ساحر أشخاص جسم	man mage: medium-dark skin tone medium medium-light light mage fantasy magic play sorcerer sorceress sorcery spell summon witch wizard people body
🧙🏿‍♂️	ساحر أشخاص جسم	man mage: dark skin tone medium-dark medium medium-light light mage fantasy magic play sorcerer sorceress sorcery spell summon witch wizard people body
🧙‍♀️	ساحرة أشخاص جسم	woman mage fantasy magic play sorcerer sorceress sorcery spell summon witch wizard people body
🧙🏻‍♀️	ساحرة أشخاص جسم	woman mage: light skin tone mage fantasy magic play sorcerer sorceress sorcery spell summon witch wizard people body
🧙🏼‍♀️	ساحرة أشخاص جسم	woman mage: medium-light skin tone light mage fantasy magic play sorcerer sorceress sorcery spell summon witch wizard people body
🧙🏽‍♀️	ساحرة أشخاص جسم	woman mage: medium skin tone medium-light light mage fantasy magic play sorcerer sorceress sorcery spell summon witch wizard people body
🧙🏾‍♀️	ساحرة أشخاص جسم	woman mage: medium-dark skin tone medium medium-light light mage fantasy magic play sorcerer sorceress sorcery spell summon witch wizard people body
🧙🏿‍♀️	ساحرة أشخاص جسم	woman mage: dark skin tone medium-dark medium medium-light light mage fantasy magic play sorcerer sorceress sorcery spell summon witch wizard people body
🧚	جنيّة خيالية أجنحة أساطير أشخاص بيتر بان تنة ورنة جنية حكايات عرابة جسم	fairy fairytale fantasy myth person pixie tale wings people body
🧚🏻	جنيّة خيالية: بشرة بلون فاتح أجنحة أساطير أشخاص بيتر بان تنة ورنة جنية خيالية حكايات عرابة جسم	fairy: light skin tone fairy fairytale fantasy myth person pixie tale wings people body
🧚🏼	جنيّة خيالية: بشرة بلون فاتح ومعتدل أجنحة أساطير أشخاص بيتر بان تنة ورنة جنية خيالية حكايات عرابة جسم	fairy: medium-light skin tone fairy fairytale fantasy myth person pixie tale wings people body
🧚🏽	جنيّة خيالية: بشرة بلون معتدل أجنحة أساطير أشخاص بيتر بان تنة ورنة جنية خيالية حكايات عرابة جسم	fairy: medium skin tone fairy fairytale fantasy myth person pixie tale wings people body
🧚🏾	جنيّة خيالية: بشرة بلون معتدل مائل للغامق أجنحة أساطير أشخاص بيتر بان تنة ورنة جنية خيالية حكايات عرابة جسم	fairy: medium-dark skin tone fairy fairytale fantasy myth person pixie tale wings people body
🧚🏿	جنيّة خيالية: بشرة بلون غامق أجنحة أساطير أشخاص بيتر بان تنة ورنة جنية خيالية حكايات عرابة جسم	fairy: dark skin tone fairy fairytale fantasy myth person pixie tale wings people body
🧚‍♂️	جنّي أشخاص جسم	man fairy fairytale fantasy myth Oberon person pixie Puck tale wings people body
🧚🏻‍♂️	جنّي أشخاص جسم	man fairy: light skin tone fairy fairytale fantasy myth Oberon person pixie Puck tale wings people body
🧚🏼‍♂️	جنّي أشخاص جسم	man fairy: medium-light skin tone light fairy fairytale fantasy myth Oberon person pixie Puck tale wings people body
🧚🏽‍♂️	جنّي أشخاص جسم	man fairy: medium skin tone medium-light light fairy fairytale fantasy myth Oberon person pixie Puck tale wings people body
🧚🏾‍♂️	جنّي أشخاص جسم	man fairy: medium-dark skin tone medium medium-light light fairy fairytale fantasy myth Oberon person pixie Puck tale wings people body
🧚🏿‍♂️	جنّي أشخاص جسم	man fairy: dark skin tone medium-dark medium medium-light light fairy fairytale fantasy myth Oberon person pixie Puck tale wings people body
🧚‍♀️	جنّية أشخاص جسم	woman fairy fairytale fantasy myth person pixie tale Titania wings people body
🧚🏻‍♀️	جنّية أشخاص جسم	woman fairy: light skin tone fairy fairytale fantasy myth person pixie tale Titania wings people body
🧚🏼‍♀️	جنّية أشخاص جسم	woman fairy: medium-light skin tone light fairy fairytale fantasy myth person pixie tale Titania wings people body
🧚🏽‍♀️	جنّية أشخاص جسم	woman fairy: medium skin tone medium-light light fairy fairytale fantasy myth person pixie tale Titania wings people body
🧚🏾‍♀️	جنّية أشخاص جسم	woman fairy: medium-dark skin tone medium medium-light light fairy fairytale fantasy myth person pixie tale Titania wings people body
🧚🏿‍♀️	جنّية أشخاص جسم	woman fairy: dark skin tone medium-dark medium medium-light light fairy fairytale fantasy myth person pixie tale Titania wings people body
🧛	مصّاص دماء أساطير أسنان أشخاص أنياب خيال دراكولا دم فامباير مصاص جسم	vampire blood Dracula fangs halloween scary supernatural teeth undead people body
🧛🏻	مصّاص دماء: بشرة بلون فاتح أساطير أسنان أشخاص أنياب خيال دراكولا دم فامباير مصاص دماء جسم	vampire: light skin tone blood Dracula fangs halloween scary supernatural teeth undead vampire people body
🧛🏼	مصّاص دماء: بشرة بلون فاتح ومعتدل أساطير أسنان أشخاص أنياب خيال دراكولا دم فامباير مصاص دماء جسم	vampire: medium-light skin tone blood Dracula fangs halloween scary supernatural teeth undead vampire people body
🧛🏽	مصّاص دماء: بشرة بلون معتدل أساطير أسنان أشخاص أنياب خيال دراكولا دم فامباير مصاص دماء جسم	vampire: medium skin tone blood Dracula fangs halloween scary supernatural teeth undead vampire people body
🧛🏾	مصّاص دماء: بشرة بلون معتدل مائل للغامق أساطير أسنان أشخاص أنياب خيال دراكولا دم فامباير مصاص دماء جسم	vampire: medium-dark skin tone blood Dracula fangs halloween scary supernatural teeth undead vampire people body
🧛🏿	مصّاص دماء: بشرة بلون غامق أساطير أسنان أشخاص أنياب خيال دراكولا دم فامباير مصاص دماء جسم	vampire: dark skin tone blood Dracula fangs halloween scary supernatural teeth undead vampire people body
🧛‍♂️	مصاص دماء أشخاص جسم	man vampire blood fangs halloween scary supernatural teeth undead people body
🧛🏻‍♂️	مصاص دماء أشخاص جسم	man vampire: light skin tone vampire blood fangs halloween scary supernatural teeth undead people body
🧛🏼‍♂️	مصاص دماء أشخاص جسم	man vampire: medium-light skin tone light vampire blood fangs halloween scary supernatural teeth undead people body
🧛🏽‍♂️	مصاص دماء أشخاص جسم	man vampire: medium skin tone medium-light light vampire blood fangs halloween scary supernatural teeth undead people body
🧛🏾‍♂️	مصاص دماء أشخاص جسم	man vampire: medium-dark skin tone medium medium-light light vampire blood fangs halloween scary supernatural teeth undead people body
🧛🏿‍♂️	مصاص دماء أشخاص جسم	man vampire: dark skin tone medium-dark medium medium-light light vampire blood fangs halloween scary supernatural teeth undead people body
🧛‍♀️	مصّاصة دماء أشخاص جسم	woman vampire blood fangs halloween scary supernatural teeth undead people body
🧛🏻‍♀️	مصّاصة دماء أشخاص جسم	woman vampire: light skin tone vampire blood fangs halloween scary supernatural teeth undead people body
🧛🏼‍♀️	مصّاصة دماء أشخاص جسم	woman vampire: medium-light skin tone light vampire blood fangs halloween scary supernatural teeth undead people body
🧛🏽‍♀️	مصّاصة دماء أشخاص جسم	woman vampire: medium skin tone medium-light light vampire blood fangs halloween scary supernatural teeth undead people body
🧛🏾‍♀️	مصّاصة دماء أشخاص جسم	woman vampire: medium-dark skin tone medium medium-light light vampire blood fangs halloween scary supernatural teeth undead people body
🧛🏿‍♀️	مصّاصة دماء أشخاص جسم	woman vampire: dark skin tone medium-dark medium medium-light light vampire blood fangs halloween scary supernatural teeth undead people body
🧜	مخلوق بحري بجسد بشري وذيل سمكة أشخاص جنية بحر حكايات حورية عروس البحر فولكلور قصص خيالية كائن جسم	merperson creature fairytale folklore ocean sea siren trident people body
🧜🏻	مخلوق بحري بجسد بشري وذيل سمكة: بشرة بلون فاتح أشخاص جنية بحر حكايات حورية عروس البحر فولكلور قصص خيالية كائن سمكة جسم	merperson: light skin tone creature fairytale folklore merperson ocean sea siren trident people body
🧜🏼	مخلوق بحري بجسد بشري وذيل سمكة: بشرة بلون فاتح ومعتدل أشخاص جنية بحر حكايات حورية عروس البحر فولكلور قصص خيالية كائن سمكة جسم	merperson: medium-light skin tone creature fairytale folklore merperson ocean sea siren trident people body
🧜🏽	مخلوق بحري بجسد بشري وذيل سمكة: بشرة بلون معتدل أشخاص جنية بحر حكايات حورية عروس البحر فولكلور قصص خيالية كائن سمكة جسم	merperson: medium skin tone creature fairytale folklore merperson ocean sea siren trident people body
🧜🏾	مخلوق بحري بجسد بشري وذيل سمكة: بشرة بلون معتدل مائل للغامق أشخاص جنية بحر حكايات حورية عروس البحر فولكلور قصص خيالية كائن سمكة جسم	merperson: medium-dark skin tone creature fairytale folklore merperson ocean sea siren trident people body
🧜🏿	مخلوق بحري بجسد بشري وذيل سمكة: بشرة بلون غامق أشخاص جنية بحر حكايات حورية عروس البحر فولكلور قصص خيالية كائن سمكة جسم	merperson: dark skin tone creature fairytale folklore merperson ocean sea siren trident people body
🧜‍♂️	مخلوق له جسد رجل وذيل سمكة أشخاص جسم	merman creature fairytale folklore Neptune ocean Poseidon sea siren trident Triton people body
🧜🏻‍♂️	مخلوق له جسد رجل وذيل سمكة أشخاص جسم	merman: light skin tone merman creature fairytale folklore Neptune ocean Poseidon sea siren trident Triton people body
🧜🏼‍♂️	مخلوق له جسد رجل وذيل سمكة أشخاص جسم	merman: medium-light skin tone light merman creature fairytale folklore Neptune ocean Poseidon sea siren trident Triton people body
🧜🏽‍♂️	مخلوق له جسد رجل وذيل سمكة أشخاص جسم	merman: medium skin tone medium-light light merman creature fairytale folklore Neptune ocean Poseidon sea siren trident Triton people body
🧜🏾‍♂️	مخلوق له جسد رجل وذيل سمكة أشخاص جسم	merman: medium-dark skin tone medium medium-light light merman creature fairytale folklore Neptune ocean Poseidon sea siren trident Triton people body
🧜🏿‍♂️	مخلوق له جسد رجل وذيل سمكة أشخاص جسم	merman: dark skin tone medium-dark medium medium-light light merman creature fairytale folklore Neptune ocean Poseidon sea siren trident Triton people body
🧜‍♀️	حورية بحر عروسة البحر أشخاص جسم	mermaid creature fairytale folklore merwoman ocean sea siren trident people body
🧜🏻‍♀️	حورية بحر عروسة البحر أشخاص جسم	mermaid: light skin tone mermaid creature fairytale folklore merwoman ocean sea siren trident people body
🧜🏼‍♀️	حورية بحر عروسة البحر أشخاص جسم	mermaid: medium-light skin tone light mermaid creature fairytale folklore merwoman ocean sea siren trident people body
🧜🏽‍♀️	حورية بحر عروسة البحر أشخاص جسم	mermaid: medium skin tone medium-light light mermaid creature fairytale folklore merwoman ocean sea siren trident people body
🧜🏾‍♀️	حورية بحر عروسة البحر أشخاص جسم	mermaid: medium-dark skin tone medium medium-light light mermaid creature fairytale folklore merwoman ocean sea siren trident people body
🧜🏿‍♀️	حورية بحر عروسة البحر أشخاص جسم	mermaid: dark skin tone medium-dark medium medium-light light mermaid creature fairytale folklore merwoman ocean sea siren trident people body
🧝	جنّي صغير أساطير أشخاص إلف إيلف جني خيال عفريت كائن سحري ليغولاس مخلوق جسم	elf elves enchantment fantasy folklore magic magical myth people body
🧝🏻	جنّي صغير: بشرة بلون فاتح أساطير أشخاص إلف إيلف جني صغير خيال عفريت كائن سحري ليغولاس مخلوق جسم	elf: light skin tone elf elves enchantment fantasy folklore magic magical myth people body
🧝🏼	جنّي صغير: بشرة بلون فاتح ومعتدل أساطير أشخاص إلف إيلف جني صغير خيال عفريت كائن سحري ليغولاس مخلوق جسم	elf: medium-light skin tone elf elves enchantment fantasy folklore magic magical myth people body
🧝🏽	جنّي صغير: بشرة بلون معتدل أساطير أشخاص إلف إيلف جني صغير خيال عفريت كائن سحري ليغولاس مخلوق جسم	elf: medium skin tone elf elves enchantment fantasy folklore magic magical myth people body
🧝🏾	جنّي صغير: بشرة بلون معتدل مائل للغامق أساطير أشخاص إلف إيلف جني صغير خيال عفريت كائن سحري ليغولاس مخلوق جسم	elf: medium-dark skin tone elf elves enchantment fantasy folklore magic magical myth people body
🧝🏿	جنّي صغير: بشرة بلون غامق أساطير أشخاص إلف إيلف جني صغير خيال عفريت كائن سحري ليغولاس مخلوق جسم	elf: dark skin tone elf elves enchantment fantasy folklore magic magical myth people body
🧝‍♂️	جنّي صغير ذكر إلف إيلف كائن سحري مخلوق أشخاص جسم	man elf elves enchantment fantasy folklore magic magical myth people body
🧝🏻‍♂️	جنّي صغير ذكر إلف إيلف كائن سحري مخلوق أشخاص جسم	man elf: light skin tone elf elves enchantment fantasy folklore magic magical myth people body
🧝🏼‍♂️	جنّي صغير ذكر إلف إيلف كائن سحري مخلوق أشخاص جسم	man elf: medium-light skin tone light elf elves enchantment fantasy folklore magic magical myth people body
🧝🏽‍♂️	جنّي صغير ذكر إلف إيلف كائن سحري مخلوق أشخاص جسم	man elf: medium skin tone medium-light light elf elves enchantment fantasy folklore magic magical myth people body
🧝🏾‍♂️	جنّي صغير ذكر إلف إيلف كائن سحري مخلوق أشخاص جسم	man elf: medium-dark skin tone medium medium-light light elf elves enchantment fantasy folklore magic magical myth people body
🧝🏿‍♂️	جنّي صغير ذكر إلف إيلف كائن سحري مخلوق أشخاص جسم	man elf: dark skin tone medium-dark medium medium-light light elf elves enchantment fantasy folklore magic magical myth people body
🧝‍♀️	جنيّة صغيرة أنثى إلف إيلف كائن سحري مخلوقة سحرية أشخاص جسم	woman elf elves enchantment fantasy folklore magic magical myth people body
🧝🏻‍♀️	جنيّة صغيرة أنثى إلف إيلف كائن سحري مخلوقة سحرية أشخاص جسم	woman elf: light skin tone elf elves enchantment fantasy folklore magic magical myth people body
🧝🏼‍♀️	جنيّة صغيرة أنثى إلف إيلف كائن سحري مخلوقة سحرية أشخاص جسم	woman elf: medium-light skin tone light elf elves enchantment fantasy folklore magic magical myth people body
🧝🏽‍♀️	جنيّة صغيرة أنثى إلف إيلف كائن سحري مخلوقة سحرية أشخاص جسم	woman elf: medium skin tone medium-light light elf elves enchantment fantasy folklore magic magical myth people body
🧝🏾‍♀️	جنيّة صغيرة أنثى إلف إيلف كائن سحري مخلوقة سحرية أشخاص جسم	woman elf: medium-dark skin tone medium medium-light light elf elves enchantment fantasy folklore magic magical myth people body
🧝🏿‍♀️	جنيّة صغيرة أنثى إلف إيلف كائن سحري مخلوقة سحرية أشخاص جسم	woman elf: dark skin tone medium-dark medium medium-light light elf elves enchantment fantasy folklore magic magical myth people body
🧞	مارد سحري أساطير أشخاص أمنيات جن جني حكايات عفريت علاء الدين مصباح جسم	genie djinn fantasy jinn lamp myth rub wishes people body
🧞‍♂️	مارد أشخاص جسم	man genie djinn fantasy jinn lamp myth rub wishes people body
🧞‍♀️	ماردة أشخاص جسم	woman genie djinn fantasy jinn lamp myth rub wishes people body
🧟	زومبي أشخاص رعب مخيف مرعب مفزع موتى أحياء جسم	zombie apocalypse dead halloween horror scary undead walking people body
🧟‍♂️	رجل زومبي أشخاص جسم	man zombie apocalypse dead halloween horror scary undead walking people body
🧟‍♀️	امرأة زومبي أشخاص جسم	woman zombie apocalypse dead halloween horror scary undead walking people body
🧌	الترول بعبع شبح وحش أشخاص جسم	troll fairy fantasy monster tale trolling people body
🫈	كائن مشعر إنسان بربري بيغ فوت ساسكواتش عملاق غول مخلوق ضخم أشخاص جسم	hairy creature bigfoot cryptid forest giant sasquatch woodwose yeti people body
💆	شخص يحصل على مساج أشخاص استرخاء امرأة تدليك راحة صالون صداع علاج وجع رأس جسم	person getting massage face headache relax relaxing salon soothe spa tension therapy treatment people body
💆🏻	شخص يحصل على مساج: بشرة بلون فاتح أشخاص استرخاء امرأة تدليك راحة مساج صالون صداع علاج وجع رأس جسم	person getting massage: light skin tone face headache massage relax relaxing salon soothe spa tension therapy treatment people body
💆🏼	شخص يحصل على مساج: بشرة بلون فاتح ومعتدل أشخاص استرخاء امرأة تدليك راحة مساج صالون صداع علاج وجع رأس جسم	person getting massage: medium-light skin tone face headache massage relax relaxing salon soothe spa tension therapy treatment people body
💆🏽	شخص يحصل على مساج: بشرة بلون معتدل أشخاص استرخاء امرأة تدليك راحة مساج صالون صداع علاج وجع رأس جسم	person getting massage: medium skin tone face headache massage relax relaxing salon soothe spa tension therapy treatment people body
💆🏾	شخص يحصل على مساج: بشرة بلون معتدل مائل للغامق أشخاص استرخاء امرأة تدليك راحة مساج صالون صداع علاج وجع رأس جسم	person getting massage: medium-dark skin tone face headache massage relax relaxing salon soothe spa tension therapy treatment people body
💆🏿	شخص يحصل على مساج: بشرة بلون غامق أشخاص استرخاء امرأة تدليك راحة مساج صالون صداع علاج وجع رأس جسم	person getting massage: dark skin tone face headache massage relax relaxing salon soothe spa tension therapy treatment people body
💆‍♂️	تدليك لرجل ارتخاء توتر رلاكس صالون صداع مرتخي مساج وجع رأس أشخاص جسم	man getting massage face headache relax relaxing salon soothe spa tension therapy treatment people body
💆🏻‍♂️	تدليك لرجل ارتخاء توتر رلاكس صالون صداع مرتخي مساج وجع رأس أشخاص جسم	man getting massage: light skin tone massage face headache relax relaxing salon soothe spa tension therapy treatment people body
💆🏼‍♂️	تدليك لرجل ارتخاء توتر رلاكس صالون صداع مرتخي مساج وجع رأس أشخاص جسم	man getting massage: medium-light skin tone light massage face headache relax relaxing salon soothe spa tension therapy treatment people body
💆🏽‍♂️	تدليك لرجل ارتخاء توتر رلاكس صالون صداع مرتخي مساج وجع رأس أشخاص جسم	man getting massage: medium skin tone medium-light light massage face headache relax relaxing salon soothe spa tension therapy treatment people body
💆🏾‍♂️	تدليك لرجل ارتخاء توتر رلاكس صالون صداع مرتخي مساج وجع رأس أشخاص جسم	man getting massage: medium-dark skin tone medium medium-light light massage face headache relax relaxing salon soothe spa tension therapy treatment people body
💆🏿‍♂️	تدليك لرجل ارتخاء توتر رلاكس صالون صداع مرتخي مساج وجع رأس أشخاص جسم	man getting massage: dark skin tone medium-dark medium medium-light light massage face headache relax relaxing salon soothe spa tension therapy treatment people body
💆‍♀️	تدليك لسيدة مساج أشخاص جسم	woman getting massage face headache relax relaxing salon soothe spa tension therapy treatment people body
💆🏻‍♀️	تدليك لسيدة مساج أشخاص جسم	woman getting massage: light skin tone massage face headache relax relaxing salon soothe spa tension therapy treatment people body
💆🏼‍♀️	تدليك لسيدة مساج أشخاص جسم	woman getting massage: medium-light skin tone light massage face headache relax relaxing salon soothe spa tension therapy treatment people body
💆🏽‍♀️	تدليك لسيدة مساج أشخاص جسم	woman getting massage: medium skin tone medium-light light massage face headache relax relaxing salon soothe spa tension therapy treatment people body
💆🏾‍♀️	تدليك لسيدة مساج أشخاص جسم	woman getting massage: medium-dark skin tone medium medium-light light massage face headache relax relaxing salon soothe spa tension therapy treatment people body
💆🏿‍♀️	تدليك لسيدة مساج أشخاص جسم	woman getting massage: dark skin tone medium-dark medium medium-light light massage face headache relax relaxing salon soothe spa tension therapy treatment people body
💇	شخص يُقص شعره أشخاص امرأة تجميل جمال حلاق حلاقة الشعر شعر صالون قص محل جسم	person getting haircut barber beauty chop cosmetology cut groom hair parlor shears style people body
💇🏻	شخص يُقص شعره: بشرة بلون فاتح أشخاص امرأة تجميل جمال حلاق حلاقة الشعر شعره شعر صالون قص محل جسم	person getting haircut: light skin tone barber beauty chop cosmetology cut groom hair haircut parlor shears style people body
💇🏼	شخص يُقص شعره: بشرة بلون فاتح ومعتدل أشخاص امرأة تجميل جمال حلاق حلاقة الشعر شعره شعر صالون قص محل جسم	person getting haircut: medium-light skin tone barber beauty chop cosmetology cut groom hair haircut parlor shears style people body
💇🏽	شخص يُقص شعره: بشرة بلون معتدل أشخاص امرأة تجميل جمال حلاق حلاقة الشعر شعره شعر صالون قص محل جسم	person getting haircut: medium skin tone barber beauty chop cosmetology cut groom hair haircut parlor shears style people body
💇🏾	شخص يُقص شعره: بشرة بلون معتدل مائل للغامق أشخاص امرأة تجميل جمال حلاق حلاقة الشعر شعره شعر صالون قص محل جسم	person getting haircut: medium-dark skin tone barber beauty chop cosmetology cut groom hair haircut parlor shears style people body
💇🏿	شخص يُقص شعره: بشرة بلون غامق أشخاص امرأة تجميل جمال حلاق حلاقة الشعر شعره شعر صالون قص محل جسم	person getting haircut: dark skin tone barber beauty chop cosmetology cut groom hair haircut parlor shears style people body
💇‍♂️	يقص شعره تجميل حلاق شعر صالون قص قصة أشخاص جسم	man getting haircut barber beauty chop cosmetology cut groom hair parlor person shears style people body
💇🏻‍♂️	يقص شعره تجميل حلاق شعر صالون قص قصة أشخاص جسم	man getting haircut: light skin tone haircut barber beauty chop cosmetology cut groom hair parlor person shears style people body
💇🏼‍♂️	يقص شعره تجميل حلاق شعر صالون قص قصة أشخاص جسم	man getting haircut: medium-light skin tone light haircut barber beauty chop cosmetology cut groom hair parlor person shears style people body
💇🏽‍♂️	يقص شعره تجميل حلاق شعر صالون قص قصة أشخاص جسم	man getting haircut: medium skin tone medium-light light haircut barber beauty chop cosmetology cut groom hair parlor person shears style people body
💇🏾‍♂️	يقص شعره تجميل حلاق شعر صالون قص قصة أشخاص جسم	man getting haircut: medium-dark skin tone medium medium-light light haircut barber beauty chop cosmetology cut groom hair parlor person shears style people body
💇🏿‍♂️	يقص شعره تجميل حلاق شعر صالون قص قصة أشخاص جسم	man getting haircut: dark skin tone medium-dark medium medium-light light haircut barber beauty chop cosmetology cut groom hair parlor person shears style people body
💇‍♀️	تقص شعرها قص شعر أشخاص جسم	woman getting haircut barber beauty chop cosmetology cut groom hair parlor person shears style people body
💇🏻‍♀️	تقص شعرها قص شعر أشخاص جسم	woman getting haircut: light skin tone haircut barber beauty chop cosmetology cut groom hair parlor person shears style people body
💇🏼‍♀️	تقص شعرها قص شعر أشخاص جسم	woman getting haircut: medium-light skin tone light haircut barber beauty chop cosmetology cut groom hair parlor person shears style people body
💇🏽‍♀️	تقص شعرها قص شعر أشخاص جسم	woman getting haircut: medium skin tone medium-light light haircut barber beauty chop cosmetology cut groom hair parlor person shears style people body
💇🏾‍♀️	تقص شعرها قص شعر أشخاص جسم	woman getting haircut: medium-dark skin tone medium medium-light light haircut barber beauty chop cosmetology cut groom hair parlor person shears style people body
💇🏿‍♀️	تقص شعرها قص شعر أشخاص جسم	woman getting haircut: dark skin tone medium-dark medium medium-light light haircut barber beauty chop cosmetology cut groom hair parlor person shears style people body
🚶	شخص يسير أشخاص خطوات سير كزدرة كزدورة مشي نزهة جسم	person walking amble gait hike man pace pedestrian stride stroll walk people body
🚶🏻	شخص يسير: بشرة بلون فاتح أشخاص خطوات سير يسير كزدرة كزدورة مشي نزهة جسم	person walking: light skin tone amble gait hike man pace pedestrian stride stroll walk walking people body
🚶🏼	شخص يسير: بشرة بلون فاتح ومعتدل أشخاص خطوات سير يسير كزدرة كزدورة مشي نزهة جسم	person walking: medium-light skin tone amble gait hike man pace pedestrian stride stroll walk walking people body
🚶🏽	شخص يسير: بشرة بلون معتدل أشخاص خطوات سير يسير كزدرة كزدورة مشي نزهة جسم	person walking: medium skin tone amble gait hike man pace pedestrian stride stroll walk walking people body
🚶🏾	شخص يسير: بشرة بلون معتدل مائل للغامق أشخاص خطوات سير يسير كزدرة كزدورة مشي نزهة جسم	person walking: medium-dark skin tone amble gait hike man pace pedestrian stride stroll walk walking people body
🚶🏿	شخص يسير: بشرة بلون غامق أشخاص خطوات سير يسير كزدرة كزدورة مشي نزهة جسم	person walking: dark skin tone amble gait hike man pace pedestrian stride stroll walk walking people body
🚶‍♂️	سائر ماشٍ مترجل أشخاص جسم	man walking amble gait hike pace pedestrian stride stroll walk people body
🚶🏻‍♂️	سائر ماشٍ مترجل أشخاص جسم	man walking: light skin tone walking amble gait hike pace pedestrian stride stroll walk people body
🚶🏼‍♂️	سائر ماشٍ مترجل أشخاص جسم	man walking: medium-light skin tone light walking amble gait hike pace pedestrian stride stroll walk people body
🚶🏽‍♂️	سائر ماشٍ مترجل أشخاص جسم	man walking: medium skin tone medium-light light walking amble gait hike pace pedestrian stride stroll walk people body
🚶🏾‍♂️	سائر ماشٍ مترجل أشخاص جسم	man walking: medium-dark skin tone medium medium-light light walking amble gait hike pace pedestrian stride stroll walk people body
🚶🏿‍♂️	سائر ماشٍ مترجل أشخاص جسم	man walking: dark skin tone medium-dark medium medium-light light walking amble gait hike pace pedestrian stride stroll walk people body
🚶‍♀️	سائرة امرأة تمشي ماشية مترجلة أشخاص جسم	woman walking amble gait hike man pace pedestrian stride stroll walk people body
🚶🏻‍♀️	سائرة امرأة تمشي ماشية مترجلة أشخاص جسم	woman walking: light skin tone walking amble gait hike man pace pedestrian stride stroll walk people body
🚶🏼‍♀️	سائرة امرأة تمشي ماشية مترجلة أشخاص جسم	woman walking: medium-light skin tone light walking amble gait hike man pace pedestrian stride stroll walk people body
🚶🏽‍♀️	سائرة امرأة تمشي ماشية مترجلة أشخاص جسم	woman walking: medium skin tone medium-light light walking amble gait hike man pace pedestrian stride stroll walk people body
🚶🏾‍♀️	سائرة امرأة تمشي ماشية مترجلة أشخاص جسم	woman walking: medium-dark skin tone medium medium-light light walking amble gait hike man pace pedestrian stride stroll walk people body
🚶🏿‍♀️	سائرة امرأة تمشي ماشية مترجلة أشخاص جسم	woman walking: dark skin tone medium-dark medium medium-light light walking amble gait hike man pace pedestrian stride stroll walk people body
🚶‍➡️	شخص يسير: متجه لليمين أشخاص خطوات سير يسير كزدرة كزدورة مشي نزهة جسم	person walking facing right walking: amble gait hike man pace pedestrian stride stroll walk people body
🚶🏻‍➡️	شخص يسير: متجه لليمين أشخاص خطوات سير يسير كزدرة كزدورة مشي نزهة جسم	person walking facing right: light skin tone right walking: amble gait hike man pace pedestrian stride stroll walk people body
🚶🏼‍➡️	شخص يسير: متجه لليمين أشخاص خطوات سير يسير كزدرة كزدورة مشي نزهة جسم	person walking facing right: medium-light skin tone light right walking: amble gait hike man pace pedestrian stride stroll walk people body
🚶🏽‍➡️	شخص يسير: متجه لليمين أشخاص خطوات سير يسير كزدرة كزدورة مشي نزهة جسم	person walking facing right: medium skin tone medium-light light right walking: amble gait hike man pace pedestrian stride stroll walk people body
🚶🏾‍➡️	شخص يسير: متجه لليمين أشخاص خطوات سير يسير كزدرة كزدورة مشي نزهة جسم	person walking facing right: medium-dark skin tone medium medium-light light right walking: amble gait hike man pace pedestrian stride stroll walk people body
🚶🏿‍➡️	شخص يسير: متجه لليمين أشخاص خطوات سير يسير كزدرة كزدورة مشي نزهة جسم	person walking facing right: dark skin tone medium-dark medium medium-light light right walking: amble gait hike man pace pedestrian stride stroll walk people body
🚶‍♀️‍➡️	سائرة: متجه لليمين امرأة تمشي سائرة ماشية مترجلة أشخاص جسم	woman walking facing right walking: amble gait hike man pace pedestrian stride stroll walk people body
🚶🏻‍♀️‍➡️	سائرة: متجه لليمين امرأة تمشي سائرة ماشية مترجلة أشخاص جسم	woman walking facing right: light skin tone right walking: amble gait hike man pace pedestrian stride stroll walk people body
🚶🏼‍♀️‍➡️	سائرة: متجه لليمين امرأة تمشي سائرة ماشية مترجلة أشخاص جسم	woman walking facing right: medium-light skin tone light right walking: amble gait hike man pace pedestrian stride stroll walk people body
🚶🏽‍♀️‍➡️	سائرة: متجه لليمين امرأة تمشي سائرة ماشية مترجلة أشخاص جسم	woman walking facing right: medium skin tone medium-light light right walking: amble gait hike man pace pedestrian stride stroll walk people body
🚶🏾‍♀️‍➡️	سائرة: متجه لليمين امرأة تمشي سائرة ماشية مترجلة أشخاص جسم	woman walking facing right: medium-dark skin tone medium medium-light light right walking: amble gait hike man pace pedestrian stride stroll walk people body
🚶🏿‍♀️‍➡️	سائرة: متجه لليمين امرأة تمشي سائرة ماشية مترجلة أشخاص جسم	woman walking facing right: dark skin tone medium-dark medium medium-light light right walking: amble gait hike man pace pedestrian stride stroll walk people body
🚶‍♂️‍➡️	سائر: متجه لليمين سائر ماشٍ مترجل أشخاص جسم	man walking facing right walking: amble gait hike pace pedestrian stride stroll walk people body
🚶🏻‍♂️‍➡️	سائر: متجه لليمين سائر ماشٍ مترجل أشخاص جسم	man walking facing right: light skin tone right walking: amble gait hike pace pedestrian stride stroll walk people body
🚶🏼‍♂️‍➡️	سائر: متجه لليمين سائر ماشٍ مترجل أشخاص جسم	man walking facing right: medium-light skin tone light right walking: amble gait hike pace pedestrian stride stroll walk people body
🚶🏽‍♂️‍➡️	سائر: متجه لليمين سائر ماشٍ مترجل أشخاص جسم	man walking facing right: medium skin tone medium-light light right walking: amble gait hike pace pedestrian stride stroll walk people body
🚶🏾‍♂️‍➡️	سائر: متجه لليمين سائر ماشٍ مترجل أشخاص جسم	man walking facing right: medium-dark skin tone medium medium-light light right walking: amble gait hike pace pedestrian stride stroll walk people body
🚶🏿‍♂️‍➡️	سائر: متجه لليمين سائر ماشٍ مترجل أشخاص جسم	man walking facing right: dark skin tone medium-dark medium medium-light light right walking: amble gait hike pace pedestrian stride stroll walk people body
🧍	شخص واقف طفل مهذب وقوف يخفي يديه يقف أشخاص جسم	person standing stand people body
🧍🏻	شخص واقف: بشرة بلون فاتح واقف طفل مهذب وقوف يخفي يديه يقف أشخاص جسم	person standing: light skin tone stand standing people body
🧍🏼	شخص واقف: بشرة بلون فاتح ومعتدل واقف طفل مهذب وقوف يخفي يديه يقف أشخاص جسم	person standing: medium-light skin tone stand standing people body
🧍🏽	شخص واقف: بشرة بلون معتدل واقف طفل مهذب وقوف يخفي يديه يقف أشخاص جسم	person standing: medium skin tone stand standing people body
🧍🏾	شخص واقف: بشرة بلون معتدل مائل للغامق واقف طفل مهذب وقوف يخفي يديه يقف أشخاص جسم	person standing: medium-dark skin tone stand standing people body
🧍🏿	شخص واقف: بشرة بلون غامق واقف طفل مهذب وقوف يخفي يديه يقف أشخاص جسم	person standing: dark skin tone stand standing people body
🧍‍♂️	رجل واقف وقوف يقف أشخاص جسم	man standing stand people body
🧍🏻‍♂️	رجل واقف وقوف يقف أشخاص جسم	man standing: light skin tone standing stand people body
🧍🏼‍♂️	رجل واقف وقوف يقف أشخاص جسم	man standing: medium-light skin tone light standing stand people body
🧍🏽‍♂️	رجل واقف وقوف يقف أشخاص جسم	man standing: medium skin tone medium-light light standing stand people body
🧍🏾‍♂️	رجل واقف وقوف يقف أشخاص جسم	man standing: medium-dark skin tone medium medium-light light standing stand people body
🧍🏿‍♂️	رجل واقف وقوف يقف أشخاص جسم	man standing: dark skin tone medium-dark medium medium-light light standing stand people body
🧍‍♀️	سيدة واقفة تقف وقوف أشخاص جسم	woman standing stand people body
🧍🏻‍♀️	سيدة واقفة تقف وقوف أشخاص جسم	woman standing: light skin tone standing stand people body
🧍🏼‍♀️	سيدة واقفة تقف وقوف أشخاص جسم	woman standing: medium-light skin tone light standing stand people body
🧍🏽‍♀️	سيدة واقفة تقف وقوف أشخاص جسم	woman standing: medium skin tone medium-light light standing stand people body
🧍🏾‍♀️	سيدة واقفة تقف وقوف أشخاص جسم	woman standing: medium-dark skin tone medium medium-light light standing stand people body
🧍🏿‍♀️	سيدة واقفة تقف وقوف أشخاص جسم	woman standing: dark skin tone medium-dark medium medium-light light standing stand people body
🧎	شخص جالس على ركبتيه تشهد ركبة ركبتان ركبتين ركوع صلاة طفل يصلي أشخاص جسم	person kneeling kneel knees people body
🧎🏻	شخص جالس على ركبتيه: بشرة بلون فاتح تشهد ركبة ركبتان ركبتين ركوع ركبتيه صلاة طفل يصلي أشخاص جسم	person kneeling: light skin tone kneel kneeling knees people body
🧎🏼	شخص جالس على ركبتيه: بشرة بلون فاتح ومعتدل تشهد ركبة ركبتان ركبتين ركوع ركبتيه صلاة طفل يصلي أشخاص جسم	person kneeling: medium-light skin tone kneel kneeling knees people body
🧎🏽	شخص جالس على ركبتيه: بشرة بلون معتدل تشهد ركبة ركبتان ركبتين ركوع ركبتيه صلاة طفل يصلي أشخاص جسم	person kneeling: medium skin tone kneel kneeling knees people body
🧎🏾	شخص جالس على ركبتيه: بشرة بلون معتدل مائل للغامق تشهد ركبة ركبتان ركبتين ركوع ركبتيه صلاة طفل يصلي أشخاص جسم	person kneeling: medium-dark skin tone kneel kneeling knees people body
🧎🏿	شخص جالس على ركبتيه: بشرة بلون غامق تشهد ركبة ركبتان ركبتين ركوع ركبتيه صلاة طفل يصلي أشخاص جسم	person kneeling: dark skin tone kneel kneeling knees people body
🧎‍♂️	رجل جالس على ركبتيه ركبة ركبتان ركبتين ركوع أشخاص جسم	man kneeling kneel knees people body
🧎🏻‍♂️	رجل جالس على ركبتيه ركبة ركبتان ركبتين ركوع أشخاص جسم	man kneeling: light skin tone kneeling kneel knees people body
🧎🏼‍♂️	رجل جالس على ركبتيه ركبة ركبتان ركبتين ركوع أشخاص جسم	man kneeling: medium-light skin tone light kneeling kneel knees people body
🧎🏽‍♂️	رجل جالس على ركبتيه ركبة ركبتان ركبتين ركوع أشخاص جسم	man kneeling: medium skin tone medium-light light kneeling kneel knees people body
🧎🏾‍♂️	رجل جالس على ركبتيه ركبة ركبتان ركبتين ركوع أشخاص جسم	man kneeling: medium-dark skin tone medium medium-light light kneeling kneel knees people body
🧎🏿‍♂️	رجل جالس على ركبتيه ركبة ركبتان ركبتين ركوع أشخاص جسم	man kneeling: dark skin tone medium-dark medium medium-light light kneeling kneel knees people body
🧎‍♀️	سيدة جالسة على ركبتيها ركبة ركبتان ركبتين ركوع أشخاص جسم	woman kneeling kneel knees people body
🧎🏻‍♀️	سيدة جالسة على ركبتيها ركبة ركبتان ركبتين ركوع أشخاص جسم	woman kneeling: light skin tone kneeling kneel knees people body
🧎🏼‍♀️	سيدة جالسة على ركبتيها ركبة ركبتان ركبتين ركوع أشخاص جسم	woman kneeling: medium-light skin tone light kneeling kneel knees people body
🧎🏽‍♀️	سيدة جالسة على ركبتيها ركبة ركبتان ركبتين ركوع أشخاص جسم	woman kneeling: medium skin tone medium-light light kneeling kneel knees people body
🧎🏾‍♀️	سيدة جالسة على ركبتيها ركبة ركبتان ركبتين ركوع أشخاص جسم	woman kneeling: medium-dark skin tone medium medium-light light kneeling kneel knees people body
🧎🏿‍♀️	سيدة جالسة على ركبتيها ركبة ركبتان ركبتين ركوع أشخاص جسم	woman kneeling: dark skin tone medium-dark medium medium-light light kneeling kneel knees people body
🧎‍➡️	شخص جالس على ركبتيه: متجه لليمين تشهد ركبة ركبتان ركبتين ركوع ركبتيه صلاة طفل يصلي أشخاص جسم	person kneeling facing right kneeling: kneel knees people body
🧎🏻‍➡️	شخص جالس على ركبتيه: متجه لليمين تشهد ركبة ركبتان ركبتين ركوع ركبتيه صلاة طفل يصلي أشخاص جسم	person kneeling facing right: light skin tone right kneeling: kneel knees people body
🧎🏼‍➡️	شخص جالس على ركبتيه: متجه لليمين تشهد ركبة ركبتان ركبتين ركوع ركبتيه صلاة طفل يصلي أشخاص جسم	person kneeling facing right: medium-light skin tone light right kneeling: kneel knees people body
🧎🏽‍➡️	شخص جالس على ركبتيه: متجه لليمين تشهد ركبة ركبتان ركبتين ركوع ركبتيه صلاة طفل يصلي أشخاص جسم	person kneeling facing right: medium skin tone medium-light light right kneeling: kneel knees people body
🧎🏾‍➡️	شخص جالس على ركبتيه: متجه لليمين تشهد ركبة ركبتان ركبتين ركوع ركبتيه صلاة طفل يصلي أشخاص جسم	person kneeling facing right: medium-dark skin tone medium medium-light light right kneeling: kneel knees people body
🧎🏿‍➡️	شخص جالس على ركبتيه: متجه لليمين تشهد ركبة ركبتان ركبتين ركوع ركبتيه صلاة طفل يصلي أشخاص جسم	person kneeling facing right: dark skin tone medium-dark medium medium-light light right kneeling: kneel knees people body
🧎‍♀️‍➡️	سيدة جالسة على ركبتيها: متجه لليمين ركبة ركبتان ركبتين ركوع ركبتيها أشخاص جسم	woman kneeling facing right kneeling: kneel knees people body
🧎🏻‍♀️‍➡️	سيدة جالسة على ركبتيها: متجه لليمين ركبة ركبتان ركبتين ركوع ركبتيها أشخاص جسم	woman kneeling facing right: light skin tone right kneeling: kneel knees people body
🧎🏼‍♀️‍➡️	سيدة جالسة على ركبتيها: متجه لليمين ركبة ركبتان ركبتين ركوع ركبتيها أشخاص جسم	woman kneeling facing right: medium-light skin tone light right kneeling: kneel knees people body
🧎🏽‍♀️‍➡️	سيدة جالسة على ركبتيها: متجه لليمين ركبة ركبتان ركبتين ركوع ركبتيها أشخاص جسم	woman kneeling facing right: medium skin tone medium-light light right kneeling: kneel knees people body
🧎🏾‍♀️‍➡️	سيدة جالسة على ركبتيها: متجه لليمين ركبة ركبتان ركبتين ركوع ركبتيها أشخاص جسم	woman kneeling facing right: medium-dark skin tone medium medium-light light right kneeling: kneel knees people body
🧎🏿‍♀️‍➡️	سيدة جالسة على ركبتيها: متجه لليمين ركبة ركبتان ركبتين ركوع ركبتيها أشخاص جسم	woman kneeling facing right: dark skin tone medium-dark medium medium-light light right kneeling: kneel knees people body
🧎‍♂️‍➡️	رجل جالس على ركبتيه: متجه لليمين ركبتيه ركبة ركبتان ركبتين ركوع أشخاص جسم	man kneeling facing right kneeling: kneel knees people body
🧎🏻‍♂️‍➡️	رجل جالس على ركبتيه: متجه لليمين ركبتيه ركبة ركبتان ركبتين ركوع أشخاص جسم	man kneeling facing right: light skin tone right kneeling: kneel knees people body
🧎🏼‍♂️‍➡️	رجل جالس على ركبتيه: متجه لليمين ركبتيه ركبة ركبتان ركبتين ركوع أشخاص جسم	man kneeling facing right: medium-light skin tone light right kneeling: kneel knees people body
🧎🏽‍♂️‍➡️	رجل جالس على ركبتيه: متجه لليمين ركبتيه ركبة ركبتان ركبتين ركوع أشخاص جسم	man kneeling facing right: medium skin tone medium-light light right kneeling: kneel knees people body
🧎🏾‍♂️‍➡️	رجل جالس على ركبتيه: متجه لليمين ركبتيه ركبة ركبتان ركبتين ركوع أشخاص جسم	man kneeling facing right: medium-dark skin tone medium medium-light light right kneeling: kneel knees people body
🧎🏿‍♂️‍➡️	رجل جالس على ركبتيه: متجه لليمين ركبتيه ركبة ركبتان ركبتين ركوع أشخاص جسم	man kneeling facing right: dark skin tone medium-dark medium medium-light light right kneeling: kneel knees people body
🧑‍🦯	شخص مع عصا سير أعمى احتياجات خاصة ضرير كفيف أشخاص جسم	person with white cane accessibility blind probing people body
🧑🏻‍🦯	شخص مع عصا سير: بشرة بلون فاتح أعمى احتياجات خاصة سير ضرير كفيف أشخاص جسم	person with white cane: light skin tone accessibility blind cane probing people body
🧑🏼‍🦯	شخص مع عصا سير: بشرة بلون فاتح ومعتدل أعمى احتياجات خاصة سير ضرير كفيف أشخاص جسم	person with white cane: medium-light skin tone accessibility blind cane probing people body
🧑🏽‍🦯	شخص مع عصا سير: بشرة بلون معتدل أعمى احتياجات خاصة سير ضرير كفيف أشخاص جسم	person with white cane: medium skin tone accessibility blind cane probing people body
🧑🏾‍🦯	شخص مع عصا سير: بشرة بلون معتدل مائل للغامق أعمى احتياجات خاصة سير ضرير كفيف أشخاص جسم	person with white cane: medium-dark skin tone accessibility blind cane probing people body
🧑🏿‍🦯	شخص مع عصا سير: بشرة بلون غامق أعمى احتياجات خاصة سير ضرير كفيف أشخاص جسم	person with white cane: dark skin tone accessibility blind cane probing people body
🧑‍🦯‍➡️	شخص مع عصا سير: متجه لليمين أعمى احتياجات خاصة سير ضرير كفيف أشخاص جسم	person with white cane facing right cane: accessibility blind probing people body
🧑🏻‍🦯‍➡️	شخص مع عصا سير: متجه لليمين أعمى احتياجات خاصة سير ضرير كفيف أشخاص جسم	person with white cane facing right: light skin tone right cane: accessibility blind probing people body
🧑🏼‍🦯‍➡️	شخص مع عصا سير: متجه لليمين أعمى احتياجات خاصة سير ضرير كفيف أشخاص جسم	person with white cane facing right: medium-light skin tone light right cane: accessibility blind probing people body
🧑🏽‍🦯‍➡️	شخص مع عصا سير: متجه لليمين أعمى احتياجات خاصة سير ضرير كفيف أشخاص جسم	person with white cane facing right: medium skin tone medium-light light right cane: accessibility blind probing people body
🧑🏾‍🦯‍➡️	شخص مع عصا سير: متجه لليمين أعمى احتياجات خاصة سير ضرير كفيف أشخاص جسم	person with white cane facing right: medium-dark skin tone medium medium-light light right cane: accessibility blind probing people body
🧑🏿‍🦯‍➡️	شخص مع عصا سير: متجه لليمين أعمى احتياجات خاصة سير ضرير كفيف أشخاص جسم	person with white cane facing right: dark skin tone medium-dark medium medium-light light right cane: accessibility blind probing people body
👨‍🦯	رجل بعصا سير أعمى إعاقة إمكانية الوصول احتياجات خاصة ذو شخص ضرير كفيف مشي معاق مكفوف يمشي أشخاص جسم	man with white cane accessibility blind probing people body
👨🏻‍🦯	رجل بعصا سير: بشرة بلون فاتح أعمى إعاقة إمكانية الوصول احتياجات خاصة ذو سير شخص ضرير كفيف مشي معاق مكفوف يمشي أشخاص جسم	man with white cane: light skin tone accessibility blind cane probing people body
👨🏼‍🦯	رجل بعصا سير: بشرة بلون فاتح ومعتدل أعمى إعاقة إمكانية الوصول احتياجات خاصة ذو سير شخص ضرير كفيف مشي معاق مكفوف يمشي أشخاص جسم	man with white cane: medium-light skin tone accessibility blind cane probing people body
👨🏽‍🦯	رجل بعصا سير: بشرة بلون معتدل أعمى إعاقة إمكانية الوصول احتياجات خاصة ذو سير شخص ضرير كفيف مشي معاق مكفوف يمشي أشخاص جسم	man with white cane: medium skin tone accessibility blind cane probing people body
👨🏾‍🦯	رجل بعصا سير: بشرة بلون معتدل مائل للغامق أعمى إعاقة إمكانية الوصول احتياجات خاصة ذو سير شخص ضرير كفيف مشي معاق مكفوف يمشي أشخاص جسم	man with white cane: medium-dark skin tone accessibility blind cane probing people body
👨🏿‍🦯	رجل بعصا سير: بشرة بلون غامق أعمى إعاقة إمكانية الوصول احتياجات خاصة ذو سير شخص ضرير كفيف مشي معاق مكفوف يمشي أشخاص جسم	man with white cane: dark skin tone accessibility blind cane probing people body
👨‍🦯‍➡️	رجل بعصا سير: متجه لليمين أعمى إعاقة إمكانية الوصول احتياجات خاصة ذو سير شخص ضرير كفيف مشي معاق مكفوف يمشي أشخاص جسم	man with white cane facing right cane: accessibility blind probing people body
👨🏻‍🦯‍➡️	رجل بعصا سير: متجه لليمين أعمى إعاقة إمكانية الوصول احتياجات خاصة ذو سير شخص ضرير كفيف مشي معاق مكفوف يمشي أشخاص جسم	man with white cane facing right: light skin tone right cane: accessibility blind probing people body
👨🏼‍🦯‍➡️	رجل بعصا سير: متجه لليمين أعمى إعاقة إمكانية الوصول احتياجات خاصة ذو سير شخص ضرير كفيف مشي معاق مكفوف يمشي أشخاص جسم	man with white cane facing right: medium-light skin tone light right cane: accessibility blind probing people body
👨🏽‍🦯‍➡️	رجل بعصا سير: متجه لليمين أعمى إعاقة إمكانية الوصول احتياجات خاصة ذو سير شخص ضرير كفيف مشي معاق مكفوف يمشي أشخاص جسم	man with white cane facing right: medium skin tone medium-light light right cane: accessibility blind probing people body
👨🏾‍🦯‍➡️	رجل بعصا سير: متجه لليمين أعمى إعاقة إمكانية الوصول احتياجات خاصة ذو سير شخص ضرير كفيف مشي معاق مكفوف يمشي أشخاص جسم	man with white cane facing right: medium-dark skin tone medium medium-light light right cane: accessibility blind probing people body
👨🏿‍🦯‍➡️	رجل بعصا سير: متجه لليمين أعمى إعاقة إمكانية الوصول احتياجات خاصة ذو سير شخص ضرير كفيف مشي معاق مكفوف يمشي أشخاص جسم	man with white cane facing right: dark skin tone medium-dark medium medium-light light right cane: accessibility blind probing people body
👩‍🦯	سيدة بعصا سير أعمى إمكانية الوصول احتياجات خاصة ذات شخص ضريرة عصا بيضاء عمياء كفيفة معاقة أشخاص جسم	woman with white cane accessibility blind probing people body
👩🏻‍🦯	سيدة بعصا سير: بشرة بلون فاتح أعمى إمكانية الوصول احتياجات خاصة ذات سير شخص ضريرة عصا بيضاء عمياء كفيفة معاقة أشخاص جسم	woman with white cane: light skin tone accessibility blind cane probing people body
👩🏼‍🦯	سيدة بعصا سير: بشرة بلون فاتح ومعتدل أعمى إمكانية الوصول احتياجات خاصة ذات سير شخص ضريرة عصا بيضاء عمياء كفيفة معاقة أشخاص جسم	woman with white cane: medium-light skin tone accessibility blind cane probing people body
👩🏽‍🦯	سيدة بعصا سير: بشرة بلون معتدل أعمى إمكانية الوصول احتياجات خاصة ذات سير شخص ضريرة عصا بيضاء عمياء كفيفة معاقة أشخاص جسم	woman with white cane: medium skin tone accessibility blind cane probing people body
👩🏾‍🦯	سيدة بعصا سير: بشرة بلون معتدل مائل للغامق أعمى إمكانية الوصول احتياجات خاصة ذات سير شخص ضريرة عصا بيضاء عمياء كفيفة معاقة أشخاص جسم	woman with white cane: medium-dark skin tone accessibility blind cane probing people body
👩🏿‍🦯	سيدة بعصا سير: بشرة بلون غامق أعمى إمكانية الوصول احتياجات خاصة ذات سير شخص ضريرة عصا بيضاء عمياء كفيفة معاقة أشخاص جسم	woman with white cane: dark skin tone accessibility blind cane probing people body
👩‍🦯‍➡️	سيدة بعصا سير: متجه لليمين أعمى إمكانية الوصول احتياجات خاصة ذات سير شخص ضريرة عصا بيضاء عمياء كفيفة معاقة أشخاص جسم	woman with white cane facing right cane: accessibility blind probing people body
👩🏻‍🦯‍➡️	سيدة بعصا سير: متجه لليمين أعمى إمكانية الوصول احتياجات خاصة ذات سير شخص ضريرة عصا بيضاء عمياء كفيفة معاقة أشخاص جسم	woman with white cane facing right: light skin tone right cane: accessibility blind probing people body
👩🏼‍🦯‍➡️	سيدة بعصا سير: متجه لليمين أعمى إمكانية الوصول احتياجات خاصة ذات سير شخص ضريرة عصا بيضاء عمياء كفيفة معاقة أشخاص جسم	woman with white cane facing right: medium-light skin tone light right cane: accessibility blind probing people body
👩🏽‍🦯‍➡️	سيدة بعصا سير: متجه لليمين أعمى إمكانية الوصول احتياجات خاصة ذات سير شخص ضريرة عصا بيضاء عمياء كفيفة معاقة أشخاص جسم	woman with white cane facing right: medium skin tone medium-light light right cane: accessibility blind probing people body
👩🏾‍🦯‍➡️	سيدة بعصا سير: متجه لليمين أعمى إمكانية الوصول احتياجات خاصة ذات سير شخص ضريرة عصا بيضاء عمياء كفيفة معاقة أشخاص جسم	woman with white cane facing right: medium-dark skin tone medium medium-light light right cane: accessibility blind probing people body
👩🏿‍🦯‍➡️	سيدة بعصا سير: متجه لليمين أعمى إمكانية الوصول احتياجات خاصة ذات سير شخص ضريرة عصا بيضاء عمياء كفيفة معاقة أشخاص جسم	woman with white cane facing right: dark skin tone medium-dark medium medium-light light right cane: accessibility blind probing people body
🧑‍🦼	شخص على كرسي متحرك كهربائي احتياجات خاصة أشخاص جسم	person in motorized wheelchair accessibility people body
🧑🏻‍🦼	شخص على كرسي متحرك كهربائي: بشرة بلون فاتح احتياجات خاصة كهربائي أشخاص جسم	person in motorized wheelchair: light skin tone accessibility wheelchair people body
🧑🏼‍🦼	شخص على كرسي متحرك كهربائي: بشرة بلون فاتح ومعتدل احتياجات خاصة كهربائي أشخاص جسم	person in motorized wheelchair: medium-light skin tone accessibility wheelchair people body
🧑🏽‍🦼	شخص على كرسي متحرك كهربائي: بشرة بلون معتدل احتياجات خاصة كهربائي أشخاص جسم	person in motorized wheelchair: medium skin tone accessibility wheelchair people body
🧑🏾‍🦼	شخص على كرسي متحرك كهربائي: بشرة بلون معتدل مائل للغامق احتياجات خاصة كهربائي أشخاص جسم	person in motorized wheelchair: medium-dark skin tone accessibility wheelchair people body
🧑🏿‍🦼	شخص على كرسي متحرك كهربائي: بشرة بلون غامق احتياجات خاصة كهربائي أشخاص جسم	person in motorized wheelchair: dark skin tone accessibility wheelchair people body
🧑‍🦼‍➡️	شخص على كرسي متحرك كهربائي: متجه لليمين احتياجات خاصة كهربائي أشخاص جسم	person in motorized wheelchair facing right wheelchair: accessibility people body
🧑🏻‍🦼‍➡️	شخص على كرسي متحرك كهربائي: متجه لليمين احتياجات خاصة كهربائي أشخاص جسم	person in motorized wheelchair facing right: light skin tone right wheelchair: accessibility people body
🧑🏼‍🦼‍➡️	شخص على كرسي متحرك كهربائي: متجه لليمين احتياجات خاصة كهربائي أشخاص جسم	person in motorized wheelchair facing right: medium-light skin tone light right wheelchair: accessibility people body
🧑🏽‍🦼‍➡️	شخص على كرسي متحرك كهربائي: متجه لليمين احتياجات خاصة كهربائي أشخاص جسم	person in motorized wheelchair facing right: medium skin tone medium-light light right wheelchair: accessibility people body
🧑🏾‍🦼‍➡️	شخص على كرسي متحرك كهربائي: متجه لليمين احتياجات خاصة كهربائي أشخاص جسم	person in motorized wheelchair facing right: medium-dark skin tone medium medium-light light right wheelchair: accessibility people body
🧑🏿‍🦼‍➡️	شخص على كرسي متحرك كهربائي: متجه لليمين احتياجات خاصة كهربائي أشخاص جسم	person in motorized wheelchair facing right: dark skin tone medium-dark medium medium-light light right wheelchair: accessibility people body
👨‍🦼	رجل على كرسي متحرك كهربائي إمكانية الوصول احتياجات خاصة شخص طب قعيد مقعد وسيلة أشخاص جسم	man in motorized wheelchair accessibility people body
👨🏻‍🦼	رجل على كرسي متحرك كهربائي: بشرة بلون فاتح إمكانية الوصول احتياجات خاصة كهربائي شخص طب قعيد مقعد وسيلة أشخاص جسم	man in motorized wheelchair: light skin tone accessibility wheelchair people body
👨🏼‍🦼	رجل على كرسي متحرك كهربائي: بشرة بلون فاتح ومعتدل إمكانية الوصول احتياجات خاصة كهربائي شخص طب قعيد مقعد وسيلة أشخاص جسم	man in motorized wheelchair: medium-light skin tone accessibility wheelchair people body
👨🏽‍🦼	رجل على كرسي متحرك كهربائي: بشرة بلون معتدل إمكانية الوصول احتياجات خاصة كهربائي شخص طب قعيد مقعد وسيلة أشخاص جسم	man in motorized wheelchair: medium skin tone accessibility wheelchair people body
👨🏾‍🦼	رجل على كرسي متحرك كهربائي: بشرة بلون معتدل مائل للغامق إمكانية الوصول احتياجات خاصة كهربائي شخص طب قعيد مقعد وسيلة أشخاص جسم	man in motorized wheelchair: medium-dark skin tone accessibility wheelchair people body
👨🏿‍🦼	رجل على كرسي متحرك كهربائي: بشرة بلون غامق إمكانية الوصول احتياجات خاصة كهربائي شخص طب قعيد مقعد وسيلة أشخاص جسم	man in motorized wheelchair: dark skin tone accessibility wheelchair people body
👨‍🦼‍➡️	رجل على كرسي متحرك كهربائي: متجه لليمين إمكانية الوصول احتياجات خاصة كهربائي شخص طب قعيد مقعد وسيلة أشخاص جسم	man in motorized wheelchair facing right wheelchair: accessibility people body
👨🏻‍🦼‍➡️	رجل على كرسي متحرك كهربائي: متجه لليمين إمكانية الوصول احتياجات خاصة كهربائي شخص طب قعيد مقعد وسيلة أشخاص جسم	man in motorized wheelchair facing right: light skin tone right wheelchair: accessibility people body
👨🏼‍🦼‍➡️	رجل على كرسي متحرك كهربائي: متجه لليمين إمكانية الوصول احتياجات خاصة كهربائي شخص طب قعيد مقعد وسيلة أشخاص جسم	man in motorized wheelchair facing right: medium-light skin tone light right wheelchair: accessibility people body
👨🏽‍🦼‍➡️	رجل على كرسي متحرك كهربائي: متجه لليمين إمكانية الوصول احتياجات خاصة كهربائي شخص طب قعيد مقعد وسيلة أشخاص جسم	man in motorized wheelchair facing right: medium skin tone medium-light light right wheelchair: accessibility people body
👨🏾‍🦼‍➡️	رجل على كرسي متحرك كهربائي: متجه لليمين إمكانية الوصول احتياجات خاصة كهربائي شخص طب قعيد مقعد وسيلة أشخاص جسم	man in motorized wheelchair facing right: medium-dark skin tone medium medium-light light right wheelchair: accessibility people body
👨🏿‍🦼‍➡️	رجل على كرسي متحرك كهربائي: متجه لليمين إمكانية الوصول احتياجات خاصة كهربائي شخص طب قعيد مقعد وسيلة أشخاص جسم	man in motorized wheelchair facing right: dark skin tone medium-dark medium medium-light light right wheelchair: accessibility people body
👩‍🦼	سيدة على كرسي متحرك كهربائي إمكانية الوصول احتياجات خاصة شخص طب قعيدة معاق مقعدة وسيلة أشخاص جسم	woman in motorized wheelchair accessibility people body
👩🏻‍🦼	سيدة على كرسي متحرك كهربائي: بشرة بلون فاتح إمكانية الوصول احتياجات خاصة كهربائي شخص طب قعيدة معاق مقعدة وسيلة أشخاص جسم	woman in motorized wheelchair: light skin tone accessibility wheelchair people body
👩🏼‍🦼	سيدة على كرسي متحرك كهربائي: بشرة بلون فاتح ومعتدل إمكانية الوصول احتياجات خاصة كهربائي شخص طب قعيدة معاق مقعدة وسيلة أشخاص جسم	woman in motorized wheelchair: medium-light skin tone accessibility wheelchair people body
👩🏽‍🦼	سيدة على كرسي متحرك كهربائي: بشرة بلون معتدل إمكانية الوصول احتياجات خاصة كهربائي شخص طب قعيدة معاق مقعدة وسيلة أشخاص جسم	woman in motorized wheelchair: medium skin tone accessibility wheelchair people body
👩🏾‍🦼	سيدة على كرسي متحرك كهربائي: بشرة بلون معتدل مائل للغامق إمكانية الوصول احتياجات خاصة كهربائي شخص طب قعيدة معاق مقعدة وسيلة أشخاص جسم	woman in motorized wheelchair: medium-dark skin tone accessibility wheelchair people body
👩🏿‍🦼	سيدة على كرسي متحرك كهربائي: بشرة بلون غامق إمكانية الوصول احتياجات خاصة كهربائي شخص طب قعيدة معاق مقعدة وسيلة أشخاص جسم	woman in motorized wheelchair: dark skin tone accessibility wheelchair people body
👩‍🦼‍➡️	سيدة على كرسي متحرك كهربائي: متجه لليمين إمكانية الوصول احتياجات خاصة كهربائي شخص طب قعيدة معاق مقعدة وسيلة أشخاص جسم	woman in motorized wheelchair facing right wheelchair: accessibility people body
👩🏻‍🦼‍➡️	سيدة على كرسي متحرك كهربائي: متجه لليمين إمكانية الوصول احتياجات خاصة كهربائي شخص طب قعيدة معاق مقعدة وسيلة أشخاص جسم	woman in motorized wheelchair facing right: light skin tone right wheelchair: accessibility people body
👩🏼‍🦼‍➡️	سيدة على كرسي متحرك كهربائي: متجه لليمين إمكانية الوصول احتياجات خاصة كهربائي شخص طب قعيدة معاق مقعدة وسيلة أشخاص جسم	woman in motorized wheelchair facing right: medium-light skin tone light right wheelchair: accessibility people body
👩🏽‍🦼‍➡️	سيدة على كرسي متحرك كهربائي: متجه لليمين إمكانية الوصول احتياجات خاصة كهربائي شخص طب قعيدة معاق مقعدة وسيلة أشخاص جسم	woman in motorized wheelchair facing right: medium skin tone medium-light light right wheelchair: accessibility people body
👩🏾‍🦼‍➡️	سيدة على كرسي متحرك كهربائي: متجه لليمين إمكانية الوصول احتياجات خاصة كهربائي شخص طب قعيدة معاق مقعدة وسيلة أشخاص جسم	woman in motorized wheelchair facing right: medium-dark skin tone medium medium-light light right wheelchair: accessibility people body
👩🏿‍🦼‍➡️	سيدة على كرسي متحرك كهربائي: متجه لليمين إمكانية الوصول احتياجات خاصة كهربائي شخص طب قعيدة معاق مقعدة وسيلة أشخاص جسم	woman in motorized wheelchair facing right: dark skin tone medium-dark medium medium-light light right wheelchair: accessibility people body
🧑‍🦽	شخص على كرسي متحرك يدوي احتياجات خاصة أشخاص جسم	person in manual wheelchair accessibility people body
🧑🏻‍🦽	شخص على كرسي متحرك يدوي: بشرة بلون فاتح احتياجات خاصة يدوي أشخاص جسم	person in manual wheelchair: light skin tone accessibility wheelchair people body
🧑🏼‍🦽	شخص على كرسي متحرك يدوي: بشرة بلون فاتح ومعتدل احتياجات خاصة يدوي أشخاص جسم	person in manual wheelchair: medium-light skin tone accessibility wheelchair people body
🧑🏽‍🦽	شخص على كرسي متحرك يدوي: بشرة بلون معتدل احتياجات خاصة يدوي أشخاص جسم	person in manual wheelchair: medium skin tone accessibility wheelchair people body
🧑🏾‍🦽	شخص على كرسي متحرك يدوي: بشرة بلون معتدل مائل للغامق احتياجات خاصة يدوي أشخاص جسم	person in manual wheelchair: medium-dark skin tone accessibility wheelchair people body
🧑🏿‍🦽	شخص على كرسي متحرك يدوي: بشرة بلون غامق احتياجات خاصة يدوي أشخاص جسم	person in manual wheelchair: dark skin tone accessibility wheelchair people body
🧑‍🦽‍➡️	شخص على كرسي متحرك يدوي: متجه لليمين احتياجات خاصة يدوي أشخاص جسم	person in manual wheelchair facing right wheelchair: accessibility people body
🧑🏻‍🦽‍➡️	شخص على كرسي متحرك يدوي: متجه لليمين احتياجات خاصة يدوي أشخاص جسم	person in manual wheelchair facing right: light skin tone right wheelchair: accessibility people body
🧑🏼‍🦽‍➡️	شخص على كرسي متحرك يدوي: متجه لليمين احتياجات خاصة يدوي أشخاص جسم	person in manual wheelchair facing right: medium-light skin tone light right wheelchair: accessibility people body
🧑🏽‍🦽‍➡️	شخص على كرسي متحرك يدوي: متجه لليمين احتياجات خاصة يدوي أشخاص جسم	person in manual wheelchair facing right: medium skin tone medium-light light right wheelchair: accessibility people body
🧑🏾‍🦽‍➡️	شخص على كرسي متحرك يدوي: متجه لليمين احتياجات خاصة يدوي أشخاص جسم	person in manual wheelchair facing right: medium-dark skin tone medium medium-light light right wheelchair: accessibility people body
🧑🏿‍🦽‍➡️	شخص على كرسي متحرك يدوي: متجه لليمين احتياجات خاصة يدوي أشخاص جسم	person in manual wheelchair facing right: dark skin tone medium-dark medium medium-light light right wheelchair: accessibility people body
👨‍🦽	رجل على كرسي متحرك يدوي إعاقة إمكانية الوصول احتياجات خاصة شخص قعيد بعجل معاق مقعد أشخاص جسم	man in manual wheelchair accessibility people body
👨🏻‍🦽	رجل على كرسي متحرك يدوي: بشرة بلون فاتح إعاقة إمكانية الوصول احتياجات خاصة يدوي شخص قعيد بعجل معاق مقعد أشخاص جسم	man in manual wheelchair: light skin tone accessibility wheelchair people body
👨🏼‍🦽	رجل على كرسي متحرك يدوي: بشرة بلون فاتح ومعتدل إعاقة إمكانية الوصول احتياجات خاصة يدوي شخص قعيد بعجل معاق مقعد أشخاص جسم	man in manual wheelchair: medium-light skin tone accessibility wheelchair people body
👨🏽‍🦽	رجل على كرسي متحرك يدوي: بشرة بلون معتدل إعاقة إمكانية الوصول احتياجات خاصة يدوي شخص قعيد بعجل معاق مقعد أشخاص جسم	man in manual wheelchair: medium skin tone accessibility wheelchair people body
👨🏾‍🦽	رجل على كرسي متحرك يدوي: بشرة بلون معتدل مائل للغامق إعاقة إمكانية الوصول احتياجات خاصة يدوي شخص قعيد بعجل معاق مقعد أشخاص جسم	man in manual wheelchair: medium-dark skin tone accessibility wheelchair people body
👨🏿‍🦽	رجل على كرسي متحرك يدوي: بشرة بلون غامق إعاقة إمكانية الوصول احتياجات خاصة يدوي شخص قعيد بعجل معاق مقعد أشخاص جسم	man in manual wheelchair: dark skin tone accessibility wheelchair people body
👨‍🦽‍➡️	رجل على كرسي متحرك يدوي: متجه لليمين إعاقة إمكانية الوصول احتياجات خاصة يدوي شخص قعيد بعجل معاق مقعد أشخاص جسم	man in manual wheelchair facing right wheelchair: accessibility people body
👨🏻‍🦽‍➡️	رجل على كرسي متحرك يدوي: متجه لليمين إعاقة إمكانية الوصول احتياجات خاصة يدوي شخص قعيد بعجل معاق مقعد أشخاص جسم	man in manual wheelchair facing right: light skin tone right wheelchair: accessibility people body
👨🏼‍🦽‍➡️	رجل على كرسي متحرك يدوي: متجه لليمين إعاقة إمكانية الوصول احتياجات خاصة يدوي شخص قعيد بعجل معاق مقعد أشخاص جسم	man in manual wheelchair facing right: medium-light skin tone light right wheelchair: accessibility people body
👨🏽‍🦽‍➡️	رجل على كرسي متحرك يدوي: متجه لليمين إعاقة إمكانية الوصول احتياجات خاصة يدوي شخص قعيد بعجل معاق مقعد أشخاص جسم	man in manual wheelchair facing right: medium skin tone medium-light light right wheelchair: accessibility people body
👨🏾‍🦽‍➡️	رجل على كرسي متحرك يدوي: متجه لليمين إعاقة إمكانية الوصول احتياجات خاصة يدوي شخص قعيد بعجل معاق مقعد أشخاص جسم	man in manual wheelchair facing right: medium-dark skin tone medium medium-light light right wheelchair: accessibility people body
👨🏿‍🦽‍➡️	رجل على كرسي متحرك يدوي: متجه لليمين إعاقة إمكانية الوصول احتياجات خاصة يدوي شخص قعيد بعجل معاق مقعد أشخاص جسم	man in manual wheelchair facing right: dark skin tone medium-dark medium medium-light light right wheelchair: accessibility people body
👩‍🦽	سيدة على كرسي متحرك يدوي إمكانية الوصول احتياجات خاصة شخص قعيدة مقعدة وسيلة أشخاص جسم	woman in manual wheelchair accessibility people body
👩🏻‍🦽	سيدة على كرسي متحرك يدوي: بشرة بلون فاتح إمكانية الوصول احتياجات خاصة يدوي شخص قعيدة مقعدة وسيلة أشخاص جسم	woman in manual wheelchair: light skin tone accessibility wheelchair people body
👩🏼‍🦽	سيدة على كرسي متحرك يدوي: بشرة بلون فاتح ومعتدل إمكانية الوصول احتياجات خاصة يدوي شخص قعيدة مقعدة وسيلة أشخاص جسم	woman in manual wheelchair: medium-light skin tone accessibility wheelchair people body
👩🏽‍🦽	سيدة على كرسي متحرك يدوي: بشرة بلون معتدل إمكانية الوصول احتياجات خاصة يدوي شخص قعيدة مقعدة وسيلة أشخاص جسم	woman in manual wheelchair: medium skin tone accessibility wheelchair people body
👩🏾‍🦽	سيدة على كرسي متحرك يدوي: بشرة بلون معتدل مائل للغامق إمكانية الوصول احتياجات خاصة يدوي شخص قعيدة مقعدة وسيلة أشخاص جسم	woman in manual wheelchair: medium-dark skin tone accessibility wheelchair people body
👩🏿‍🦽	سيدة على كرسي متحرك يدوي: بشرة بلون غامق إمكانية الوصول احتياجات خاصة يدوي شخص قعيدة مقعدة وسيلة أشخاص جسم	woman in manual wheelchair: dark skin tone accessibility wheelchair people body
👩‍🦽‍➡️	سيدة على كرسي متحرك يدوي: متجه لليمين إمكانية الوصول احتياجات خاصة يدوي شخص قعيدة مقعدة وسيلة أشخاص جسم	woman in manual wheelchair facing right wheelchair: accessibility people body
👩🏻‍🦽‍➡️	سيدة على كرسي متحرك يدوي: متجه لليمين إمكانية الوصول احتياجات خاصة يدوي شخص قعيدة مقعدة وسيلة أشخاص جسم	woman in manual wheelchair facing right: light skin tone right wheelchair: accessibility people body
👩🏼‍🦽‍➡️	سيدة على كرسي متحرك يدوي: متجه لليمين إمكانية الوصول احتياجات خاصة يدوي شخص قعيدة مقعدة وسيلة أشخاص جسم	woman in manual wheelchair facing right: medium-light skin tone light right wheelchair: accessibility people body
👩🏽‍🦽‍➡️	سيدة على كرسي متحرك يدوي: متجه لليمين إمكانية الوصول احتياجات خاصة يدوي شخص قعيدة مقعدة وسيلة أشخاص جسم	woman in manual wheelchair facing right: medium skin tone medium-light light right wheelchair: accessibility people body
👩🏾‍🦽‍➡️	سيدة على كرسي متحرك يدوي: متجه لليمين إمكانية الوصول احتياجات خاصة يدوي شخص قعيدة مقعدة وسيلة أشخاص جسم	woman in manual wheelchair facing right: medium-dark skin tone medium medium-light light right wheelchair: accessibility people body
👩🏿‍🦽‍➡️	سيدة على كرسي متحرك يدوي: متجه لليمين إمكانية الوصول احتياجات خاصة يدوي شخص قعيدة مقعدة وسيلة أشخاص جسم	woman in manual wheelchair facing right: dark skin tone medium-dark medium medium-light light right wheelchair: accessibility people body
🏃	شخص يجري أشخاص جري حركة ركض رياضة سريع عدّاء ماراثون مستعجل جسم	person running fast hurry marathon move quick race racing run rush speed people body
🏃🏻	شخص يجري: بشرة بلون فاتح أشخاص جري حركة ركض رياضة سريع يجري عدّاء ماراثون مستعجل جسم	person running: light skin tone fast hurry marathon move quick race racing run rush speed people body
🏃🏼	شخص يجري: بشرة بلون فاتح ومعتدل أشخاص جري حركة ركض رياضة سريع يجري عدّاء ماراثون مستعجل جسم	person running: medium-light skin tone fast hurry marathon move quick race racing run rush speed people body
🏃🏽	شخص يجري: بشرة بلون معتدل أشخاص جري حركة ركض رياضة سريع يجري عدّاء ماراثون مستعجل جسم	person running: medium skin tone fast hurry marathon move quick race racing run rush speed people body
🏃🏾	شخص يجري: بشرة بلون معتدل مائل للغامق أشخاص جري حركة ركض رياضة سريع يجري عدّاء ماراثون مستعجل جسم	person running: medium-dark skin tone fast hurry marathon move quick race racing run rush speed people body
🏃🏿	شخص يجري: بشرة بلون غامق أشخاص جري حركة ركض رياضة سريع يجري عدّاء ماراثون مستعجل جسم	person running: dark skin tone fast hurry marathon move quick race racing run rush speed people body
🏃‍♂️	راكض يجري يركض يعدو أشخاص جسم	man running fast hurry marathon move quick race racing run rush speed people body
🏃🏻‍♂️	راكض يجري يركض يعدو أشخاص جسم	man running: light skin tone running fast hurry marathon move quick race racing run rush speed people body
🏃🏼‍♂️	راكض يجري يركض يعدو أشخاص جسم	man running: medium-light skin tone light running fast hurry marathon move quick race racing run rush speed people body
🏃🏽‍♂️	راكض يجري يركض يعدو أشخاص جسم	man running: medium skin tone medium-light light running fast hurry marathon move quick race racing run rush speed people body
🏃🏾‍♂️	راكض يجري يركض يعدو أشخاص جسم	man running: medium-dark skin tone medium medium-light light running fast hurry marathon move quick race racing run rush speed people body
🏃🏿‍♂️	راكض يجري يركض يعدو أشخاص جسم	man running: dark skin tone medium-dark medium medium-light light running fast hurry marathon move quick race racing run rush speed people body
🏃‍♀️	راكضة آتية امرأة تجري تركض تعدو ركض سرعة سريعة عجلة عدو ماراتون مستعجلة أشخاص جسم	woman running fast hurry marathon move quick race racing run rush speed people body
🏃🏻‍♀️	راكضة آتية امرأة تجري تركض تعدو ركض سرعة سريعة عجلة عدو ماراتون مستعجلة أشخاص جسم	woman running: light skin tone running fast hurry marathon move quick race racing run rush speed people body
🏃🏼‍♀️	راكضة آتية امرأة تجري تركض تعدو ركض سرعة سريعة عجلة عدو ماراتون مستعجلة أشخاص جسم	woman running: medium-light skin tone light running fast hurry marathon move quick race racing run rush speed people body
🏃🏽‍♀️	راكضة آتية امرأة تجري تركض تعدو ركض سرعة سريعة عجلة عدو ماراتون مستعجلة أشخاص جسم	woman running: medium skin tone medium-light light running fast hurry marathon move quick race racing run rush speed people body
🏃🏾‍♀️	راكضة آتية امرأة تجري تركض تعدو ركض سرعة سريعة عجلة عدو ماراتون مستعجلة أشخاص جسم	woman running: medium-dark skin tone medium medium-light light running fast hurry marathon move quick race racing run rush speed people body
🏃🏿‍♀️	راكضة آتية امرأة تجري تركض تعدو ركض سرعة سريعة عجلة عدو ماراتون مستعجلة أشخاص جسم	woman running: dark skin tone medium-dark medium medium-light light running fast hurry marathon move quick race racing run rush speed people body
🏃‍➡️	شخص يجري: متجه لليمين أشخاص جري حركة ركض رياضة سريع يجري عدّاء ماراثون مستعجل جسم	person running facing right running: fast hurry marathon move quick race racing run rush speed people body
🏃🏻‍➡️	شخص يجري: متجه لليمين أشخاص جري حركة ركض رياضة سريع يجري عدّاء ماراثون مستعجل جسم	person running facing right: light skin tone right running: fast hurry marathon move quick race racing run rush speed people body
🏃🏼‍➡️	شخص يجري: متجه لليمين أشخاص جري حركة ركض رياضة سريع يجري عدّاء ماراثون مستعجل جسم	person running facing right: medium-light skin tone light right running: fast hurry marathon move quick race racing run rush speed people body
🏃🏽‍➡️	شخص يجري: متجه لليمين أشخاص جري حركة ركض رياضة سريع يجري عدّاء ماراثون مستعجل جسم	person running facing right: medium skin tone medium-light light right running: fast hurry marathon move quick race racing run rush speed people body
🏃🏾‍➡️	شخص يجري: متجه لليمين أشخاص جري حركة ركض رياضة سريع يجري عدّاء ماراثون مستعجل جسم	person running facing right: medium-dark skin tone medium medium-light light right running: fast hurry marathon move quick race racing run rush speed people body
🏃🏿‍➡️	شخص يجري: متجه لليمين أشخاص جري حركة ركض رياضة سريع يجري عدّاء ماراثون مستعجل جسم	person running facing right: dark skin tone medium-dark medium medium-light light right running: fast hurry marathon move quick race racing run rush speed people body
🏃‍♀️‍➡️	راكضة: متجه لليمين آتية امرأة تجري تركض تعدو راكضة ركض سرعة سريعة عجلة عدو ماراتون مستعجلة أشخاص جسم	woman running facing right running: fast hurry marathon move quick race racing run rush speed people body
🏃🏻‍♀️‍➡️	راكضة: متجه لليمين آتية امرأة تجري تركض تعدو راكضة ركض سرعة سريعة عجلة عدو ماراتون مستعجلة أشخاص جسم	woman running facing right: light skin tone right running: fast hurry marathon move quick race racing run rush speed people body
🏃🏼‍♀️‍➡️	راكضة: متجه لليمين آتية امرأة تجري تركض تعدو راكضة ركض سرعة سريعة عجلة عدو ماراتون مستعجلة أشخاص جسم	woman running facing right: medium-light skin tone light right running: fast hurry marathon move quick race racing run rush speed people body
🏃🏽‍♀️‍➡️	راكضة: متجه لليمين آتية امرأة تجري تركض تعدو راكضة ركض سرعة سريعة عجلة عدو ماراتون مستعجلة أشخاص جسم	woman running facing right: medium skin tone medium-light light right running: fast hurry marathon move quick race racing run rush speed people body
🏃🏾‍♀️‍➡️	راكضة: متجه لليمين آتية امرأة تجري تركض تعدو راكضة ركض سرعة سريعة عجلة عدو ماراتون مستعجلة أشخاص جسم	woman running facing right: medium-dark skin tone medium medium-light light right running: fast hurry marathon move quick race racing run rush speed people body
🏃🏿‍♀️‍➡️	راكضة: متجه لليمين آتية امرأة تجري تركض تعدو راكضة ركض سرعة سريعة عجلة عدو ماراتون مستعجلة أشخاص جسم	woman running facing right: dark skin tone medium-dark medium medium-light light right running: fast hurry marathon move quick race racing run rush speed people body
🏃‍♂️‍➡️	راكض: متجه لليمين راكض يجري يركض يعدو أشخاص جسم	man running facing right running: fast hurry marathon move quick race racing run rush speed people body
🏃🏻‍♂️‍➡️	راكض: متجه لليمين راكض يجري يركض يعدو أشخاص جسم	man running facing right: light skin tone right running: fast hurry marathon move quick race racing run rush speed people body
🏃🏼‍♂️‍➡️	راكض: متجه لليمين راكض يجري يركض يعدو أشخاص جسم	man running facing right: medium-light skin tone light right running: fast hurry marathon move quick race racing run rush speed people body
🏃🏽‍♂️‍➡️	راكض: متجه لليمين راكض يجري يركض يعدو أشخاص جسم	man running facing right: medium skin tone medium-light light right running: fast hurry marathon move quick race racing run rush speed people body
🏃🏾‍♂️‍➡️	راكض: متجه لليمين راكض يجري يركض يعدو أشخاص جسم	man running facing right: medium-dark skin tone medium medium-light light right running: fast hurry marathon move quick race racing run rush speed people body
🏃🏿‍♂️‍➡️	راكض: متجه لليمين راكض يجري يركض يعدو أشخاص جسم	man running facing right: dark skin tone medium-dark medium medium-light light right running: fast hurry marathon move quick race racing run rush speed people body
🧑‍🩰	راقصة باليه الباليه أشخاص جسم	ballet dancer people body
🧑🏻‍🩰	راقصة باليه: بشرة بلون فاتح الباليه أشخاص جسم	ballet dancer: light skin tone dancer people body
🧑🏼‍🩰	راقصة باليه: بشرة بلون فاتح ومعتدل الباليه أشخاص جسم	ballet dancer: medium-light skin tone dancer people body
🧑🏽‍🩰	راقصة باليه: بشرة بلون معتدل الباليه أشخاص جسم	ballet dancer: medium skin tone dancer people body
🧑🏾‍🩰	راقصة باليه: بشرة بلون معتدل مائل للغامق الباليه أشخاص جسم	ballet dancer: medium-dark skin tone dancer people body
🧑🏿‍🩰	راقصة باليه: بشرة بلون غامق الباليه أشخاص جسم	ballet dancer: dark skin tone dancer people body
💃	راقصة أشخاص تنغو رقص فلامينكو جسم	woman dancing dance dancer elegant festive flair flamenco groove let’s salsa tango people body
💃🏻	راقصة: بشرة بلون فاتح أشخاص تنغو راقصة رقص فلامينكو جسم	woman dancing: light skin tone dance dancer dancing elegant festive flair flamenco groove let’s salsa tango people body
💃🏼	راقصة: بشرة بلون فاتح ومعتدل أشخاص تنغو راقصة رقص فلامينكو جسم	woman dancing: medium-light skin tone dance dancer dancing elegant festive flair flamenco groove let’s salsa tango people body
💃🏽	راقصة: بشرة بلون معتدل أشخاص تنغو راقصة رقص فلامينكو جسم	woman dancing: medium skin tone dance dancer dancing elegant festive flair flamenco groove let’s salsa tango people body
💃🏾	راقصة: بشرة بلون معتدل مائل للغامق أشخاص تنغو راقصة رقص فلامينكو جسم	woman dancing: medium-dark skin tone dance dancer dancing elegant festive flair flamenco groove let’s salsa tango people body
💃🏿	راقصة: بشرة بلون غامق أشخاص تنغو راقصة رقص فلامينكو جسم	woman dancing: dark skin tone dance dancer dancing elegant festive flair flamenco groove let’s salsa tango people body
🕺	رجل يرقص أناقة أنيق تانغو راقص رقص سلسا فلامينكو متأنق أشخاص جسم	man dancing dance dancer elegant festive flair flamenco groove let’s salsa tango people body
🕺🏻	رجل يرقص: بشرة بلون فاتح أناقة أنيق تانغو راقص يرقص رقص سلسا فلامينكو متأنق أشخاص جسم	man dancing: light skin tone dance dancer dancing elegant festive flair flamenco groove let’s salsa tango people body
🕺🏼	رجل يرقص: بشرة بلون فاتح ومعتدل أناقة أنيق تانغو راقص يرقص رقص سلسا فلامينكو متأنق أشخاص جسم	man dancing: medium-light skin tone dance dancer dancing elegant festive flair flamenco groove let’s salsa tango people body
🕺🏽	رجل يرقص: بشرة بلون معتدل أناقة أنيق تانغو راقص يرقص رقص سلسا فلامينكو متأنق أشخاص جسم	man dancing: medium skin tone dance dancer dancing elegant festive flair flamenco groove let’s salsa tango people body
🕺🏾	رجل يرقص: بشرة بلون معتدل مائل للغامق أناقة أنيق تانغو راقص يرقص رقص سلسا فلامينكو متأنق أشخاص جسم	man dancing: medium-dark skin tone dance dancer dancing elegant festive flair flamenco groove let’s salsa tango people body
🕺🏿	رجل يرقص: بشرة بلون غامق أناقة أنيق تانغو راقص يرقص رقص سلسا فلامينكو متأنق أشخاص جسم	man dancing: dark skin tone dance dancer dancing elegant festive flair flamenco groove let’s salsa tango people body
🕴️	رجل أعمال يرتقي بدلة أشخاص جسم	person in suit levitating business people body
🕴🏻	رجل أعمال يرتقي: بشرة بلون فاتح بدلة يرتقي أشخاص جسم	person in suit levitating: light skin tone business levitating people body
🕴🏼	رجل أعمال يرتقي: بشرة بلون فاتح ومعتدل بدلة يرتقي أشخاص جسم	person in suit levitating: medium-light skin tone business levitating people body
🕴🏽	رجل أعمال يرتقي: بشرة بلون معتدل بدلة يرتقي أشخاص جسم	person in suit levitating: medium skin tone business levitating people body
🕴🏾	رجل أعمال يرتقي: بشرة بلون معتدل مائل للغامق بدلة يرتقي أشخاص جسم	person in suit levitating: medium-dark skin tone business levitating people body
🕴🏿	رجل أعمال يرتقي: بشرة بلون غامق بدلة يرتقي أشخاص جسم	person in suit levitating: dark skin tone business levitating people body
👯	شخصان يرقصان أذن أرنبية أشخاص احتفال امرأة بنات راقصة توأم رفيق رقص صديق متماثل جسم	people with bunny ears bestie bff counterpart dancer double ear identical pair party partying soulmate twin twinsies body
👯🏻	شخصان يرقصان: بشرة بلون فاتح أذن أرنبية أشخاص احتفال امرأة بنات راقصة توأم رفيق رقص يرقصان صديق متماثل جسم	people with bunny ears: light skin tone bestie bff counterpart dancer double ear identical pair party partying soulmate twin twinsies body
👯🏼	شخصان يرقصان: بشرة بلون فاتح ومعتدل أذن أرنبية أشخاص احتفال امرأة بنات راقصة توأم رفيق رقص يرقصان صديق متماثل جسم	people with bunny ears: medium-light skin tone bestie bff counterpart dancer double ear identical pair party partying soulmate twin twinsies body
👯🏽	شخصان يرقصان: بشرة بلون معتدل أذن أرنبية أشخاص احتفال امرأة بنات راقصة توأم رفيق رقص يرقصان صديق متماثل جسم	people with bunny ears: medium skin tone bestie bff counterpart dancer double ear identical pair party partying soulmate twin twinsies body
👯🏾	شخصان يرقصان: بشرة بلون معتدل مائل للغامق أذن أرنبية أشخاص احتفال امرأة بنات راقصة توأم رفيق رقص يرقصان صديق متماثل جسم	people with bunny ears: medium-dark skin tone bestie bff counterpart dancer double ear identical pair party partying soulmate twin twinsies body
👯🏿	شخصان يرقصان: بشرة بلون غامق أذن أرنبية أشخاص احتفال امرأة بنات راقصة توأم رفيق رقص يرقصان صديق متماثل جسم	people with bunny ears: dark skin tone bestie bff counterpart dancer double ear identical pair party partying soulmate twin twinsies body
👯‍♂️	رجلان يرقصان أرنب أصدقاء توأم توم حفل حفلة رقص أشخاص جسم	men with bunny ears bestie bff counterpart dancer double ear identical pair party partying people soulmate twin twinsies body
👯🏻‍♂️	رجلان يرقصان أرنب أصدقاء توأم توم حفل حفلة رقص أشخاص جسم	men with bunny ears: light skin tone ears bestie bff counterpart dancer double ear identical pair party partying people soulmate twin twinsies body
👯🏼‍♂️	رجلان يرقصان أرنب أصدقاء توأم توم حفل حفلة رقص أشخاص جسم	men with bunny ears: medium-light skin tone light ears bestie bff counterpart dancer double ear identical pair party partying people soulmate twin twinsies body
👯🏽‍♂️	رجلان يرقصان أرنب أصدقاء توأم توم حفل حفلة رقص أشخاص جسم	men with bunny ears: medium skin tone medium-light light ears bestie bff counterpart dancer double ear identical pair party partying people soulmate twin twinsies body
👯🏾‍♂️	رجلان يرقصان أرنب أصدقاء توأم توم حفل حفلة رقص أشخاص جسم	men with bunny ears: medium-dark skin tone medium medium-light light ears bestie bff counterpart dancer double ear identical pair party partying people soulmate twin twinsies body
👯🏿‍♂️	رجلان يرقصان أرنب أصدقاء توأم توم حفل حفلة رقص أشخاص جسم	men with bunny ears: dark skin tone medium-dark medium medium-light light ears bestie bff counterpart dancer double ear identical pair party partying people soulmate twin twinsies body
👯‍♀️	امرأتان ترقصان حفل رقص أشخاص جسم	women with bunny ears bestie bff counterpart dancer double ear identical pair party partying people soulmate twin twinsies body
👯🏻‍♀️	امرأتان ترقصان حفل رقص أشخاص جسم	women with bunny ears: light skin tone ears bestie bff counterpart dancer double ear identical pair party partying people soulmate twin twinsies body
👯🏼‍♀️	امرأتان ترقصان حفل رقص أشخاص جسم	women with bunny ears: medium-light skin tone light ears bestie bff counterpart dancer double ear identical pair party partying people soulmate twin twinsies body
👯🏽‍♀️	امرأتان ترقصان حفل رقص أشخاص جسم	women with bunny ears: medium skin tone medium-light light ears bestie bff counterpart dancer double ear identical pair party partying people soulmate twin twinsies body
👯🏾‍♀️	امرأتان ترقصان حفل رقص أشخاص جسم	women with bunny ears: medium-dark skin tone medium medium-light light ears bestie bff counterpart dancer double ear identical pair party partying people soulmate twin twinsies body
👯🏿‍♀️	امرأتان ترقصان حفل رقص أشخاص جسم	women with bunny ears: dark skin tone medium-dark medium medium-light light ears bestie bff counterpart dancer double ear identical pair party partying people soulmate twin twinsies body
🧑🏻‍🐰‍🧑🏼	شخصان يرقصان: بشرة بلون فاتح وبشرة ومعتدل أذن أرنبية أشخاص احتفال امرأة بنات راقصة توأم رفيق رقص يرقصان صديق متماثل جسم	people with bunny ears: light skin tone, medium-light tone bestie bff counterpart dancer double ear identical pair party partying soulmate twin twinsies body
🧑🏻‍🐰‍🧑🏽	شخصان يرقصان: بشرة بلون فاتح وبشرة معتدل أذن أرنبية أشخاص احتفال امرأة بنات راقصة توأم رفيق رقص يرقصان صديق متماثل جسم	people with bunny ears: light skin tone, medium tone bestie bff counterpart dancer double ear identical pair party partying soulmate twin twinsies body
🧑🏻‍🐰‍🧑🏾	شخصان يرقصان: بشرة بلون فاتح وبشرة معتدل مائل للغامق أذن أرنبية أشخاص احتفال امرأة بنات راقصة توأم رفيق رقص يرقصان صديق متماثل جسم	people with bunny ears: light skin tone, medium-dark tone bestie bff counterpart dancer double ear identical pair party partying soulmate twin twinsies body
🧑🏻‍🐰‍🧑🏿	شخصان يرقصان: بشرة بلون فاتح وبشرة غامق أذن أرنبية أشخاص احتفال امرأة بنات راقصة توأم رفيق رقص يرقصان صديق متماثل جسم	people with bunny ears: light skin tone, dark tone bestie bff counterpart dancer double ear identical pair party partying soulmate twin twinsies body
🧑🏼‍🐰‍🧑🏻	شخصان يرقصان: بشرة بلون فاتح ومعتدل وبشرة أذن أرنبية أشخاص احتفال امرأة بنات راقصة توأم رفيق رقص يرقصان صديق متماثل جسم	people with bunny ears: medium-light skin tone, light tone bestie bff counterpart dancer double ear identical pair party partying soulmate twin twinsies body
🧑🏼‍🐰‍🧑🏽	شخصان يرقصان: بشرة بلون فاتح ومعتدل وبشرة معتدل أذن أرنبية أشخاص احتفال امرأة بنات راقصة توأم رفيق رقص يرقصان صديق متماثل جسم	people with bunny ears: medium-light skin tone, medium tone bestie bff counterpart dancer double ear identical pair party partying soulmate twin twinsies body
🧑🏼‍🐰‍🧑🏾	شخصان يرقصان: بشرة بلون فاتح ومعتدل وبشرة معتدل مائل للغامق أذن أرنبية أشخاص احتفال امرأة بنات راقصة توأم رفيق رقص يرقصان صديق متماثل جسم	people with bunny ears: medium-light skin tone, medium-dark tone bestie bff counterpart dancer double ear identical pair party partying soulmate twin twinsies body
🧑🏼‍🐰‍🧑🏿	شخصان يرقصان: بشرة بلون فاتح ومعتدل وبشرة غامق أذن أرنبية أشخاص احتفال امرأة بنات راقصة توأم رفيق رقص يرقصان صديق متماثل جسم	people with bunny ears: medium-light skin tone, dark tone bestie bff counterpart dancer double ear identical pair party partying soulmate twin twinsies body
🧑🏽‍🐰‍🧑🏻	شخصان يرقصان: بشرة بلون معتدل وبشرة فاتح أذن أرنبية أشخاص احتفال امرأة بنات راقصة توأم رفيق رقص يرقصان صديق متماثل جسم	people with bunny ears: medium skin tone, light tone bestie bff counterpart dancer double ear identical pair party partying soulmate twin twinsies body
🧑🏽‍🐰‍🧑🏼	شخصان يرقصان: بشرة بلون معتدل وبشرة فاتح ومعتدل أذن أرنبية أشخاص احتفال امرأة بنات راقصة توأم رفيق رقص يرقصان صديق متماثل جسم	people with bunny ears: medium skin tone, medium-light tone bestie bff counterpart dancer double ear identical pair party partying soulmate twin twinsies body
🧑🏽‍🐰‍🧑🏾	شخصان يرقصان: بشرة بلون معتدل وبشرة مائل للغامق أذن أرنبية أشخاص احتفال امرأة بنات راقصة توأم رفيق رقص يرقصان صديق متماثل جسم	people with bunny ears: medium skin tone, medium-dark tone bestie bff counterpart dancer double ear identical pair party partying soulmate twin twinsies body
🧑🏽‍🐰‍🧑🏿	شخصان يرقصان: بشرة بلون معتدل وبشرة غامق أذن أرنبية أشخاص احتفال امرأة بنات راقصة توأم رفيق رقص يرقصان صديق متماثل جسم	people with bunny ears: medium skin tone, dark tone bestie bff counterpart dancer double ear identical pair party partying soulmate twin twinsies body
🧑🏾‍🐰‍🧑🏻	شخصان يرقصان: بشرة بلون معتدل مائل للغامق وبشرة فاتح أذن أرنبية أشخاص احتفال امرأة بنات راقصة توأم رفيق رقص يرقصان صديق متماثل جسم	people with bunny ears: medium-dark skin tone, light tone bestie bff counterpart dancer double ear identical pair party partying soulmate twin twinsies body
🧑🏾‍🐰‍🧑🏼	شخصان يرقصان: بشرة بلون معتدل مائل للغامق وبشرة فاتح ومعتدل أذن أرنبية أشخاص احتفال امرأة بنات راقصة توأم رفيق رقص يرقصان صديق متماثل جسم	people with bunny ears: medium-dark skin tone, medium-light tone bestie bff counterpart dancer double ear identical pair party partying soulmate twin twinsies body
🧑🏾‍🐰‍🧑🏽	شخصان يرقصان: بشرة بلون معتدل مائل للغامق وبشرة أذن أرنبية أشخاص احتفال امرأة بنات راقصة توأم رفيق رقص يرقصان صديق متماثل جسم	people with bunny ears: medium-dark skin tone, medium tone bestie bff counterpart dancer double ear identical pair party partying soulmate twin twinsies body
🧑🏾‍🐰‍🧑🏿	شخصان يرقصان: بشرة بلون معتدل مائل للغامق وبشرة غامق أذن أرنبية أشخاص احتفال امرأة بنات راقصة توأم رفيق رقص يرقصان صديق متماثل جسم	people with bunny ears: medium-dark skin tone, dark tone bestie bff counterpart dancer double ear identical pair party partying soulmate twin twinsies body
🧑🏿‍🐰‍🧑🏻	شخصان يرقصان: بشرة بلون غامق وبشرة فاتح أذن أرنبية أشخاص احتفال امرأة بنات راقصة توأم رفيق رقص يرقصان صديق متماثل جسم	people with bunny ears: dark skin tone, light tone bestie bff counterpart dancer double ear identical pair party partying soulmate twin twinsies body
🧑🏿‍🐰‍🧑🏼	شخصان يرقصان: بشرة بلون غامق وبشرة فاتح ومعتدل أذن أرنبية أشخاص احتفال امرأة بنات راقصة توأم رفيق رقص يرقصان صديق متماثل جسم	people with bunny ears: dark skin tone, medium-light tone bestie bff counterpart dancer double ear identical pair party partying soulmate twin twinsies body
🧑🏿‍🐰‍🧑🏽	شخصان يرقصان: بشرة بلون غامق وبشرة معتدل أذن أرنبية أشخاص احتفال امرأة بنات راقصة توأم رفيق رقص يرقصان صديق متماثل جسم	people with bunny ears: dark skin tone, medium tone bestie bff counterpart dancer double ear identical pair party partying soulmate twin twinsies body
🧑🏿‍🐰‍🧑🏾	شخصان يرقصان: بشرة بلون غامق وبشرة معتدل مائل للغامق أذن أرنبية أشخاص احتفال امرأة بنات راقصة توأم رفيق رقص يرقصان صديق متماثل جسم	people with bunny ears: dark skin tone, medium-dark tone bestie bff counterpart dancer double ear identical pair party partying soulmate twin twinsies body
👨🏻‍🐰‍👨🏼	رجلان يرقصان: بشرة بلون فاتح وبشرة ومعتدل أرنب أصدقاء توأم توم حفل حفلة يرقصان رقص أشخاص جسم	men with bunny ears: light skin tone, medium-light tone bestie bff counterpart dancer double ear identical pair party partying people soulmate twin twinsies body
👨🏻‍🐰‍👨🏽	رجلان يرقصان: بشرة بلون فاتح وبشرة معتدل أرنب أصدقاء توأم توم حفل حفلة يرقصان رقص أشخاص جسم	men with bunny ears: light skin tone, medium tone bestie bff counterpart dancer double ear identical pair party partying people soulmate twin twinsies body
👨🏻‍🐰‍👨🏾	رجلان يرقصان: بشرة بلون فاتح وبشرة معتدل مائل للغامق أرنب أصدقاء توأم توم حفل حفلة يرقصان رقص أشخاص جسم	men with bunny ears: light skin tone, medium-dark tone bestie bff counterpart dancer double ear identical pair party partying people soulmate twin twinsies body
👨🏻‍🐰‍👨🏿	رجلان يرقصان: بشرة بلون فاتح وبشرة غامق أرنب أصدقاء توأم توم حفل حفلة يرقصان رقص أشخاص جسم	men with bunny ears: light skin tone, dark tone bestie bff counterpart dancer double ear identical pair party partying people soulmate twin twinsies body
👨🏼‍🐰‍👨🏻	رجلان يرقصان: بشرة بلون فاتح ومعتدل وبشرة أرنب أصدقاء توأم توم حفل حفلة يرقصان رقص أشخاص جسم	men with bunny ears: medium-light skin tone, light tone bestie bff counterpart dancer double ear identical pair party partying people soulmate twin twinsies body
👨🏼‍🐰‍👨🏽	رجلان يرقصان: بشرة بلون فاتح ومعتدل وبشرة معتدل أرنب أصدقاء توأم توم حفل حفلة يرقصان رقص أشخاص جسم	men with bunny ears: medium-light skin tone, medium tone bestie bff counterpart dancer double ear identical pair party partying people soulmate twin twinsies body
👨🏼‍🐰‍👨🏾	رجلان يرقصان: بشرة بلون فاتح ومعتدل وبشرة معتدل مائل للغامق أرنب أصدقاء توأم توم حفل حفلة يرقصان رقص أشخاص جسم	men with bunny ears: medium-light skin tone, medium-dark tone bestie bff counterpart dancer double ear identical pair party partying people soulmate twin twinsies body
👨🏼‍🐰‍👨🏿	رجلان يرقصان: بشرة بلون فاتح ومعتدل وبشرة غامق أرنب أصدقاء توأم توم حفل حفلة يرقصان رقص أشخاص جسم	men with bunny ears: medium-light skin tone, dark tone bestie bff counterpart dancer double ear identical pair party partying people soulmate twin twinsies body
👨🏽‍🐰‍👨🏻	رجلان يرقصان: بشرة بلون معتدل وبشرة فاتح أرنب أصدقاء توأم توم حفل حفلة يرقصان رقص أشخاص جسم	men with bunny ears: medium skin tone, light tone bestie bff counterpart dancer double ear identical pair party partying people soulmate twin twinsies body
👨🏽‍🐰‍👨🏼	رجلان يرقصان: بشرة بلون معتدل وبشرة فاتح ومعتدل أرنب أصدقاء توأم توم حفل حفلة يرقصان رقص أشخاص جسم	men with bunny ears: medium skin tone, medium-light tone bestie bff counterpart dancer double ear identical pair party partying people soulmate twin twinsies body
👨🏽‍🐰‍👨🏾	رجلان يرقصان: بشرة بلون معتدل وبشرة مائل للغامق أرنب أصدقاء توأم توم حفل حفلة يرقصان رقص أشخاص جسم	men with bunny ears: medium skin tone, medium-dark tone bestie bff counterpart dancer double ear identical pair party partying people soulmate twin twinsies body
👨🏽‍🐰‍👨🏿	رجلان يرقصان: بشرة بلون معتدل وبشرة غامق أرنب أصدقاء توأم توم حفل حفلة يرقصان رقص أشخاص جسم	men with bunny ears: medium skin tone, dark tone bestie bff counterpart dancer double ear identical pair party partying people soulmate twin twinsies body
👨🏾‍🐰‍👨🏻	رجلان يرقصان: بشرة بلون معتدل مائل للغامق وبشرة فاتح أرنب أصدقاء توأم توم حفل حفلة يرقصان رقص أشخاص جسم	men with bunny ears: medium-dark skin tone, light tone bestie bff counterpart dancer double ear identical pair party partying people soulmate twin twinsies body
👨🏾‍🐰‍👨🏼	رجلان يرقصان: بشرة بلون معتدل مائل للغامق وبشرة فاتح ومعتدل أرنب أصدقاء توأم توم حفل حفلة يرقصان رقص أشخاص جسم	men with bunny ears: medium-dark skin tone, medium-light tone bestie bff counterpart dancer double ear identical pair party partying people soulmate twin twinsies body
👨🏾‍🐰‍👨🏽	رجلان يرقصان: بشرة بلون معتدل مائل للغامق وبشرة أرنب أصدقاء توأم توم حفل حفلة يرقصان رقص أشخاص جسم	men with bunny ears: medium-dark skin tone, medium tone bestie bff counterpart dancer double ear identical pair party partying people soulmate twin twinsies body
👨🏾‍🐰‍👨🏿	رجلان يرقصان: بشرة بلون معتدل مائل للغامق وبشرة غامق أرنب أصدقاء توأم توم حفل حفلة يرقصان رقص أشخاص جسم	men with bunny ears: medium-dark skin tone, dark tone bestie bff counterpart dancer double ear identical pair party partying people soulmate twin twinsies body
👨🏿‍🐰‍👨🏻	رجلان يرقصان: بشرة بلون غامق وبشرة فاتح أرنب أصدقاء توأم توم حفل حفلة يرقصان رقص أشخاص جسم	men with bunny ears: dark skin tone, light tone bestie bff counterpart dancer double ear identical pair party partying people soulmate twin twinsies body
👨🏿‍🐰‍👨🏼	رجلان يرقصان: بشرة بلون غامق وبشرة فاتح ومعتدل أرنب أصدقاء توأم توم حفل حفلة يرقصان رقص أشخاص جسم	men with bunny ears: dark skin tone, medium-light tone bestie bff counterpart dancer double ear identical pair party partying people soulmate twin twinsies body
👨🏿‍🐰‍👨🏽	رجلان يرقصان: بشرة بلون غامق وبشرة معتدل أرنب أصدقاء توأم توم حفل حفلة يرقصان رقص أشخاص جسم	men with bunny ears: dark skin tone, medium tone bestie bff counterpart dancer double ear identical pair party partying people soulmate twin twinsies body
👨🏿‍🐰‍👨🏾	رجلان يرقصان: بشرة بلون غامق وبشرة معتدل مائل للغامق أرنب أصدقاء توأم توم حفل حفلة يرقصان رقص أشخاص جسم	men with bunny ears: dark skin tone, medium-dark tone bestie bff counterpart dancer double ear identical pair party partying people soulmate twin twinsies body
👩🏻‍🐰‍👩🏼	امرأتان ترقصان: بشرة بلون فاتح وبشرة ومعتدل ترقصان حفل رقص أشخاص جسم	women with bunny ears: light skin tone, medium-light tone bestie bff counterpart dancer double ear identical pair party partying people soulmate twin twinsies body
👩🏻‍🐰‍👩🏽	امرأتان ترقصان: بشرة بلون فاتح وبشرة معتدل ترقصان حفل رقص أشخاص جسم	women with bunny ears: light skin tone, medium tone bestie bff counterpart dancer double ear identical pair party partying people soulmate twin twinsies body
👩🏻‍🐰‍👩🏾	امرأتان ترقصان: بشرة بلون فاتح وبشرة معتدل مائل للغامق ترقصان حفل رقص أشخاص جسم	women with bunny ears: light skin tone, medium-dark tone bestie bff counterpart dancer double ear identical pair party partying people soulmate twin twinsies body
👩🏻‍🐰‍👩🏿	امرأتان ترقصان: بشرة بلون فاتح وبشرة غامق ترقصان حفل رقص أشخاص جسم	women with bunny ears: light skin tone, dark tone bestie bff counterpart dancer double ear identical pair party partying people soulmate twin twinsies body
👩🏼‍🐰‍👩🏻	امرأتان ترقصان: بشرة بلون فاتح ومعتدل وبشرة ترقصان حفل رقص أشخاص جسم	women with bunny ears: medium-light skin tone, light tone bestie bff counterpart dancer double ear identical pair party partying people soulmate twin twinsies body
👩🏼‍🐰‍👩🏽	امرأتان ترقصان: بشرة بلون فاتح ومعتدل وبشرة معتدل ترقصان حفل رقص أشخاص جسم	women with bunny ears: medium-light skin tone, medium tone bestie bff counterpart dancer double ear identical pair party partying people soulmate twin twinsies body
👩🏼‍🐰‍👩🏾	امرأتان ترقصان: بشرة بلون فاتح ومعتدل وبشرة معتدل مائل للغامق ترقصان حفل رقص أشخاص جسم	women with bunny ears: medium-light skin tone, medium-dark tone bestie bff counterpart dancer double ear identical pair party partying people soulmate twin twinsies body
👩🏼‍🐰‍👩🏿	امرأتان ترقصان: بشرة بلون فاتح ومعتدل وبشرة غامق ترقصان حفل رقص أشخاص جسم	women with bunny ears: medium-light skin tone, dark tone bestie bff counterpart dancer double ear identical pair party partying people soulmate twin twinsies body
👩🏽‍🐰‍👩🏻	امرأتان ترقصان: بشرة بلون معتدل وبشرة فاتح ترقصان حفل رقص أشخاص جسم	women with bunny ears: medium skin tone, light tone bestie bff counterpart dancer double ear identical pair party partying people soulmate twin twinsies body
👩🏽‍🐰‍👩🏼	امرأتان ترقصان: بشرة بلون معتدل وبشرة فاتح ومعتدل ترقصان حفل رقص أشخاص جسم	women with bunny ears: medium skin tone, medium-light tone bestie bff counterpart dancer double ear identical pair party partying people soulmate twin twinsies body
👩🏽‍🐰‍👩🏾	امرأتان ترقصان: بشرة بلون معتدل وبشرة مائل للغامق ترقصان حفل رقص أشخاص جسم	women with bunny ears: medium skin tone, medium-dark tone bestie bff counterpart dancer double ear identical pair party partying people soulmate twin twinsies body
👩🏽‍🐰‍👩🏿	امرأتان ترقصان: بشرة بلون معتدل وبشرة غامق ترقصان حفل رقص أشخاص جسم	women with bunny ears: medium skin tone, dark tone bestie bff counterpart dancer double ear identical pair party partying people soulmate twin twinsies body
👩🏾‍🐰‍👩🏻	امرأتان ترقصان: بشرة بلون معتدل مائل للغامق وبشرة فاتح ترقصان حفل رقص أشخاص جسم	women with bunny ears: medium-dark skin tone, light tone bestie bff counterpart dancer double ear identical pair party partying people soulmate twin twinsies body
👩🏾‍🐰‍👩🏼	امرأتان ترقصان: بشرة بلون معتدل مائل للغامق وبشرة فاتح ومعتدل ترقصان حفل رقص أشخاص جسم	women with bunny ears: medium-dark skin tone, medium-light tone bestie bff counterpart dancer double ear identical pair party partying people soulmate twin twinsies body
👩🏾‍🐰‍👩🏽	امرأتان ترقصان: بشرة بلون معتدل مائل للغامق وبشرة ترقصان حفل رقص أشخاص جسم	women with bunny ears: medium-dark skin tone, medium tone bestie bff counterpart dancer double ear identical pair party partying people soulmate twin twinsies body
👩🏾‍🐰‍👩🏿	امرأتان ترقصان: بشرة بلون معتدل مائل للغامق وبشرة غامق ترقصان حفل رقص أشخاص جسم	women with bunny ears: medium-dark skin tone, dark tone bestie bff counterpart dancer double ear identical pair party partying people soulmate twin twinsies body
👩🏿‍🐰‍👩🏻	امرأتان ترقصان: بشرة بلون غامق وبشرة فاتح ترقصان حفل رقص أشخاص جسم	women with bunny ears: dark skin tone, light tone bestie bff counterpart dancer double ear identical pair party partying people soulmate twin twinsies body
👩🏿‍🐰‍👩🏼	امرأتان ترقصان: بشرة بلون غامق وبشرة فاتح ومعتدل ترقصان حفل رقص أشخاص جسم	women with bunny ears: dark skin tone, medium-light tone bestie bff counterpart dancer double ear identical pair party partying people soulmate twin twinsies body
👩🏿‍🐰‍👩🏽	امرأتان ترقصان: بشرة بلون غامق وبشرة معتدل ترقصان حفل رقص أشخاص جسم	women with bunny ears: dark skin tone, medium tone bestie bff counterpart dancer double ear identical pair party partying people soulmate twin twinsies body
👩🏿‍🐰‍👩🏾	امرأتان ترقصان: بشرة بلون غامق وبشرة معتدل مائل للغامق ترقصان حفل رقص أشخاص جسم	women with bunny ears: dark skin tone, medium-dark tone bestie bff counterpart dancer double ear identical pair party partying people soulmate twin twinsies body
🧖	شخص في حمّام بخار أشخاص استرخاء تجميل حمام راحة ساونا سونا عناية جسم	person in steamy room day luxurious pamper relax sauna spa steam steambath unwind people body
🧖🏻	شخص في حمّام بخار: بشرة بلون فاتح أشخاص استرخاء تجميل حمام بخار راحة ساونا سونا عناية جسم	person in steamy room: light skin tone day luxurious pamper relax room sauna spa steam steambath unwind people body
🧖🏼	شخص في حمّام بخار: بشرة بلون فاتح ومعتدل أشخاص استرخاء تجميل حمام بخار راحة ساونا سونا عناية جسم	person in steamy room: medium-light skin tone day luxurious pamper relax room sauna spa steam steambath unwind people body
🧖🏽	شخص في حمّام بخار: بشرة بلون معتدل أشخاص استرخاء تجميل حمام بخار راحة ساونا سونا عناية جسم	person in steamy room: medium skin tone day luxurious pamper relax room sauna spa steam steambath unwind people body
🧖🏾	شخص في حمّام بخار: بشرة بلون معتدل مائل للغامق أشخاص استرخاء تجميل حمام بخار راحة ساونا سونا عناية جسم	person in steamy room: medium-dark skin tone day luxurious pamper relax room sauna spa steam steambath unwind people body
🧖🏿	شخص في حمّام بخار: بشرة بلون غامق أشخاص استرخاء تجميل حمام بخار راحة ساونا سونا عناية جسم	person in steamy room: dark skin tone day luxurious pamper relax room sauna spa steam steambath unwind people body
🧖‍♂️	رجل في حمّام بخار أشخاص جسم	man in steamy room day luxurious pamper relax sauna spa steam steambath unwind people body
🧖🏻‍♂️	رجل في حمّام بخار أشخاص جسم	man in steamy room: light skin tone room day luxurious pamper relax sauna spa steam steambath unwind people body
🧖🏼‍♂️	رجل في حمّام بخار أشخاص جسم	man in steamy room: medium-light skin tone light room day luxurious pamper relax sauna spa steam steambath unwind people body
🧖🏽‍♂️	رجل في حمّام بخار أشخاص جسم	man in steamy room: medium skin tone medium-light light room day luxurious pamper relax sauna spa steam steambath unwind people body
🧖🏾‍♂️	رجل في حمّام بخار أشخاص جسم	man in steamy room: medium-dark skin tone medium medium-light light room day luxurious pamper relax sauna spa steam steambath unwind people body
🧖🏿‍♂️	رجل في حمّام بخار أشخاص جسم	man in steamy room: dark skin tone medium-dark medium medium-light light room day luxurious pamper relax sauna spa steam steambath unwind people body
🧖‍♀️	امرأة في حمّام بخار أشخاص جسم	woman in steamy room day luxurious pamper relax sauna spa steam steambath unwind people body
🧖🏻‍♀️	امرأة في حمّام بخار أشخاص جسم	woman in steamy room: light skin tone room day luxurious pamper relax sauna spa steam steambath unwind people body
🧖🏼‍♀️	امرأة في حمّام بخار أشخاص جسم	woman in steamy room: medium-light skin tone light room day luxurious pamper relax sauna spa steam steambath unwind people body
🧖🏽‍♀️	امرأة في حمّام بخار أشخاص جسم	woman in steamy room: medium skin tone medium-light light room day luxurious pamper relax sauna spa steam steambath unwind people body
🧖🏾‍♀️	امرأة في حمّام بخار أشخاص جسم	woman in steamy room: medium-dark skin tone medium medium-light light room day luxurious pamper relax sauna spa steam steambath unwind people body
🧖🏿‍♀️	امرأة في حمّام بخار أشخاص جسم	woman in steamy room: dark skin tone medium-dark medium medium-light light room day luxurious pamper relax sauna spa steam steambath unwind people body
🧗	شخص يتسلّق أشخاص تسلق جبال رياضة صخور صعود متسلقة مغامرة وصولية جسم	person climbing climb climber mountain rock scale up people body
🧗🏻	شخص يتسلّق: بشرة بلون فاتح أشخاص تسلق جبال رياضة يتسلّق صخور صعود متسلقة مغامرة وصولية جسم	person climbing: light skin tone climb climber climbing mountain rock scale up people body
🧗🏼	شخص يتسلّق: بشرة بلون فاتح ومعتدل أشخاص تسلق جبال رياضة يتسلّق صخور صعود متسلقة مغامرة وصولية جسم	person climbing: medium-light skin tone climb climber climbing mountain rock scale up people body
🧗🏽	شخص يتسلّق: بشرة بلون معتدل أشخاص تسلق جبال رياضة يتسلّق صخور صعود متسلقة مغامرة وصولية جسم	person climbing: medium skin tone climb climber climbing mountain rock scale up people body
🧗🏾	شخص يتسلّق: بشرة بلون معتدل مائل للغامق أشخاص تسلق جبال رياضة يتسلّق صخور صعود متسلقة مغامرة وصولية جسم	person climbing: medium-dark skin tone climb climber climbing mountain rock scale up people body
🧗🏿	شخص يتسلّق: بشرة بلون غامق أشخاص تسلق جبال رياضة يتسلّق صخور صعود متسلقة مغامرة وصولية جسم	person climbing: dark skin tone climb climber climbing mountain rock scale up people body
🧗‍♂️	رجل يتسلّق أشخاص جسم	man climbing climb climber mountain rock scale up people body
🧗🏻‍♂️	رجل يتسلّق أشخاص جسم	man climbing: light skin tone climbing climb climber mountain rock scale up people body
🧗🏼‍♂️	رجل يتسلّق أشخاص جسم	man climbing: medium-light skin tone light climbing climb climber mountain rock scale up people body
🧗🏽‍♂️	رجل يتسلّق أشخاص جسم	man climbing: medium skin tone medium-light light climbing climb climber mountain rock scale up people body
🧗🏾‍♂️	رجل يتسلّق أشخاص جسم	man climbing: medium-dark skin tone medium medium-light light climbing climb climber mountain rock scale up people body
🧗🏿‍♂️	رجل يتسلّق أشخاص جسم	man climbing: dark skin tone medium-dark medium medium-light light climbing climb climber mountain rock scale up people body
🧗‍♀️	امرأة تتسلّق أشخاص جسم	woman climbing climb climber mountain rock scale up people body
🧗🏻‍♀️	امرأة تتسلّق أشخاص جسم	woman climbing: light skin tone climbing climb climber mountain rock scale up people body
🧗🏼‍♀️	امرأة تتسلّق أشخاص جسم	woman climbing: medium-light skin tone light climbing climb climber mountain rock scale up people body
🧗🏽‍♀️	امرأة تتسلّق أشخاص جسم	woman climbing: medium skin tone medium-light light climbing climb climber mountain rock scale up people body
🧗🏾‍♀️	امرأة تتسلّق أشخاص جسم	woman climbing: medium-dark skin tone medium medium-light light climbing climb climber mountain rock scale up people body
🧗🏿‍♀️	امرأة تتسلّق أشخاص جسم	woman climbing: dark skin tone medium-dark medium medium-light light climbing climb climber mountain rock scale up people body
🤺	مبارز رياضة سيف شخص مبارزة أشخاص جسم	person fencing fencer sword people body
🏇	سباق خيول حصان خيل ركوب الخيل رياضة سبق فرس مباراة أشخاص جسم	horse racing jockey racehorse riding sport people body
🏇🏻	سباق خيول: بشرة بلون فاتح حصان خيل ركوب الخيل رياضة خيول سبق فرس مباراة أشخاص جسم	horse racing: light skin tone jockey racehorse racing riding sport people body
🏇🏼	سباق خيول: بشرة بلون فاتح ومعتدل حصان خيل ركوب الخيل رياضة خيول سبق فرس مباراة أشخاص جسم	horse racing: medium-light skin tone jockey racehorse racing riding sport people body
🏇🏽	سباق خيول: بشرة بلون معتدل حصان خيل ركوب الخيل رياضة خيول سبق فرس مباراة أشخاص جسم	horse racing: medium skin tone jockey racehorse racing riding sport people body
🏇🏾	سباق خيول: بشرة بلون معتدل مائل للغامق حصان خيل ركوب الخيل رياضة خيول سبق فرس مباراة أشخاص جسم	horse racing: medium-dark skin tone jockey racehorse racing riding sport people body
🏇🏿	سباق خيول: بشرة بلون غامق حصان خيل ركوب الخيل رياضة خيول سبق فرس مباراة أشخاص جسم	horse racing: dark skin tone jockey racehorse racing riding sport people body
⛷️	متزلّج على الثلج تزحلق تزلج ثلج جليد رياضة سكي أشخاص جسم	skier ski snow people body
🏂	متزلج تزلج رياضة سكي سنو بورد لوح أشخاص جسم	snowboarder ski snow snowboard sport people body
🏂🏻	متزلج: بشرة بلون فاتح تزلج رياضة سكي سنو بورد لوح متزلج أشخاص جسم	snowboarder: light skin tone ski snow snowboard snowboarder sport people body
🏂🏼	متزلج: بشرة بلون فاتح ومعتدل تزلج رياضة سكي سنو بورد لوح متزلج أشخاص جسم	snowboarder: medium-light skin tone ski snow snowboard snowboarder sport people body
🏂🏽	متزلج: بشرة بلون معتدل تزلج رياضة سكي سنو بورد لوح متزلج أشخاص جسم	snowboarder: medium skin tone ski snow snowboard snowboarder sport people body
🏂🏾	متزلج: بشرة بلون معتدل مائل للغامق تزلج رياضة سكي سنو بورد لوح متزلج أشخاص جسم	snowboarder: medium-dark skin tone ski snow snowboard snowboarder sport people body
🏂🏿	متزلج: بشرة بلون غامق تزلج رياضة سكي سنو بورد لوح متزلج أشخاص جسم	snowboarder: dark skin tone ski snow snowboard snowboarder sport people body
🏌️	شخص يلعب غولف أشخاص انطلاق جولف رجل ضرب الكرة كرة مضرب جسم	person golfing ball birdie caddy driving golf green pga putt range tee people body
🏌🏻	شخص يلعب غولف: بشرة بلون فاتح أشخاص انطلاق جولف رجل غولف ضرب الكرة كرة مضرب جسم	person golfing: light skin tone ball birdie caddy driving golf golfing green pga putt range tee people body
🏌🏼	شخص يلعب غولف: بشرة بلون فاتح ومعتدل أشخاص انطلاق جولف رجل غولف ضرب الكرة كرة مضرب جسم	person golfing: medium-light skin tone ball birdie caddy driving golf golfing green pga putt range tee people body
🏌🏽	شخص يلعب غولف: بشرة بلون معتدل أشخاص انطلاق جولف رجل غولف ضرب الكرة كرة مضرب جسم	person golfing: medium skin tone ball birdie caddy driving golf golfing green pga putt range tee people body
🏌🏾	شخص يلعب غولف: بشرة بلون معتدل مائل للغامق أشخاص انطلاق جولف رجل غولف ضرب الكرة كرة مضرب جسم	person golfing: medium-dark skin tone ball birdie caddy driving golf golfing green pga putt range tee people body
🏌🏿	شخص يلعب غولف: بشرة بلون غامق أشخاص انطلاق جولف رجل غولف ضرب الكرة كرة مضرب جسم	person golfing: dark skin tone ball birdie caddy driving golf golfing green pga putt range tee people body
🏌️‍♂️	لاعب غولف أشخاص جسم	man golfing ball birdie caddy driving golf green pga putt range tee people body
🏌🏻‍♂️	لاعب غولف أشخاص جسم	man golfing: light skin tone golfing ball birdie caddy driving golf green pga putt range tee people body
🏌🏼‍♂️	لاعب غولف أشخاص جسم	man golfing: medium-light skin tone light golfing ball birdie caddy driving golf green pga putt range tee people body
🏌🏽‍♂️	لاعب غولف أشخاص جسم	man golfing: medium skin tone medium-light light golfing ball birdie caddy driving golf green pga putt range tee people body
🏌🏾‍♂️	لاعب غولف أشخاص جسم	man golfing: medium-dark skin tone medium medium-light light golfing ball birdie caddy driving golf green pga putt range tee people body
🏌🏿‍♂️	لاعب غولف أشخاص جسم	man golfing: dark skin tone medium-dark medium medium-light light golfing ball birdie caddy driving golf green pga putt range tee people body
🏌️‍♀️	لاعبة غولف جولف طابة كرة أشخاص جسم	woman golfing ball birdie caddy driving golf green pga putt range tee people body
🏌🏻‍♀️	لاعبة غولف جولف طابة كرة أشخاص جسم	woman golfing: light skin tone golfing ball birdie caddy driving golf green pga putt range tee people body
🏌🏼‍♀️	لاعبة غولف جولف طابة كرة أشخاص جسم	woman golfing: medium-light skin tone light golfing ball birdie caddy driving golf green pga putt range tee people body
🏌🏽‍♀️	لاعبة غولف جولف طابة كرة أشخاص جسم	woman golfing: medium skin tone medium-light light golfing ball birdie caddy driving golf green pga putt range tee people body
🏌🏾‍♀️	لاعبة غولف جولف طابة كرة أشخاص جسم	woman golfing: medium-dark skin tone medium medium-light light golfing ball birdie caddy driving golf green pga putt range tee people body
🏌🏿‍♀️	لاعبة غولف جولف طابة كرة أشخاص جسم	woman golfing: dark skin tone medium-dark medium medium-light light golfing ball birdie caddy driving golf green pga putt range tee people body
🏄	شخص يركب الأمواج أشخاص أمواج بحر ركوب رياضة شاطئ محيط موج موجة طويلة جسم	person surfing beach ocean sport surf surfer swell waves people body
🏄🏻	شخص يركب الأمواج: بشرة بلون فاتح أشخاص أمواج بحر ركوب رياضة شاطئ الأمواج محيط موج موجة طويلة جسم	person surfing: light skin tone beach ocean sport surf surfer surfing swell waves people body
🏄🏼	شخص يركب الأمواج: بشرة بلون فاتح ومعتدل أشخاص أمواج بحر ركوب رياضة شاطئ الأمواج محيط موج موجة طويلة جسم	person surfing: medium-light skin tone beach ocean sport surf surfer surfing swell waves people body
🏄🏽	شخص يركب الأمواج: بشرة بلون معتدل أشخاص أمواج بحر ركوب رياضة شاطئ الأمواج محيط موج موجة طويلة جسم	person surfing: medium skin tone beach ocean sport surf surfer surfing swell waves people body
🏄🏾	شخص يركب الأمواج: بشرة بلون معتدل مائل للغامق أشخاص أمواج بحر ركوب رياضة شاطئ الأمواج محيط موج موجة طويلة جسم	person surfing: medium-dark skin tone beach ocean sport surf surfer surfing swell waves people body
🏄🏿	شخص يركب الأمواج: بشرة بلون غامق أشخاص أمواج بحر ركوب رياضة شاطئ الأمواج محيط موج موجة طويلة جسم	person surfing: dark skin tone beach ocean sport surf surfer surfing swell waves people body
🏄‍♂️	راكب أمواج تزلج ركوب أشخاص جسم	man surfing beach ocean sport surf surfer swell waves people body
🏄🏻‍♂️	راكب أمواج تزلج ركوب أشخاص جسم	man surfing: light skin tone surfing beach ocean sport surf surfer swell waves people body
🏄🏼‍♂️	راكب أمواج تزلج ركوب أشخاص جسم	man surfing: medium-light skin tone light surfing beach ocean sport surf surfer swell waves people body
🏄🏽‍♂️	راكب أمواج تزلج ركوب أشخاص جسم	man surfing: medium skin tone medium-light light surfing beach ocean sport surf surfer swell waves people body
🏄🏾‍♂️	راكب أمواج تزلج ركوب أشخاص جسم	man surfing: medium-dark skin tone medium medium-light light surfing beach ocean sport surf surfer swell waves people body
🏄🏿‍♂️	راكب أمواج تزلج ركوب أشخاص جسم	man surfing: dark skin tone medium-dark medium medium-light light surfing beach ocean sport surf surfer swell waves people body
🏄‍♀️	راكبة أمواج امرأة بحر ركمجة ركوب سورف سيدة شخص موج أشخاص جسم	woman surfing beach ocean person sport surf surfer swell waves people body
🏄🏻‍♀️	راكبة أمواج امرأة بحر ركمجة ركوب سورف سيدة شخص موج أشخاص جسم	woman surfing: light skin tone surfing beach ocean person sport surf surfer swell waves people body
🏄🏼‍♀️	راكبة أمواج امرأة بحر ركمجة ركوب سورف سيدة شخص موج أشخاص جسم	woman surfing: medium-light skin tone light surfing beach ocean person sport surf surfer swell waves people body
🏄🏽‍♀️	راكبة أمواج امرأة بحر ركمجة ركوب سورف سيدة شخص موج أشخاص جسم	woman surfing: medium skin tone medium-light light surfing beach ocean person sport surf surfer swell waves people body
🏄🏾‍♀️	راكبة أمواج امرأة بحر ركمجة ركوب سورف سيدة شخص موج أشخاص جسم	woman surfing: medium-dark skin tone medium medium-light light surfing beach ocean person sport surf surfer swell waves people body
🏄🏿‍♀️	راكبة أمواج امرأة بحر ركمجة ركوب سورف سيدة شخص موج أشخاص جسم	woman surfing: dark skin tone medium-dark medium medium-light light surfing beach ocean person sport surf surfer swell waves people body
🚣	شخص يجدف بزورق أشخاص بحيرة تجديف رياضة زورق صيد سمك قارب مجداف مركبة نهر جسم	person rowing boat canoe cruise fishing lake oar paddle raft river row rowboat people body
🚣🏻	شخص يجدف بزورق: بشرة بلون فاتح أشخاص بحيرة تجديف رياضة زورق بزورق صيد سمك قارب مجداف مركبة نهر جسم	person rowing boat: light skin tone boat canoe cruise fishing lake oar paddle raft river row rowboat people body
🚣🏼	شخص يجدف بزورق: بشرة بلون فاتح ومعتدل أشخاص بحيرة تجديف رياضة زورق بزورق صيد سمك قارب مجداف مركبة نهر جسم	person rowing boat: medium-light skin tone boat canoe cruise fishing lake oar paddle raft river row rowboat people body
🚣🏽	شخص يجدف بزورق: بشرة بلون معتدل أشخاص بحيرة تجديف رياضة زورق بزورق صيد سمك قارب مجداف مركبة نهر جسم	person rowing boat: medium skin tone boat canoe cruise fishing lake oar paddle raft river row rowboat people body
🚣🏾	شخص يجدف بزورق: بشرة بلون معتدل مائل للغامق أشخاص بحيرة تجديف رياضة زورق بزورق صيد سمك قارب مجداف مركبة نهر جسم	person rowing boat: medium-dark skin tone boat canoe cruise fishing lake oar paddle raft river row rowboat people body
🚣🏿	شخص يجدف بزورق: بشرة بلون غامق أشخاص بحيرة تجديف رياضة زورق بزورق صيد سمك قارب مجداف مركبة نهر جسم	person rowing boat: dark skin tone boat canoe cruise fishing lake oar paddle raft river row rowboat people body
🚣‍♂️	رجل يجدف بقارب تجديف قارب أشخاص جسم	man rowing boat canoe cruise fishing lake oar paddle raft river row rowboat people body
🚣🏻‍♂️	رجل يجدف بقارب تجديف قارب أشخاص جسم	man rowing boat: light skin tone boat canoe cruise fishing lake oar paddle raft river row rowboat people body
🚣🏼‍♂️	رجل يجدف بقارب تجديف قارب أشخاص جسم	man rowing boat: medium-light skin tone light boat canoe cruise fishing lake oar paddle raft river row rowboat people body
🚣🏽‍♂️	رجل يجدف بقارب تجديف قارب أشخاص جسم	man rowing boat: medium skin tone medium-light light boat canoe cruise fishing lake oar paddle raft river row rowboat people body
🚣🏾‍♂️	رجل يجدف بقارب تجديف قارب أشخاص جسم	man rowing boat: medium-dark skin tone medium medium-light light boat canoe cruise fishing lake oar paddle raft river row rowboat people body
🚣🏿‍♂️	رجل يجدف بقارب تجديف قارب أشخاص جسم	man rowing boat: dark skin tone medium-dark medium medium-light light boat canoe cruise fishing lake oar paddle raft river row rowboat people body
🚣‍♀️	سيدة تجدف بقارب بحر بحيرة تجديف رحلة زورق شختورة صيد سمك قارب أشخاص جسم	woman rowing boat canoe cruise fishing lake oar paddle raft river row rowboat people body
🚣🏻‍♀️	سيدة تجدف بقارب بحر بحيرة تجديف رحلة زورق شختورة صيد سمك قارب أشخاص جسم	woman rowing boat: light skin tone boat canoe cruise fishing lake oar paddle raft river row rowboat people body
🚣🏼‍♀️	سيدة تجدف بقارب بحر بحيرة تجديف رحلة زورق شختورة صيد سمك قارب أشخاص جسم	woman rowing boat: medium-light skin tone light boat canoe cruise fishing lake oar paddle raft river row rowboat people body
🚣🏽‍♀️	سيدة تجدف بقارب بحر بحيرة تجديف رحلة زورق شختورة صيد سمك قارب أشخاص جسم	woman rowing boat: medium skin tone medium-light light boat canoe cruise fishing lake oar paddle raft river row rowboat people body
🚣🏾‍♀️	سيدة تجدف بقارب بحر بحيرة تجديف رحلة زورق شختورة صيد سمك قارب أشخاص جسم	woman rowing boat: medium-dark skin tone medium medium-light light boat canoe cruise fishing lake oar paddle raft river row rowboat people body
🚣🏿‍♀️	سيدة تجدف بقارب بحر بحيرة تجديف رحلة زورق شختورة صيد سمك قارب أشخاص جسم	woman rowing boat: dark skin tone medium-dark medium medium-light light boat canoe cruise fishing lake oar paddle raft river row rowboat people body
🏊	شخص يسبح أشخاص بحر رياضة سباح سباحة حرة سباق ثلاثي مسبح جسم	person swimming freestyle sport swim swimmer triathlon people body
🏊🏻	شخص يسبح: بشرة بلون فاتح أشخاص بحر رياضة سباح سباحة حرة سباق ثلاثي يسبح مسبح جسم	person swimming: light skin tone freestyle sport swim swimmer swimming triathlon people body
🏊🏼	شخص يسبح: بشرة بلون فاتح ومعتدل أشخاص بحر رياضة سباح سباحة حرة سباق ثلاثي يسبح مسبح جسم	person swimming: medium-light skin tone freestyle sport swim swimmer swimming triathlon people body
🏊🏽	شخص يسبح: بشرة بلون معتدل أشخاص بحر رياضة سباح سباحة حرة سباق ثلاثي يسبح مسبح جسم	person swimming: medium skin tone freestyle sport swim swimmer swimming triathlon people body
🏊🏾	شخص يسبح: بشرة بلون معتدل مائل للغامق أشخاص بحر رياضة سباح سباحة حرة سباق ثلاثي يسبح مسبح جسم	person swimming: medium-dark skin tone freestyle sport swim swimmer swimming triathlon people body
🏊🏿	شخص يسبح: بشرة بلون غامق أشخاص بحر رياضة سباح سباحة حرة سباق ثلاثي يسبح مسبح جسم	person swimming: dark skin tone freestyle sport swim swimmer swimming triathlon people body
🏊‍♂️	سباح يسبح يعوم أشخاص جسم	man swimming freestyle sport swim swimmer triathlon people body
🏊🏻‍♂️	سباح يسبح يعوم أشخاص جسم	man swimming: light skin tone swimming freestyle sport swim swimmer triathlon people body
🏊🏼‍♂️	سباح يسبح يعوم أشخاص جسم	man swimming: medium-light skin tone light swimming freestyle sport swim swimmer triathlon people body
🏊🏽‍♂️	سباح يسبح يعوم أشخاص جسم	man swimming: medium skin tone medium-light light swimming freestyle sport swim swimmer triathlon people body
🏊🏾‍♂️	سباح يسبح يعوم أشخاص جسم	man swimming: medium-dark skin tone medium medium-light light swimming freestyle sport swim swimmer triathlon people body
🏊🏿‍♂️	سباح يسبح يعوم أشخاص جسم	man swimming: dark skin tone medium-dark medium medium-light light swimming freestyle sport swim swimmer triathlon people body
🏊‍♀️	سبَّاحة أمرأة تسبح تعوم رياضة سباحة سيدة أشخاص جسم	woman swimming freestyle man sport swim swimmer triathlon people body
🏊🏻‍♀️	سبَّاحة أمرأة تسبح تعوم رياضة سباحة سيدة أشخاص جسم	woman swimming: light skin tone swimming freestyle man sport swim swimmer triathlon people body
🏊🏼‍♀️	سبَّاحة أمرأة تسبح تعوم رياضة سباحة سيدة أشخاص جسم	woman swimming: medium-light skin tone light swimming freestyle man sport swim swimmer triathlon people body
🏊🏽‍♀️	سبَّاحة أمرأة تسبح تعوم رياضة سباحة سيدة أشخاص جسم	woman swimming: medium skin tone medium-light light swimming freestyle man sport swim swimmer triathlon people body
🏊🏾‍♀️	سبَّاحة أمرأة تسبح تعوم رياضة سباحة سيدة أشخاص جسم	woman swimming: medium-dark skin tone medium medium-light light swimming freestyle man sport swim swimmer triathlon people body
🏊🏿‍♀️	سبَّاحة أمرأة تسبح تعوم رياضة سباحة سيدة أشخاص جسم	woman swimming: dark skin tone medium-dark medium medium-light light swimming freestyle man sport swim swimmer triathlon people body
⛹️	شخص وكرة أشخاص باسكت بول رمية حرة رياضة رياضي كرة سلة مباراة مراوغة جسم	person bouncing ball athletic basketball championship dribble net player throw people body
⛹🏻	شخص وكرة: بشرة بلون فاتح أشخاص باسكت بول رمية حرة رياضة رياضي وكرة كرة سلة مباراة مراوغة جسم	person bouncing ball: light skin tone athletic ball basketball championship dribble net player throw people body
⛹🏼	شخص وكرة: بشرة بلون فاتح ومعتدل أشخاص باسكت بول رمية حرة رياضة رياضي وكرة كرة سلة مباراة مراوغة جسم	person bouncing ball: medium-light skin tone athletic ball basketball championship dribble net player throw people body
⛹🏽	شخص وكرة: بشرة بلون معتدل أشخاص باسكت بول رمية حرة رياضة رياضي وكرة كرة سلة مباراة مراوغة جسم	person bouncing ball: medium skin tone athletic ball basketball championship dribble net player throw people body
⛹🏾	شخص وكرة: بشرة بلون معتدل مائل للغامق أشخاص باسكت بول رمية حرة رياضة رياضي وكرة كرة سلة مباراة مراوغة جسم	person bouncing ball: medium-dark skin tone athletic ball basketball championship dribble net player throw people body
⛹🏿	شخص وكرة: بشرة بلون غامق أشخاص باسكت بول رمية حرة رياضة رياضي وكرة كرة سلة مباراة مراوغة جسم	person bouncing ball: dark skin tone athletic ball basketball championship dribble net player throw people body
⛹️‍♂️	رجل وكرة كرة أشخاص جسم	man bouncing ball athletic basketball championship dribble net player throw people body
⛹🏻‍♂️	رجل وكرة كرة أشخاص جسم	man bouncing ball: light skin tone ball athletic basketball championship dribble net player throw people body
⛹🏼‍♂️	رجل وكرة كرة أشخاص جسم	man bouncing ball: medium-light skin tone light ball athletic basketball championship dribble net player throw people body
⛹🏽‍♂️	رجل وكرة كرة أشخاص جسم	man bouncing ball: medium skin tone medium-light light ball athletic basketball championship dribble net player throw people body
⛹🏾‍♂️	رجل وكرة كرة أشخاص جسم	man bouncing ball: medium-dark skin tone medium medium-light light ball athletic basketball championship dribble net player throw people body
⛹🏿‍♂️	رجل وكرة كرة أشخاص جسم	man bouncing ball: dark skin tone medium-dark medium medium-light light ball athletic basketball championship dribble net player throw people body
⛹️‍♀️	سيدة وكرة باسكت بول باسكتبول رياضة شخص طابة كرة سلة لاعبة أشخاص جسم	woman bouncing ball athletic basketball championship dribble net player throw people body
⛹🏻‍♀️	سيدة وكرة باسكت بول باسكتبول رياضة شخص طابة كرة سلة لاعبة أشخاص جسم	woman bouncing ball: light skin tone ball athletic basketball championship dribble net player throw people body
⛹🏼‍♀️	سيدة وكرة باسكت بول باسكتبول رياضة شخص طابة كرة سلة لاعبة أشخاص جسم	woman bouncing ball: medium-light skin tone light ball athletic basketball championship dribble net player throw people body
⛹🏽‍♀️	سيدة وكرة باسكت بول باسكتبول رياضة شخص طابة كرة سلة لاعبة أشخاص جسم	woman bouncing ball: medium skin tone medium-light light ball athletic basketball championship dribble net player throw people body
⛹🏾‍♀️	سيدة وكرة باسكت بول باسكتبول رياضة شخص طابة كرة سلة لاعبة أشخاص جسم	woman bouncing ball: medium-dark skin tone medium medium-light light ball athletic basketball championship dribble net player throw people body
⛹🏿‍♀️	سيدة وكرة باسكت بول باسكتبول رياضة شخص طابة كرة سلة لاعبة أشخاص جسم	woman bouncing ball: dark skin tone medium-dark medium medium-light light ball athletic basketball championship dribble net player throw people body
🏋️	شخص يرفع أثقال أشخاص أوزان تمرين رافع رفع الأثقال رياضة لاعب كمال أجسام جسم	person lifting weights barbell bodybuilder deadlift lifter powerlifting weight weightlifter workout people body
🏋🏻	شخص يرفع أثقال: بشرة بلون فاتح أثقال أشخاص أوزان تمرين رافع رفع الأثقال رياضة لاعب كمال أجسام جسم	person lifting weights: light skin tone barbell bodybuilder deadlift lifter powerlifting weight weightlifter weights workout people body
🏋🏼	شخص يرفع أثقال: بشرة بلون فاتح ومعتدل أثقال أشخاص أوزان تمرين رافع رفع الأثقال رياضة لاعب كمال أجسام جسم	person lifting weights: medium-light skin tone barbell bodybuilder deadlift lifter powerlifting weight weightlifter weights workout people body
🏋🏽	شخص يرفع أثقال: بشرة بلون معتدل أثقال أشخاص أوزان تمرين رافع رفع الأثقال رياضة لاعب كمال أجسام جسم	person lifting weights: medium skin tone barbell bodybuilder deadlift lifter powerlifting weight weightlifter weights workout people body
🏋🏾	شخص يرفع أثقال: بشرة بلون معتدل مائل للغامق أثقال أشخاص أوزان تمرين رافع رفع الأثقال رياضة لاعب كمال أجسام جسم	person lifting weights: medium-dark skin tone barbell bodybuilder deadlift lifter powerlifting weight weightlifter weights workout people body
🏋🏿	شخص يرفع أثقال: بشرة بلون غامق أثقال أشخاص أوزان تمرين رافع رفع الأثقال رياضة لاعب كمال أجسام جسم	person lifting weights: dark skin tone barbell bodybuilder deadlift lifter powerlifting weight weightlifter weights workout people body
🏋️‍♂️	رافع أثقال رفع أشخاص جسم	man lifting weights barbell bodybuilder deadlift lifter powerlifting weight weightlifter workout people body
🏋🏻‍♂️	رافع أثقال رفع أشخاص جسم	man lifting weights: light skin tone weights barbell bodybuilder deadlift lifter powerlifting weight weightlifter workout people body
🏋🏼‍♂️	رافع أثقال رفع أشخاص جسم	man lifting weights: medium-light skin tone light weights barbell bodybuilder deadlift lifter powerlifting weight weightlifter workout people body
🏋🏽‍♂️	رافع أثقال رفع أشخاص جسم	man lifting weights: medium skin tone medium-light light weights barbell bodybuilder deadlift lifter powerlifting weight weightlifter workout people body
🏋🏾‍♂️	رافع أثقال رفع أشخاص جسم	man lifting weights: medium-dark skin tone medium medium-light light weights barbell bodybuilder deadlift lifter powerlifting weight weightlifter workout people body
🏋🏿‍♂️	رافع أثقال رفع أشخاص جسم	man lifting weights: dark skin tone medium-dark medium medium-light light weights barbell bodybuilder deadlift lifter powerlifting weight weightlifter workout people body
🏋️‍♀️	رافعة أثقال أوزان امرأة تمرين رفع رياضة سيدة أشخاص جسم	woman lifting weights barbell bodybuilder deadlift lifter powerlifting weight weightlifter workout people body
🏋🏻‍♀️	رافعة أثقال أوزان امرأة تمرين رفع رياضة سيدة أشخاص جسم	woman lifting weights: light skin tone weights barbell bodybuilder deadlift lifter powerlifting weight weightlifter workout people body
🏋🏼‍♀️	رافعة أثقال أوزان امرأة تمرين رفع رياضة سيدة أشخاص جسم	woman lifting weights: medium-light skin tone light weights barbell bodybuilder deadlift lifter powerlifting weight weightlifter workout people body
🏋🏽‍♀️	رافعة أثقال أوزان امرأة تمرين رفع رياضة سيدة أشخاص جسم	woman lifting weights: medium skin tone medium-light light weights barbell bodybuilder deadlift lifter powerlifting weight weightlifter workout people body
🏋🏾‍♀️	رافعة أثقال أوزان امرأة تمرين رفع رياضة سيدة أشخاص جسم	woman lifting weights: medium-dark skin tone medium medium-light light weights barbell bodybuilder deadlift lifter powerlifting weight weightlifter workout people body
🏋🏿‍♀️	رافعة أثقال أوزان امرأة تمرين رفع رياضة سيدة أشخاص جسم	woman lifting weights: dark skin tone medium-dark medium medium-light light weights barbell bodybuilder deadlift lifter powerlifting weight weightlifter workout people body
🚴	شخص يركب دراجة أشخاص بيسيكليت ركوب الدرجات رياضة سبق سيكل جسم	person biking bicycle bicyclist bike cycle cyclist riding sport people body
🚴🏻	شخص يركب دراجة: بشرة بلون فاتح أشخاص بيسيكليت دراجة ركوب الدرجات رياضة سبق سيكل جسم	person biking: light skin tone bicycle bicyclist bike biking cycle cyclist riding sport people body
🚴🏼	شخص يركب دراجة: بشرة بلون فاتح ومعتدل أشخاص بيسيكليت دراجة ركوب الدرجات رياضة سبق سيكل جسم	person biking: medium-light skin tone bicycle bicyclist bike biking cycle cyclist riding sport people body
🚴🏽	شخص يركب دراجة: بشرة بلون معتدل أشخاص بيسيكليت دراجة ركوب الدرجات رياضة سبق سيكل جسم	person biking: medium skin tone bicycle bicyclist bike biking cycle cyclist riding sport people body
🚴🏾	شخص يركب دراجة: بشرة بلون معتدل مائل للغامق أشخاص بيسيكليت دراجة ركوب الدرجات رياضة سبق سيكل جسم	person biking: medium-dark skin tone bicycle bicyclist bike biking cycle cyclist riding sport people body
🚴🏿	شخص يركب دراجة: بشرة بلون غامق أشخاص بيسيكليت دراجة ركوب الدرجات رياضة سبق سيكل جسم	person biking: dark skin tone bicycle bicyclist bike biking cycle cyclist riding sport people body
🚴‍♂️	راكب دراجة دراج أشخاص جسم	man biking bicycle bicyclist bike cycle cyclist riding sport people body
🚴🏻‍♂️	راكب دراجة دراج أشخاص جسم	man biking: light skin tone biking bicycle bicyclist bike cycle cyclist riding sport people body
🚴🏼‍♂️	راكب دراجة دراج أشخاص جسم	man biking: medium-light skin tone light biking bicycle bicyclist bike cycle cyclist riding sport people body
🚴🏽‍♂️	راكب دراجة دراج أشخاص جسم	man biking: medium skin tone medium-light light biking bicycle bicyclist bike cycle cyclist riding sport people body
🚴🏾‍♂️	راكب دراجة دراج أشخاص جسم	man biking: medium-dark skin tone medium medium-light light biking bicycle bicyclist bike cycle cyclist riding sport people body
🚴🏿‍♂️	راكب دراجة دراج أشخاص جسم	man biking: dark skin tone medium-dark medium medium-light light biking bicycle bicyclist bike cycle cyclist riding sport people body
🚴‍♀️	راكبة دراجة بيسيكليت رياضة سباق أشخاص جسم	woman biking bicycle bicyclist bike cycle cyclist riding sport people body
🚴🏻‍♀️	راكبة دراجة بيسيكليت رياضة سباق أشخاص جسم	woman biking: light skin tone biking bicycle bicyclist bike cycle cyclist riding sport people body
🚴🏼‍♀️	راكبة دراجة بيسيكليت رياضة سباق أشخاص جسم	woman biking: medium-light skin tone light biking bicycle bicyclist bike cycle cyclist riding sport people body
🚴🏽‍♀️	راكبة دراجة بيسيكليت رياضة سباق أشخاص جسم	woman biking: medium skin tone medium-light light biking bicycle bicyclist bike cycle cyclist riding sport people body
🚴🏾‍♀️	راكبة دراجة بيسيكليت رياضة سباق أشخاص جسم	woman biking: medium-dark skin tone medium medium-light light biking bicycle bicyclist bike cycle cyclist riding sport people body
🚴🏿‍♀️	راكبة دراجة بيسيكليت رياضة سباق أشخاص جسم	woman biking: dark skin tone medium-dark medium medium-light light biking bicycle bicyclist bike cycle cyclist riding sport people body
🚵	شخص يركب دراجة في الجبال أشخاص الدراجات الجبلية بيسيكليت جبال راكب ركوب رياضة سيكل جسم	person mountain biking bicycle bicyclist bike cycle cyclist riding sport people body
🚵🏻	شخص يركب دراجة في الجبال: بشرة بلون فاتح أشخاص الدراجات الجبلية بيسيكليت جبال راكب الجبال ركوب رياضة سيكل جسم	person mountain biking: light skin tone bicycle bicyclist bike biking cycle cyclist riding sport people body
🚵🏼	شخص يركب دراجة في الجبال: بشرة بلون فاتح ومعتدل أشخاص الدراجات الجبلية بيسيكليت جبال راكب الجبال ركوب رياضة سيكل جسم	person mountain biking: medium-light skin tone bicycle bicyclist bike biking cycle cyclist riding sport people body
🚵🏽	شخص يركب دراجة في الجبال: بشرة بلون معتدل أشخاص الدراجات الجبلية بيسيكليت جبال راكب الجبال ركوب رياضة سيكل جسم	person mountain biking: medium skin tone bicycle bicyclist bike biking cycle cyclist riding sport people body
🚵🏾	شخص يركب دراجة في الجبال: بشرة بلون معتدل مائل للغامق أشخاص الدراجات الجبلية بيسيكليت جبال راكب الجبال ركوب رياضة سيكل جسم	person mountain biking: medium-dark skin tone bicycle bicyclist bike biking cycle cyclist riding sport people body
🚵🏿	شخص يركب دراجة في الجبال: بشرة بلون غامق أشخاص الدراجات الجبلية بيسيكليت جبال راكب الجبال ركوب رياضة سيكل جسم	person mountain biking: dark skin tone bicycle bicyclist bike biking cycle cyclist riding sport people body
🚵‍♂️	متسلق جبال بدراجة دراجة صعود أشخاص جسم	man mountain biking bicycle bicyclist bike cycle cyclist riding sport people body
🚵🏻‍♂️	متسلق جبال بدراجة دراجة صعود أشخاص جسم	man mountain biking: light skin tone biking bicycle bicyclist bike cycle cyclist riding sport people body
🚵🏼‍♂️	متسلق جبال بدراجة دراجة صعود أشخاص جسم	man mountain biking: medium-light skin tone light biking bicycle bicyclist bike cycle cyclist riding sport people body
🚵🏽‍♂️	متسلق جبال بدراجة دراجة صعود أشخاص جسم	man mountain biking: medium skin tone medium-light light biking bicycle bicyclist bike cycle cyclist riding sport people body
🚵🏾‍♂️	متسلق جبال بدراجة دراجة صعود أشخاص جسم	man mountain biking: medium-dark skin tone medium medium-light light biking bicycle bicyclist bike cycle cyclist riding sport people body
🚵🏿‍♂️	متسلق جبال بدراجة دراجة صعود أشخاص جسم	man mountain biking: dark skin tone medium-dark medium medium-light light biking bicycle bicyclist bike cycle cyclist riding sport people body
🚵‍♀️	متسلقة جبال بدراجة دراجة سيكل صعود أشخاص جسم	woman mountain biking bicycle bicyclist bike cycle cyclist riding sport people body
🚵🏻‍♀️	متسلقة جبال بدراجة دراجة سيكل صعود أشخاص جسم	woman mountain biking: light skin tone biking bicycle bicyclist bike cycle cyclist riding sport people body
🚵🏼‍♀️	متسلقة جبال بدراجة دراجة سيكل صعود أشخاص جسم	woman mountain biking: medium-light skin tone light biking bicycle bicyclist bike cycle cyclist riding sport people body
🚵🏽‍♀️	متسلقة جبال بدراجة دراجة سيكل صعود أشخاص جسم	woman mountain biking: medium skin tone medium-light light biking bicycle bicyclist bike cycle cyclist riding sport people body
🚵🏾‍♀️	متسلقة جبال بدراجة دراجة سيكل صعود أشخاص جسم	woman mountain biking: medium-dark skin tone medium medium-light light biking bicycle bicyclist bike cycle cyclist riding sport people body
🚵🏿‍♀️	متسلقة جبال بدراجة دراجة سيكل صعود أشخاص جسم	woman mountain biking: dark skin tone medium-dark medium medium-light light biking bicycle bicyclist bike cycle cyclist riding sport people body
🤸	شخص يؤدي حركة العجلة أشخاص جمباز رياضة سعيد شقلبة عجلة متحمس نشيط جسم	person cartwheeling active cartwheel excited flip gymnastics happy somersault people body
🤸🏻	شخص يؤدي حركة العجلة: بشرة بلون فاتح أشخاص جمباز العجلة رياضة سعيد شقلبة عجلة متحمس نشيط جسم	person cartwheeling: light skin tone active cartwheel cartwheeling excited flip gymnastics happy somersault people body
🤸🏼	شخص يؤدي حركة العجلة: بشرة بلون فاتح ومعتدل أشخاص جمباز العجلة رياضة سعيد شقلبة عجلة متحمس نشيط جسم	person cartwheeling: medium-light skin tone active cartwheel cartwheeling excited flip gymnastics happy somersault people body
🤸🏽	شخص يؤدي حركة العجلة: بشرة بلون معتدل أشخاص جمباز العجلة رياضة سعيد شقلبة عجلة متحمس نشيط جسم	person cartwheeling: medium skin tone active cartwheel cartwheeling excited flip gymnastics happy somersault people body
🤸🏾	شخص يؤدي حركة العجلة: بشرة بلون معتدل مائل للغامق أشخاص جمباز العجلة رياضة سعيد شقلبة عجلة متحمس نشيط جسم	person cartwheeling: medium-dark skin tone active cartwheel cartwheeling excited flip gymnastics happy somersault people body
🤸🏿	شخص يؤدي حركة العجلة: بشرة بلون غامق أشخاص جمباز العجلة رياضة سعيد شقلبة عجلة متحمس نشيط جسم	person cartwheeling: dark skin tone active cartwheel cartwheeling excited flip gymnastics happy somersault people body
🤸‍♂️	رجل يفعل حركة العجلة أشخاص جمباز رياضة سعيد شقلبة عجلة متحمس نشيط جسم	man cartwheeling active cartwheel excited flip gymnastics happy somersault people body
🤸🏻‍♂️	رجل يفعل حركة العجلة أشخاص جمباز رياضة سعيد شقلبة عجلة متحمس نشيط جسم	man cartwheeling: light skin tone cartwheeling active cartwheel excited flip gymnastics happy somersault people body
🤸🏼‍♂️	رجل يفعل حركة العجلة أشخاص جمباز رياضة سعيد شقلبة عجلة متحمس نشيط جسم	man cartwheeling: medium-light skin tone light cartwheeling active cartwheel excited flip gymnastics happy somersault people body
🤸🏽‍♂️	رجل يفعل حركة العجلة أشخاص جمباز رياضة سعيد شقلبة عجلة متحمس نشيط جسم	man cartwheeling: medium skin tone medium-light light cartwheeling active cartwheel excited flip gymnastics happy somersault people body
🤸🏾‍♂️	رجل يفعل حركة العجلة أشخاص جمباز رياضة سعيد شقلبة عجلة متحمس نشيط جسم	man cartwheeling: medium-dark skin tone medium medium-light light cartwheeling active cartwheel excited flip gymnastics happy somersault people body
🤸🏿‍♂️	رجل يفعل حركة العجلة أشخاص جمباز رياضة سعيد شقلبة عجلة متحمس نشيط جسم	man cartwheeling: dark skin tone medium-dark medium medium-light light cartwheeling active cartwheel excited flip gymnastics happy somersault people body
🤸‍♀️	سيدة تفعل حركة العجلة أشخاص الجمباز امرأة جمباز رياضة سعيد شقلبة عجلة متحمس نشيط جسم	woman cartwheeling active cartwheel excited flip gymnastics happy somersault people body
🤸🏻‍♀️	سيدة تفعل حركة العجلة أشخاص الجمباز امرأة جمباز رياضة سعيد شقلبة عجلة متحمس نشيط جسم	woman cartwheeling: light skin tone cartwheeling active cartwheel excited flip gymnastics happy somersault people body
🤸🏼‍♀️	سيدة تفعل حركة العجلة أشخاص الجمباز امرأة جمباز رياضة سعيد شقلبة عجلة متحمس نشيط جسم	woman cartwheeling: medium-light skin tone light cartwheeling active cartwheel excited flip gymnastics happy somersault people body
🤸🏽‍♀️	سيدة تفعل حركة العجلة أشخاص الجمباز امرأة جمباز رياضة سعيد شقلبة عجلة متحمس نشيط جسم	woman cartwheeling: medium skin tone medium-light light cartwheeling active cartwheel excited flip gymnastics happy somersault people body
🤸🏾‍♀️	سيدة تفعل حركة العجلة أشخاص الجمباز امرأة جمباز رياضة سعيد شقلبة عجلة متحمس نشيط جسم	woman cartwheeling: medium-dark skin tone medium medium-light light cartwheeling active cartwheel excited flip gymnastics happy somersault people body
🤸🏿‍♀️	سيدة تفعل حركة العجلة أشخاص الجمباز امرأة جمباز رياضة سعيد شقلبة عجلة متحمس نشيط جسم	woman cartwheeling: dark skin tone medium-dark medium medium-light light cartwheeling active cartwheel excited flip gymnastics happy somersault people body
🤼	مصارعون أشخاص بطولة مصارعة حلبة رياضة شخص قتال مبارزة مصارع جسم	people wrestling combat duel grapple ring tournament wrestle body
🤼🏻	مصارعون: بشرة بلون فاتح أشخاص بطولة مصارعة حلبة رياضة شخص قتال مبارزة مصارع مصارعون جسم	people wrestling: light skin tone combat duel grapple ring tournament wrestle wrestling body
🤼🏼	مصارعون: بشرة بلون فاتح ومعتدل أشخاص بطولة مصارعة حلبة رياضة شخص قتال مبارزة مصارع مصارعون جسم	people wrestling: medium-light skin tone combat duel grapple ring tournament wrestle wrestling body
🤼🏽	مصارعون: بشرة بلون معتدل أشخاص بطولة مصارعة حلبة رياضة شخص قتال مبارزة مصارع مصارعون جسم	people wrestling: medium skin tone combat duel grapple ring tournament wrestle wrestling body
🤼🏾	مصارعون: بشرة بلون معتدل مائل للغامق أشخاص بطولة مصارعة حلبة رياضة شخص قتال مبارزة مصارع مصارعون جسم	people wrestling: medium-dark skin tone combat duel grapple ring tournament wrestle wrestling body
🤼🏿	مصارعون: بشرة بلون غامق أشخاص بطولة مصارعة حلبة رياضة شخص قتال مبارزة مصارع مصارعون جسم	people wrestling: dark skin tone combat duel grapple ring tournament wrestle wrestling body
🤼‍♂️	مصارعة رجال أشخاص بطولة تعادل حلبة رياضة قتال مباراة يلعب جسم	men wrestling combat duel grapple ring tournament wrestle people body
🤼🏻‍♂️	مصارعة رجال أشخاص بطولة تعادل حلبة رياضة قتال مباراة يلعب جسم	men wrestling: light skin tone wrestling combat duel grapple ring tournament wrestle people body
🤼🏼‍♂️	مصارعة رجال أشخاص بطولة تعادل حلبة رياضة قتال مباراة يلعب جسم	men wrestling: medium-light skin tone light wrestling combat duel grapple ring tournament wrestle people body
🤼🏽‍♂️	مصارعة رجال أشخاص بطولة تعادل حلبة رياضة قتال مباراة يلعب جسم	men wrestling: medium skin tone medium-light light wrestling combat duel grapple ring tournament wrestle people body
🤼🏾‍♂️	مصارعة رجال أشخاص بطولة تعادل حلبة رياضة قتال مباراة يلعب جسم	men wrestling: medium-dark skin tone medium medium-light light wrestling combat duel grapple ring tournament wrestle people body
🤼🏿‍♂️	مصارعة رجال أشخاص بطولة تعادل حلبة رياضة قتال مباراة يلعب جسم	men wrestling: dark skin tone medium-dark medium medium-light light wrestling combat duel grapple ring tournament wrestle people body
🤼‍♀️	مصارعة سيدات أشخاص بطولة تصارع حلبة رياضة قتال نساء جسم	women wrestling combat duel grapple ring tournament wrestle people body
🤼🏻‍♀️	مصارعة سيدات أشخاص بطولة تصارع حلبة رياضة قتال نساء جسم	women wrestling: light skin tone wrestling combat duel grapple ring tournament wrestle people body
🤼🏼‍♀️	مصارعة سيدات أشخاص بطولة تصارع حلبة رياضة قتال نساء جسم	women wrestling: medium-light skin tone light wrestling combat duel grapple ring tournament wrestle people body
🤼🏽‍♀️	مصارعة سيدات أشخاص بطولة تصارع حلبة رياضة قتال نساء جسم	women wrestling: medium skin tone medium-light light wrestling combat duel grapple ring tournament wrestle people body
🤼🏾‍♀️	مصارعة سيدات أشخاص بطولة تصارع حلبة رياضة قتال نساء جسم	women wrestling: medium-dark skin tone medium medium-light light wrestling combat duel grapple ring tournament wrestle people body
🤼🏿‍♀️	مصارعة سيدات أشخاص بطولة تصارع حلبة رياضة قتال نساء جسم	women wrestling: dark skin tone medium-dark medium medium-light light wrestling combat duel grapple ring tournament wrestle people body
🧑🏻‍🫯‍🧑🏼	مصارعون: بشرة بلون فاتح وبشرة ومعتدل أشخاص بطولة مصارعة حلبة رياضة شخص قتال مبارزة مصارع مصارعون جسم	people wrestling: light skin tone, medium-light tone combat duel grapple ring tournament wrestle wrestling body
🧑🏻‍🫯‍🧑🏽	مصارعون: بشرة بلون فاتح وبشرة معتدل أشخاص بطولة مصارعة حلبة رياضة شخص قتال مبارزة مصارع مصارعون جسم	people wrestling: light skin tone, medium tone combat duel grapple ring tournament wrestle wrestling body
🧑🏻‍🫯‍🧑🏾	مصارعون: بشرة بلون فاتح وبشرة معتدل مائل للغامق أشخاص بطولة مصارعة حلبة رياضة شخص قتال مبارزة مصارع مصارعون جسم	people wrestling: light skin tone, medium-dark tone combat duel grapple ring tournament wrestle wrestling body
🧑🏻‍🫯‍🧑🏿	مصارعون: بشرة بلون فاتح وبشرة غامق أشخاص بطولة مصارعة حلبة رياضة شخص قتال مبارزة مصارع مصارعون جسم	people wrestling: light skin tone, dark tone combat duel grapple ring tournament wrestle wrestling body
🧑🏼‍🫯‍🧑🏻	مصارعون: بشرة بلون فاتح ومعتدل وبشرة أشخاص بطولة مصارعة حلبة رياضة شخص قتال مبارزة مصارع مصارعون جسم	people wrestling: medium-light skin tone, light tone combat duel grapple ring tournament wrestle wrestling body
🧑🏼‍🫯‍🧑🏽	مصارعون: بشرة بلون فاتح ومعتدل وبشرة معتدل أشخاص بطولة مصارعة حلبة رياضة شخص قتال مبارزة مصارع مصارعون جسم	people wrestling: medium-light skin tone, medium tone combat duel grapple ring tournament wrestle wrestling body
🧑🏼‍🫯‍🧑🏾	مصارعون: بشرة بلون فاتح ومعتدل وبشرة معتدل مائل للغامق أشخاص بطولة مصارعة حلبة رياضة شخص قتال مبارزة مصارع مصارعون جسم	people wrestling: medium-light skin tone, medium-dark tone combat duel grapple ring tournament wrestle wrestling body
🧑🏼‍🫯‍🧑🏿	مصارعون: بشرة بلون فاتح ومعتدل وبشرة غامق أشخاص بطولة مصارعة حلبة رياضة شخص قتال مبارزة مصارع مصارعون جسم	people wrestling: medium-light skin tone, dark tone combat duel grapple ring tournament wrestle wrestling body
🧑🏽‍🫯‍🧑🏻	مصارعون: بشرة بلون معتدل وبشرة فاتح أشخاص بطولة مصارعة حلبة رياضة شخص قتال مبارزة مصارع مصارعون جسم	people wrestling: medium skin tone, light tone combat duel grapple ring tournament wrestle wrestling body
🧑🏽‍🫯‍🧑🏼	مصارعون: بشرة بلون معتدل وبشرة فاتح ومعتدل أشخاص بطولة مصارعة حلبة رياضة شخص قتال مبارزة مصارع مصارعون جسم	people wrestling: medium skin tone, medium-light tone combat duel grapple ring tournament wrestle wrestling body
🧑🏽‍🫯‍🧑🏾	مصارعون: بشرة بلون معتدل وبشرة مائل للغامق أشخاص بطولة مصارعة حلبة رياضة شخص قتال مبارزة مصارع مصارعون جسم	people wrestling: medium skin tone, medium-dark tone combat duel grapple ring tournament wrestle wrestling body
🧑🏽‍🫯‍🧑🏿	مصارعون: بشرة بلون معتدل وبشرة غامق أشخاص بطولة مصارعة حلبة رياضة شخص قتال مبارزة مصارع مصارعون جسم	people wrestling: medium skin tone, dark tone combat duel grapple ring tournament wrestle wrestling body
🧑🏾‍🫯‍🧑🏻	مصارعون: بشرة بلون معتدل مائل للغامق وبشرة فاتح أشخاص بطولة مصارعة حلبة رياضة شخص قتال مبارزة مصارع مصارعون جسم	people wrestling: medium-dark skin tone, light tone combat duel grapple ring tournament wrestle wrestling body
🧑🏾‍🫯‍🧑🏼	مصارعون: بشرة بلون معتدل مائل للغامق وبشرة فاتح ومعتدل أشخاص بطولة مصارعة حلبة رياضة شخص قتال مبارزة مصارع مصارعون جسم	people wrestling: medium-dark skin tone, medium-light tone combat duel grapple ring tournament wrestle wrestling body
🧑🏾‍🫯‍🧑🏽	مصارعون: بشرة بلون معتدل مائل للغامق وبشرة أشخاص بطولة مصارعة حلبة رياضة شخص قتال مبارزة مصارع مصارعون جسم	people wrestling: medium-dark skin tone, medium tone combat duel grapple ring tournament wrestle wrestling body
🧑🏾‍🫯‍🧑🏿	مصارعون: بشرة بلون معتدل مائل للغامق وبشرة غامق أشخاص بطولة مصارعة حلبة رياضة شخص قتال مبارزة مصارع مصارعون جسم	people wrestling: medium-dark skin tone, dark tone combat duel grapple ring tournament wrestle wrestling body
🧑🏿‍🫯‍🧑🏻	مصارعون: بشرة بلون غامق وبشرة فاتح أشخاص بطولة مصارعة حلبة رياضة شخص قتال مبارزة مصارع مصارعون جسم	people wrestling: dark skin tone, light tone combat duel grapple ring tournament wrestle wrestling body
🧑🏿‍🫯‍🧑🏼	مصارعون: بشرة بلون غامق وبشرة فاتح ومعتدل أشخاص بطولة مصارعة حلبة رياضة شخص قتال مبارزة مصارع مصارعون جسم	people wrestling: dark skin tone, medium-light tone combat duel grapple ring tournament wrestle wrestling body
🧑🏿‍🫯‍🧑🏽	مصارعون: بشرة بلون غامق وبشرة معتدل أشخاص بطولة مصارعة حلبة رياضة شخص قتال مبارزة مصارع مصارعون جسم	people wrestling: dark skin tone, medium tone combat duel grapple ring tournament wrestle wrestling body
🧑🏿‍🫯‍🧑🏾	مصارعون: بشرة بلون غامق وبشرة معتدل مائل للغامق أشخاص بطولة مصارعة حلبة رياضة شخص قتال مبارزة مصارع مصارعون جسم	people wrestling: dark skin tone, medium-dark tone combat duel grapple ring tournament wrestle wrestling body
👨🏻‍🫯‍👨🏼	مصارعة رجال: بشرة بلون فاتح وبشرة ومعتدل أشخاص بطولة تعادل حلبة رجال رياضة قتال مباراة يلعب جسم	men wrestling: light skin tone, medium-light tone combat duel grapple ring tournament wrestle wrestling people body
👨🏻‍🫯‍👨🏽	مصارعة رجال: بشرة بلون فاتح وبشرة معتدل أشخاص بطولة تعادل حلبة رجال رياضة قتال مباراة يلعب جسم	men wrestling: light skin tone, medium tone combat duel grapple ring tournament wrestle wrestling people body
👨🏻‍🫯‍👨🏾	مصارعة رجال: بشرة بلون فاتح وبشرة معتدل مائل للغامق أشخاص بطولة تعادل حلبة رجال رياضة قتال مباراة يلعب جسم	men wrestling: light skin tone, medium-dark tone combat duel grapple ring tournament wrestle wrestling people body
👨🏻‍🫯‍👨🏿	مصارعة رجال: بشرة بلون فاتح وبشرة غامق أشخاص بطولة تعادل حلبة رجال رياضة قتال مباراة يلعب جسم	men wrestling: light skin tone, dark tone combat duel grapple ring tournament wrestle wrestling people body
👨🏼‍🫯‍👨🏻	مصارعة رجال: بشرة بلون فاتح ومعتدل وبشرة أشخاص بطولة تعادل حلبة رجال رياضة قتال مباراة يلعب جسم	men wrestling: medium-light skin tone, light tone combat duel grapple ring tournament wrestle wrestling people body
👨🏼‍🫯‍👨🏽	مصارعة رجال: بشرة بلون فاتح ومعتدل وبشرة معتدل أشخاص بطولة تعادل حلبة رجال رياضة قتال مباراة يلعب جسم	men wrestling: medium-light skin tone, medium tone combat duel grapple ring tournament wrestle wrestling people body
👨🏼‍🫯‍👨🏾	مصارعة رجال: بشرة بلون فاتح ومعتدل وبشرة معتدل مائل للغامق أشخاص بطولة تعادل حلبة رجال رياضة قتال مباراة يلعب جسم	men wrestling: medium-light skin tone, medium-dark tone combat duel grapple ring tournament wrestle wrestling people body
👨🏼‍🫯‍👨🏿	مصارعة رجال: بشرة بلون فاتح ومعتدل وبشرة غامق أشخاص بطولة تعادل حلبة رجال رياضة قتال مباراة يلعب جسم	men wrestling: medium-light skin tone, dark tone combat duel grapple ring tournament wrestle wrestling people body
👨🏽‍🫯‍👨🏻	مصارعة رجال: بشرة بلون معتدل وبشرة فاتح أشخاص بطولة تعادل حلبة رجال رياضة قتال مباراة يلعب جسم	men wrestling: medium skin tone, light tone combat duel grapple ring tournament wrestle wrestling people body
👨🏽‍🫯‍👨🏼	مصارعة رجال: بشرة بلون معتدل وبشرة فاتح ومعتدل أشخاص بطولة تعادل حلبة رجال رياضة قتال مباراة يلعب جسم	men wrestling: medium skin tone, medium-light tone combat duel grapple ring tournament wrestle wrestling people body
👨🏽‍🫯‍👨🏾	مصارعة رجال: بشرة بلون معتدل وبشرة مائل للغامق أشخاص بطولة تعادل حلبة رجال رياضة قتال مباراة يلعب جسم	men wrestling: medium skin tone, medium-dark tone combat duel grapple ring tournament wrestle wrestling people body
👨🏽‍🫯‍👨🏿	مصارعة رجال: بشرة بلون معتدل وبشرة غامق أشخاص بطولة تعادل حلبة رجال رياضة قتال مباراة يلعب جسم	men wrestling: medium skin tone, dark tone combat duel grapple ring tournament wrestle wrestling people body
👨🏾‍🫯‍👨🏻	مصارعة رجال: بشرة بلون معتدل مائل للغامق وبشرة فاتح أشخاص بطولة تعادل حلبة رجال رياضة قتال مباراة يلعب جسم	men wrestling: medium-dark skin tone, light tone combat duel grapple ring tournament wrestle wrestling people body
👨🏾‍🫯‍👨🏼	مصارعة رجال: بشرة بلون معتدل مائل للغامق وبشرة فاتح ومعتدل أشخاص بطولة تعادل حلبة رجال رياضة قتال مباراة يلعب جسم	men wrestling: medium-dark skin tone, medium-light tone combat duel grapple ring tournament wrestle wrestling people body
👨🏾‍🫯‍👨🏽	مصارعة رجال: بشرة بلون معتدل مائل للغامق وبشرة أشخاص بطولة تعادل حلبة رجال رياضة قتال مباراة يلعب جسم	men wrestling: medium-dark skin tone, medium tone combat duel grapple ring tournament wrestle wrestling people body
👨🏾‍🫯‍👨🏿	مصارعة رجال: بشرة بلون معتدل مائل للغامق وبشرة غامق أشخاص بطولة تعادل حلبة رجال رياضة قتال مباراة يلعب جسم	men wrestling: medium-dark skin tone, dark tone combat duel grapple ring tournament wrestle wrestling people body
👨🏿‍🫯‍👨🏻	مصارعة رجال: بشرة بلون غامق وبشرة فاتح أشخاص بطولة تعادل حلبة رجال رياضة قتال مباراة يلعب جسم	men wrestling: dark skin tone, light tone combat duel grapple ring tournament wrestle wrestling people body
👨🏿‍🫯‍👨🏼	مصارعة رجال: بشرة بلون غامق وبشرة فاتح ومعتدل أشخاص بطولة تعادل حلبة رجال رياضة قتال مباراة يلعب جسم	men wrestling: dark skin tone, medium-light tone combat duel grapple ring tournament wrestle wrestling people body
👨🏿‍🫯‍👨🏽	مصارعة رجال: بشرة بلون غامق وبشرة معتدل أشخاص بطولة تعادل حلبة رجال رياضة قتال مباراة يلعب جسم	men wrestling: dark skin tone, medium tone combat duel grapple ring tournament wrestle wrestling people body
👨🏿‍🫯‍👨🏾	مصارعة رجال: بشرة بلون غامق وبشرة معتدل مائل للغامق أشخاص بطولة تعادل حلبة رجال رياضة قتال مباراة يلعب جسم	men wrestling: dark skin tone, medium-dark tone combat duel grapple ring tournament wrestle wrestling people body
👩🏻‍🫯‍👩🏼	مصارعة سيدات: بشرة بلون فاتح وبشرة ومعتدل أشخاص بطولة تصارع حلبة رياضة سيدات قتال نساء جسم	women wrestling: light skin tone, medium-light tone combat duel grapple ring tournament wrestle wrestling people body
👩🏻‍🫯‍👩🏽	مصارعة سيدات: بشرة بلون فاتح وبشرة معتدل أشخاص بطولة تصارع حلبة رياضة سيدات قتال نساء جسم	women wrestling: light skin tone, medium tone combat duel grapple ring tournament wrestle wrestling people body
👩🏻‍🫯‍👩🏾	مصارعة سيدات: بشرة بلون فاتح وبشرة معتدل مائل للغامق أشخاص بطولة تصارع حلبة رياضة سيدات قتال نساء جسم	women wrestling: light skin tone, medium-dark tone combat duel grapple ring tournament wrestle wrestling people body
👩🏻‍🫯‍👩🏿	مصارعة سيدات: بشرة بلون فاتح وبشرة غامق أشخاص بطولة تصارع حلبة رياضة سيدات قتال نساء جسم	women wrestling: light skin tone, dark tone combat duel grapple ring tournament wrestle wrestling people body
👩🏼‍🫯‍👩🏻	مصارعة سيدات: بشرة بلون فاتح ومعتدل وبشرة أشخاص بطولة تصارع حلبة رياضة سيدات قتال نساء جسم	women wrestling: medium-light skin tone, light tone combat duel grapple ring tournament wrestle wrestling people body
👩🏼‍🫯‍👩🏽	مصارعة سيدات: بشرة بلون فاتح ومعتدل وبشرة معتدل أشخاص بطولة تصارع حلبة رياضة سيدات قتال نساء جسم	women wrestling: medium-light skin tone, medium tone combat duel grapple ring tournament wrestle wrestling people body
👩🏼‍🫯‍👩🏾	مصارعة سيدات: بشرة بلون فاتح ومعتدل وبشرة معتدل مائل للغامق أشخاص بطولة تصارع حلبة رياضة سيدات قتال نساء جسم	women wrestling: medium-light skin tone, medium-dark tone combat duel grapple ring tournament wrestle wrestling people body
👩🏼‍🫯‍👩🏿	مصارعة سيدات: بشرة بلون فاتح ومعتدل وبشرة غامق أشخاص بطولة تصارع حلبة رياضة سيدات قتال نساء جسم	women wrestling: medium-light skin tone, dark tone combat duel grapple ring tournament wrestle wrestling people body
👩🏽‍🫯‍👩🏻	مصارعة سيدات: بشرة بلون معتدل وبشرة فاتح أشخاص بطولة تصارع حلبة رياضة سيدات قتال نساء جسم	women wrestling: medium skin tone, light tone combat duel grapple ring tournament wrestle wrestling people body
👩🏽‍🫯‍👩🏼	مصارعة سيدات: بشرة بلون معتدل وبشرة فاتح ومعتدل أشخاص بطولة تصارع حلبة رياضة سيدات قتال نساء جسم	women wrestling: medium skin tone, medium-light tone combat duel grapple ring tournament wrestle wrestling people body
👩🏽‍🫯‍👩🏾	مصارعة سيدات: بشرة بلون معتدل وبشرة مائل للغامق أشخاص بطولة تصارع حلبة رياضة سيدات قتال نساء جسم	women wrestling: medium skin tone, medium-dark tone combat duel grapple ring tournament wrestle wrestling people body
👩🏽‍🫯‍👩🏿	مصارعة سيدات: بشرة بلون معتدل وبشرة غامق أشخاص بطولة تصارع حلبة رياضة سيدات قتال نساء جسم	women wrestling: medium skin tone, dark tone combat duel grapple ring tournament wrestle wrestling people body
👩🏾‍🫯‍👩🏻	مصارعة سيدات: بشرة بلون معتدل مائل للغامق وبشرة فاتح أشخاص بطولة تصارع حلبة رياضة سيدات قتال نساء جسم	women wrestling: medium-dark skin tone, light tone combat duel grapple ring tournament wrestle wrestling people body
👩🏾‍🫯‍👩🏼	مصارعة سيدات: بشرة بلون معتدل مائل للغامق وبشرة فاتح ومعتدل أشخاص بطولة تصارع حلبة رياضة سيدات قتال نساء جسم	women wrestling: medium-dark skin tone, medium-light tone combat duel grapple ring tournament wrestle wrestling people body
👩🏾‍🫯‍👩🏽	مصارعة سيدات: بشرة بلون معتدل مائل للغامق وبشرة أشخاص بطولة تصارع حلبة رياضة سيدات قتال نساء جسم	women wrestling: medium-dark skin tone, medium tone combat duel grapple ring tournament wrestle wrestling people body
👩🏾‍🫯‍👩🏿	مصارعة سيدات: بشرة بلون معتدل مائل للغامق وبشرة غامق أشخاص بطولة تصارع حلبة رياضة سيدات قتال نساء جسم	women wrestling: medium-dark skin tone, dark tone combat duel grapple ring tournament wrestle wrestling people body
👩🏿‍🫯‍👩🏻	مصارعة سيدات: بشرة بلون غامق وبشرة فاتح أشخاص بطولة تصارع حلبة رياضة سيدات قتال نساء جسم	women wrestling: dark skin tone, light tone combat duel grapple ring tournament wrestle wrestling people body
👩🏿‍🫯‍👩🏼	مصارعة سيدات: بشرة بلون غامق وبشرة فاتح ومعتدل أشخاص بطولة تصارع حلبة رياضة سيدات قتال نساء جسم	women wrestling: dark skin tone, medium-light tone combat duel grapple ring tournament wrestle wrestling people body
👩🏿‍🫯‍👩🏽	مصارعة سيدات: بشرة بلون غامق وبشرة معتدل أشخاص بطولة تصارع حلبة رياضة سيدات قتال نساء جسم	women wrestling: dark skin tone, medium tone combat duel grapple ring tournament wrestle wrestling people body
👩🏿‍🫯‍👩🏾	مصارعة سيدات: بشرة بلون غامق وبشرة معتدل مائل للغامق أشخاص بطولة تصارع حلبة رياضة سيدات قتال نساء جسم	women wrestling: dark skin tone, medium-dark tone combat duel grapple ring tournament wrestle wrestling people body
🤽	شخص يلعب كرة ماء أشخاص ألعاب مائية أنشطة الأشخاص والجسد رياضة سباحة جسم	person playing water polo sport swimming waterpolo people body
🤽🏻	شخص يلعب كرة ماء: بشرة بلون فاتح أشخاص ألعاب مائية أنشطة الأشخاص والجسد رياضة سباحة ماء جسم	person playing water polo: light skin tone polo sport swimming waterpolo people body
🤽🏼	شخص يلعب كرة ماء: بشرة بلون فاتح ومعتدل أشخاص ألعاب مائية أنشطة الأشخاص والجسد رياضة سباحة ماء جسم	person playing water polo: medium-light skin tone polo sport swimming waterpolo people body
🤽🏽	شخص يلعب كرة ماء: بشرة بلون معتدل أشخاص ألعاب مائية أنشطة الأشخاص والجسد رياضة سباحة ماء جسم	person playing water polo: medium skin tone polo sport swimming waterpolo people body
🤽🏾	شخص يلعب كرة ماء: بشرة بلون معتدل مائل للغامق أشخاص ألعاب مائية أنشطة الأشخاص والجسد رياضة سباحة ماء جسم	person playing water polo: medium-dark skin tone polo sport swimming waterpolo people body
🤽🏿	شخص يلعب كرة ماء: بشرة بلون غامق أشخاص ألعاب مائية أنشطة الأشخاص والجسد رياضة سباحة ماء جسم	person playing water polo: dark skin tone polo sport swimming waterpolo people body
🤽‍♂️	لاعب كرة ماء أشخاص أنشطة رجل رياضة مائية سباحة مسبح واتر بولو جسم	man playing water polo sport swimming waterpolo people body
🤽🏻‍♂️	لاعب كرة ماء أشخاص أنشطة رجل رياضة مائية سباحة مسبح واتر بولو جسم	man playing water polo: light skin tone polo sport swimming waterpolo people body
🤽🏼‍♂️	لاعب كرة ماء أشخاص أنشطة رجل رياضة مائية سباحة مسبح واتر بولو جسم	man playing water polo: medium-light skin tone light polo sport swimming waterpolo people body
🤽🏽‍♂️	لاعب كرة ماء أشخاص أنشطة رجل رياضة مائية سباحة مسبح واتر بولو جسم	man playing water polo: medium skin tone medium-light light polo sport swimming waterpolo people body
🤽🏾‍♂️	لاعب كرة ماء أشخاص أنشطة رجل رياضة مائية سباحة مسبح واتر بولو جسم	man playing water polo: medium-dark skin tone medium medium-light light polo sport swimming waterpolo people body
🤽🏿‍♂️	لاعب كرة ماء أشخاص أنشطة رجل رياضة مائية سباحة مسبح واتر بولو جسم	man playing water polo: dark skin tone medium-dark medium medium-light light polo sport swimming waterpolo people body
🤽‍♀️	لاعبة كرة ماء أشخاص السباحة امرأة رياضة مائية سيدة الماء واتر بولو جسم	woman playing water polo sport swimming waterpolo people body
🤽🏻‍♀️	لاعبة كرة ماء أشخاص السباحة امرأة رياضة مائية سيدة الماء واتر بولو جسم	woman playing water polo: light skin tone polo sport swimming waterpolo people body
🤽🏼‍♀️	لاعبة كرة ماء أشخاص السباحة امرأة رياضة مائية سيدة الماء واتر بولو جسم	woman playing water polo: medium-light skin tone light polo sport swimming waterpolo people body
🤽🏽‍♀️	لاعبة كرة ماء أشخاص السباحة امرأة رياضة مائية سيدة الماء واتر بولو جسم	woman playing water polo: medium skin tone medium-light light polo sport swimming waterpolo people body
🤽🏾‍♀️	لاعبة كرة ماء أشخاص السباحة امرأة رياضة مائية سيدة الماء واتر بولو جسم	woman playing water polo: medium-dark skin tone medium medium-light light polo sport swimming waterpolo people body
🤽🏿‍♀️	لاعبة كرة ماء أشخاص السباحة امرأة رياضة مائية سيدة الماء واتر بولو جسم	woman playing water polo: dark skin tone medium-dark medium medium-light light polo sport swimming waterpolo people body
🤾	شخص يلعب كرة يد أشخاص التقاط الكرة رجل رفع رمي رمية قصيرة رياضة لاعب مباراة جسم	person playing handball athletics ball catch chuck hurl lob pitch sport throw toss people body
🤾🏻	شخص يلعب كرة يد: بشرة بلون فاتح أشخاص التقاط الكرة رجل يد رفع رمي رمية قصيرة رياضة لاعب مباراة جسم	person playing handball: light skin tone athletics ball catch chuck handball hurl lob pitch sport throw toss people body
🤾🏼	شخص يلعب كرة يد: بشرة بلون فاتح ومعتدل أشخاص التقاط الكرة رجل يد رفع رمي رمية قصيرة رياضة لاعب مباراة جسم	person playing handball: medium-light skin tone athletics ball catch chuck handball hurl lob pitch sport throw toss people body
🤾🏽	شخص يلعب كرة يد: بشرة بلون معتدل أشخاص التقاط الكرة رجل يد رفع رمي رمية قصيرة رياضة لاعب مباراة جسم	person playing handball: medium skin tone athletics ball catch chuck handball hurl lob pitch sport throw toss people body
🤾🏾	شخص يلعب كرة يد: بشرة بلون معتدل مائل للغامق أشخاص التقاط الكرة رجل يد رفع رمي رمية قصيرة رياضة لاعب مباراة جسم	person playing handball: medium-dark skin tone athletics ball catch chuck handball hurl lob pitch sport throw toss people body
🤾🏿	شخص يلعب كرة يد: بشرة بلون غامق أشخاص التقاط الكرة رجل يد رفع رمي رمية قصيرة رياضة لاعب مباراة جسم	person playing handball: dark skin tone athletics ball catch chuck handball hurl lob pitch sport throw toss people body
🤾‍♂️	لاعب كرة يد رجال رجل رياضة أشخاص جسم	man playing handball athletics ball catch chuck hurl lob pitch sport throw toss people body
🤾🏻‍♂️	لاعب كرة يد رجال رجل رياضة أشخاص جسم	man playing handball: light skin tone handball athletics ball catch chuck hurl lob pitch sport throw toss people body
🤾🏼‍♂️	لاعب كرة يد رجال رجل رياضة أشخاص جسم	man playing handball: medium-light skin tone light handball athletics ball catch chuck hurl lob pitch sport throw toss people body
🤾🏽‍♂️	لاعب كرة يد رجال رجل رياضة أشخاص جسم	man playing handball: medium skin tone medium-light light handball athletics ball catch chuck hurl lob pitch sport throw toss people body
🤾🏾‍♂️	لاعب كرة يد رجال رجل رياضة أشخاص جسم	man playing handball: medium-dark skin tone medium medium-light light handball athletics ball catch chuck hurl lob pitch sport throw toss people body
🤾🏿‍♂️	لاعب كرة يد رجال رجل رياضة أشخاص جسم	man playing handball: dark skin tone medium-dark medium medium-light light handball athletics ball catch chuck hurl lob pitch sport throw toss people body
🤾‍♀️	لاعبة كرة يد أشخاص التقاط الملعب امرأة رفع الكرة رمي رياضة سيدة جسم	woman playing handball athletics ball catch chuck hurl lob pitch sport throw toss people body
🤾🏻‍♀️	لاعبة كرة يد أشخاص التقاط الملعب امرأة رفع الكرة رمي رياضة سيدة جسم	woman playing handball: light skin tone handball athletics ball catch chuck hurl lob pitch sport throw toss people body
🤾🏼‍♀️	لاعبة كرة يد أشخاص التقاط الملعب امرأة رفع الكرة رمي رياضة سيدة جسم	woman playing handball: medium-light skin tone light handball athletics ball catch chuck hurl lob pitch sport throw toss people body
🤾🏽‍♀️	لاعبة كرة يد أشخاص التقاط الملعب امرأة رفع الكرة رمي رياضة سيدة جسم	woman playing handball: medium skin tone medium-light light handball athletics ball catch chuck hurl lob pitch sport throw toss people body
🤾🏾‍♀️	لاعبة كرة يد أشخاص التقاط الملعب امرأة رفع الكرة رمي رياضة سيدة جسم	woman playing handball: medium-dark skin tone medium medium-light light handball athletics ball catch chuck hurl lob pitch sport throw toss people body
🤾🏿‍♀️	لاعبة كرة يد أشخاص التقاط الملعب امرأة رفع الكرة رمي رياضة سيدة جسم	woman playing handball: dark skin tone medium-dark medium medium-light light handball athletics ball catch chuck hurl lob pitch sport throw toss people body
🤹	شخص يؤدي ألعابًا بهلوانية أشخاص إدارة بهلوان تعامل تعدد المهام تلاعب توازن شعوذة مهارة جسم	person juggling act balance balancing handle juggle manage multitask skill people body
🤹🏻	شخص يؤدي ألعابًا بهلوانية: بشرة بلون فاتح أشخاص إدارة بهلوان تعامل تعدد المهام تلاعب توازن بهلوانية شعوذة مهارة جسم	person juggling: light skin tone act balance balancing handle juggle juggling manage multitask skill people body
🤹🏼	شخص يؤدي ألعابًا بهلوانية: بشرة بلون فاتح ومعتدل أشخاص إدارة بهلوان تعامل تعدد المهام تلاعب توازن بهلوانية شعوذة مهارة جسم	person juggling: medium-light skin tone act balance balancing handle juggle juggling manage multitask skill people body
🤹🏽	شخص يؤدي ألعابًا بهلوانية: بشرة بلون معتدل أشخاص إدارة بهلوان تعامل تعدد المهام تلاعب توازن بهلوانية شعوذة مهارة جسم	person juggling: medium skin tone act balance balancing handle juggle juggling manage multitask skill people body
🤹🏾	شخص يؤدي ألعابًا بهلوانية: بشرة بلون معتدل مائل للغامق أشخاص إدارة بهلوان تعامل تعدد المهام تلاعب توازن بهلوانية شعوذة مهارة جسم	person juggling: medium-dark skin tone act balance balancing handle juggle juggling manage multitask skill people body
🤹🏿	شخص يؤدي ألعابًا بهلوانية: بشرة بلون غامق أشخاص إدارة بهلوان تعامل تعدد المهام تلاعب توازن بهلوانية شعوذة مهارة جسم	person juggling: dark skin tone act balance balancing handle juggle juggling manage multitask skill people body
🤹‍♂️	لاعب قذف الكرات أشخاص ألعاب خفة إدارة تعامل تلاعب توازن خدع رجل شعوذة مهام متعددة جسم	man juggling act balance balancing handle juggle manage multitask skill people body
🤹🏻‍♂️	لاعب قذف الكرات أشخاص ألعاب خفة إدارة تعامل تلاعب توازن خدع رجل شعوذة مهام متعددة جسم	man juggling: light skin tone juggling act balance balancing handle juggle manage multitask skill people body
🤹🏼‍♂️	لاعب قذف الكرات أشخاص ألعاب خفة إدارة تعامل تلاعب توازن خدع رجل شعوذة مهام متعددة جسم	man juggling: medium-light skin tone light juggling act balance balancing handle juggle manage multitask skill people body
🤹🏽‍♂️	لاعب قذف الكرات أشخاص ألعاب خفة إدارة تعامل تلاعب توازن خدع رجل شعوذة مهام متعددة جسم	man juggling: medium skin tone medium-light light juggling act balance balancing handle juggle manage multitask skill people body
🤹🏾‍♂️	لاعب قذف الكرات أشخاص ألعاب خفة إدارة تعامل تلاعب توازن خدع رجل شعوذة مهام متعددة جسم	man juggling: medium-dark skin tone medium medium-light light juggling act balance balancing handle juggle manage multitask skill people body
🤹🏿‍♂️	لاعب قذف الكرات أشخاص ألعاب خفة إدارة تعامل تلاعب توازن خدع رجل شعوذة مهام متعددة جسم	man juggling: dark skin tone medium-dark medium medium-light light juggling act balance balancing handle juggle manage multitask skill people body
🤹‍♀️	لاعبة قذف كرات ألعاب الخفة امرأة تعدد المهام خدع سيدة كرة لعبة مهام متعددة أشخاص جسم	woman juggling act balance balancing handle juggle manage multitask skill people body
🤹🏻‍♀️	لاعبة قذف كرات ألعاب الخفة امرأة تعدد المهام خدع سيدة كرة لعبة مهام متعددة أشخاص جسم	woman juggling: light skin tone juggling act balance balancing handle juggle manage multitask skill people body
🤹🏼‍♀️	لاعبة قذف كرات ألعاب الخفة امرأة تعدد المهام خدع سيدة كرة لعبة مهام متعددة أشخاص جسم	woman juggling: medium-light skin tone light juggling act balance balancing handle juggle manage multitask skill people body
🤹🏽‍♀️	لاعبة قذف كرات ألعاب الخفة امرأة تعدد المهام خدع سيدة كرة لعبة مهام متعددة أشخاص جسم	woman juggling: medium skin tone medium-light light juggling act balance balancing handle juggle manage multitask skill people body
🤹🏾‍♀️	لاعبة قذف كرات ألعاب الخفة امرأة تعدد المهام خدع سيدة كرة لعبة مهام متعددة أشخاص جسم	woman juggling: medium-dark skin tone medium medium-light light juggling act balance balancing handle juggle manage multitask skill people body
🤹🏿‍♀️	لاعبة قذف كرات ألعاب الخفة امرأة تعدد المهام خدع سيدة كرة لعبة مهام متعددة أشخاص جسم	woman juggling: dark skin tone medium-dark medium medium-light light juggling act balance balancing handle juggle manage multitask skill people body
🧘	شخص متربّع أشخاص استرخاء تأمل راحة سكون صفاء متربعة هدوء يوجا يوغا جسم	person in lotus position cross legged legs meditation peace relax serenity yoga yogi zen people body
🧘🏻	شخص متربّع: بشرة بلون فاتح أشخاص استرخاء تأمل راحة سكون متربّع صفاء متربعة هدوء يوجا يوغا جسم	person in lotus position: light skin tone cross legged legs meditation peace position relax serenity yoga yogi zen people body
🧘🏼	شخص متربّع: بشرة بلون فاتح ومعتدل أشخاص استرخاء تأمل راحة سكون متربّع صفاء متربعة هدوء يوجا يوغا جسم	person in lotus position: medium-light skin tone cross legged legs meditation peace position relax serenity yoga yogi zen people body
🧘🏽	شخص متربّع: بشرة بلون معتدل أشخاص استرخاء تأمل راحة سكون متربّع صفاء متربعة هدوء يوجا يوغا جسم	person in lotus position: medium skin tone cross legged legs meditation peace position relax serenity yoga yogi zen people body
🧘🏾	شخص متربّع: بشرة بلون معتدل مائل للغامق أشخاص استرخاء تأمل راحة سكون متربّع صفاء متربعة هدوء يوجا يوغا جسم	person in lotus position: medium-dark skin tone cross legged legs meditation peace position relax serenity yoga yogi zen people body
🧘🏿	شخص متربّع: بشرة بلون غامق أشخاص استرخاء تأمل راحة سكون متربّع صفاء متربعة هدوء يوجا يوغا جسم	person in lotus position: dark skin tone cross legged legs meditation peace position relax serenity yoga yogi zen people body
🧘‍♂️	رجل متربّع أشخاص جسم	man in lotus position cross legged legs meditation peace relax serenity yoga yogi zen people body
🧘🏻‍♂️	رجل متربّع أشخاص جسم	man in lotus position: light skin tone position cross legged legs meditation peace relax serenity yoga yogi zen people body
🧘🏼‍♂️	رجل متربّع أشخاص جسم	man in lotus position: medium-light skin tone light position cross legged legs meditation peace relax serenity yoga yogi zen people body
🧘🏽‍♂️	رجل متربّع أشخاص جسم	man in lotus position: medium skin tone medium-light light position cross legged legs meditation peace relax serenity yoga yogi zen people body
🧘🏾‍♂️	رجل متربّع أشخاص جسم	man in lotus position: medium-dark skin tone medium medium-light light position cross legged legs meditation peace relax serenity yoga yogi zen people body
🧘🏿‍♂️	رجل متربّع أشخاص جسم	man in lotus position: dark skin tone medium-dark medium medium-light light position cross legged legs meditation peace relax serenity yoga yogi zen people body
🧘‍♀️	امرأة متربّعة أشخاص جسم	woman in lotus position cross legged legs meditation peace relax serenity yoga yogi zen people body
🧘🏻‍♀️	امرأة متربّعة أشخاص جسم	woman in lotus position: light skin tone position cross legged legs meditation peace relax serenity yoga yogi zen people body
🧘🏼‍♀️	امرأة متربّعة أشخاص جسم	woman in lotus position: medium-light skin tone light position cross legged legs meditation peace relax serenity yoga yogi zen people body
🧘🏽‍♀️	امرأة متربّعة أشخاص جسم	woman in lotus position: medium skin tone medium-light light position cross legged legs meditation peace relax serenity yoga yogi zen people body
🧘🏾‍♀️	امرأة متربّعة أشخاص جسم	woman in lotus position: medium-dark skin tone medium medium-light light position cross legged legs meditation peace relax serenity yoga yogi zen people body
🧘🏿‍♀️	امرأة متربّعة أشخاص جسم	woman in lotus position: dark skin tone medium-dark medium medium-light light position cross legged legs meditation peace relax serenity yoga yogi zen people body
🛀	شخص يستحم استحمام بانيو حوض دوش أشخاص جسم	person taking bath bathtub tub people body
🛀🏻	شخص يستحم: بشرة بلون فاتح استحمام بانيو حوض دوش يستحم أشخاص جسم	person taking bath: light skin tone bath bathtub tub people body
🛀🏼	شخص يستحم: بشرة بلون فاتح ومعتدل استحمام بانيو حوض دوش يستحم أشخاص جسم	person taking bath: medium-light skin tone bath bathtub tub people body
🛀🏽	شخص يستحم: بشرة بلون معتدل استحمام بانيو حوض دوش يستحم أشخاص جسم	person taking bath: medium skin tone bath bathtub tub people body
🛀🏾	شخص يستحم: بشرة بلون معتدل مائل للغامق استحمام بانيو حوض دوش يستحم أشخاص جسم	person taking bath: medium-dark skin tone bath bathtub tub people body
🛀🏿	شخص يستحم: بشرة بلون غامق استحمام بانيو حوض دوش يستحم أشخاص جسم	person taking bath: dark skin tone bath bathtub tub people body
🛌	شخص على سرير استلقاء الأشخاص والاستلقاء السرير اوتيل راحة فندق في سابع نومة نائم نايم نوم ينام أشخاص جسم	person in bed bedtime good goodnight hotel nap night sleep tired zzz people body
🛌🏻	شخص على سرير: بشرة بلون فاتح استلقاء الأشخاص والاستلقاء السرير اوتيل راحة سرير فندق في سابع نومة نائم نايم نوم ينام أشخاص جسم	person in bed: light skin tone bed bedtime good goodnight hotel nap night sleep tired zzz people body
🛌🏼	شخص على سرير: بشرة بلون فاتح ومعتدل استلقاء الأشخاص والاستلقاء السرير اوتيل راحة سرير فندق في سابع نومة نائم نايم نوم ينام أشخاص جسم	person in bed: medium-light skin tone bed bedtime good goodnight hotel nap night sleep tired zzz people body
🛌🏽	شخص على سرير: بشرة بلون معتدل استلقاء الأشخاص والاستلقاء السرير اوتيل راحة سرير فندق في سابع نومة نائم نايم نوم ينام أشخاص جسم	person in bed: medium skin tone bed bedtime good goodnight hotel nap night sleep tired zzz people body
🛌🏾	شخص على سرير: بشرة بلون معتدل مائل للغامق استلقاء الأشخاص والاستلقاء السرير اوتيل راحة سرير فندق في سابع نومة نائم نايم نوم ينام أشخاص جسم	person in bed: medium-dark skin tone bed bedtime good goodnight hotel nap night sleep tired zzz people body
🛌🏿	شخص على سرير: بشرة بلون غامق استلقاء الأشخاص والاستلقاء السرير اوتيل راحة سرير فندق في سابع نومة نائم نايم نوم ينام أشخاص جسم	person in bed: dark skin tone bed bedtime good goodnight hotel nap night sleep tired zzz people body
🧑‍🤝‍🧑	أشخاص يمسكون بأيدي بعضهم أيدي توأم زوجان شخص شريكان صداقة ولدان يد يدان جسم	people holding hands bae bestie bff couple dating flirt friends hand hold twins body
🧑🏻‍🤝‍🧑🏻	أشخاص يمسكون بأيدي بعضهم: بشرة بلون فاتح أيدي توأم زوجان شخص شريكان صداقة ولدان يد يدان جسم	people holding hands: light skin tone bae bestie bff couple dating flirt friends hand hold twins body
🧑🏻‍🤝‍🧑🏼	أشخاص يمسكون بأيدي بعضهم: بشرة بلون فاتح وبشرة ومعتدل أيدي توأم زوجان شخص شريكان صداقة ولدان يد يدان جسم	people holding hands: light skin tone, medium-light tone bae bestie bff couple dating flirt friends hand hold twins body
🧑🏻‍🤝‍🧑🏽	أشخاص يمسكون بأيدي بعضهم: بشرة بلون فاتح وبشرة معتدل أيدي توأم زوجان شخص شريكان صداقة ولدان يد يدان جسم	people holding hands: light skin tone, medium tone bae bestie bff couple dating flirt friends hand hold twins body
🧑🏻‍🤝‍🧑🏾	أشخاص يمسكون بأيدي بعضهم: بشرة بلون فاتح وبشرة معتدل مائل للغامق أيدي توأم زوجان شخص شريكان صداقة ولدان يد يدان جسم	people holding hands: light skin tone, medium-dark tone bae bestie bff couple dating flirt friends hand hold twins body
🧑🏻‍🤝‍🧑🏿	أشخاص يمسكون بأيدي بعضهم: بشرة بلون فاتح وبشرة غامق أيدي توأم زوجان شخص شريكان صداقة ولدان يد يدان جسم	people holding hands: light skin tone, dark tone bae bestie bff couple dating flirt friends hand hold twins body
🧑🏼‍🤝‍🧑🏻	أشخاص يمسكون بأيدي بعضهم: بشرة بلون فاتح ومعتدل وبشرة أيدي توأم زوجان شخص شريكان صداقة ولدان يد يدان جسم	people holding hands: medium-light skin tone, light tone bae bestie bff couple dating flirt friends hand hold twins body
🧑🏼‍🤝‍🧑🏼	أشخاص يمسكون بأيدي بعضهم: بشرة بلون فاتح ومعتدل أيدي توأم زوجان شخص شريكان صداقة ولدان يد يدان جسم	people holding hands: medium-light skin tone bae bestie bff couple dating flirt friends hand hold twins body
🧑🏼‍🤝‍🧑🏽	أشخاص يمسكون بأيدي بعضهم: بشرة بلون فاتح ومعتدل وبشرة معتدل أيدي توأم زوجان شخص شريكان صداقة ولدان يد يدان جسم	people holding hands: medium-light skin tone, medium tone bae bestie bff couple dating flirt friends hand hold twins body
🧑🏼‍🤝‍🧑🏾	أشخاص يمسكون بأيدي بعضهم: بشرة بلون فاتح ومعتدل وبشرة معتدل مائل للغامق أيدي توأم زوجان شخص شريكان صداقة ولدان يد يدان جسم	people holding hands: medium-light skin tone, medium-dark tone bae bestie bff couple dating flirt friends hand hold twins body
🧑🏼‍🤝‍🧑🏿	أشخاص يمسكون بأيدي بعضهم: بشرة بلون فاتح ومعتدل وبشرة غامق أيدي توأم زوجان شخص شريكان صداقة ولدان يد يدان جسم	people holding hands: medium-light skin tone, dark tone bae bestie bff couple dating flirt friends hand hold twins body
🧑🏽‍🤝‍🧑🏻	أشخاص يمسكون بأيدي بعضهم: بشرة بلون معتدل وبشرة فاتح أيدي توأم زوجان شخص شريكان صداقة ولدان يد يدان جسم	people holding hands: medium skin tone, light tone bae bestie bff couple dating flirt friends hand hold twins body
🧑🏽‍🤝‍🧑🏼	أشخاص يمسكون بأيدي بعضهم: بشرة بلون معتدل وبشرة فاتح ومعتدل أيدي توأم زوجان شخص شريكان صداقة ولدان يد يدان جسم	people holding hands: medium skin tone, medium-light tone bae bestie bff couple dating flirt friends hand hold twins body
🧑🏽‍🤝‍🧑🏽	أشخاص يمسكون بأيدي بعضهم: بشرة بلون معتدل أيدي توأم زوجان شخص شريكان صداقة ولدان يد يدان جسم	people holding hands: medium skin tone bae bestie bff couple dating flirt friends hand hold twins body
🧑🏽‍🤝‍🧑🏾	أشخاص يمسكون بأيدي بعضهم: بشرة بلون معتدل وبشرة مائل للغامق أيدي توأم زوجان شخص شريكان صداقة ولدان يد يدان جسم	people holding hands: medium skin tone, medium-dark tone bae bestie bff couple dating flirt friends hand hold twins body
🧑🏽‍🤝‍🧑🏿	أشخاص يمسكون بأيدي بعضهم: بشرة بلون معتدل وبشرة غامق أيدي توأم زوجان شخص شريكان صداقة ولدان يد يدان جسم	people holding hands: medium skin tone, dark tone bae bestie bff couple dating flirt friends hand hold twins body
🧑🏾‍🤝‍🧑🏻	أشخاص يمسكون بأيدي بعضهم: بشرة بلون معتدل مائل للغامق وبشرة فاتح أيدي توأم زوجان شخص شريكان صداقة ولدان يد يدان جسم	people holding hands: medium-dark skin tone, light tone bae bestie bff couple dating flirt friends hand hold twins body
🧑🏾‍🤝‍🧑🏼	أشخاص يمسكون بأيدي بعضهم: بشرة بلون معتدل مائل للغامق وبشرة فاتح ومعتدل أيدي توأم زوجان شخص شريكان صداقة ولدان يد يدان جسم	people holding hands: medium-dark skin tone, medium-light tone bae bestie bff couple dating flirt friends hand hold twins body
🧑🏾‍🤝‍🧑🏽	أشخاص يمسكون بأيدي بعضهم: بشرة بلون معتدل مائل للغامق وبشرة أيدي توأم زوجان شخص شريكان صداقة ولدان يد يدان جسم	people holding hands: medium-dark skin tone, medium tone bae bestie bff couple dating flirt friends hand hold twins body
🧑🏾‍🤝‍🧑🏾	أشخاص يمسكون بأيدي بعضهم: بشرة بلون معتدل مائل للغامق أيدي توأم زوجان شخص شريكان صداقة ولدان يد يدان جسم	people holding hands: medium-dark skin tone bae bestie bff couple dating flirt friends hand hold twins body
🧑🏾‍🤝‍🧑🏿	أشخاص يمسكون بأيدي بعضهم: بشرة بلون معتدل مائل للغامق وبشرة غامق أيدي توأم زوجان شخص شريكان صداقة ولدان يد يدان جسم	people holding hands: medium-dark skin tone, dark tone bae bestie bff couple dating flirt friends hand hold twins body
🧑🏿‍🤝‍🧑🏻	أشخاص يمسكون بأيدي بعضهم: بشرة بلون غامق وبشرة فاتح أيدي توأم زوجان شخص شريكان صداقة ولدان يد يدان جسم	people holding hands: dark skin tone, light tone bae bestie bff couple dating flirt friends hand hold twins body
🧑🏿‍🤝‍🧑🏼	أشخاص يمسكون بأيدي بعضهم: بشرة بلون غامق وبشرة فاتح ومعتدل أيدي توأم زوجان شخص شريكان صداقة ولدان يد يدان جسم	people holding hands: dark skin tone, medium-light tone bae bestie bff couple dating flirt friends hand hold twins body
🧑🏿‍🤝‍🧑🏽	أشخاص يمسكون بأيدي بعضهم: بشرة بلون غامق وبشرة معتدل أيدي توأم زوجان شخص شريكان صداقة ولدان يد يدان جسم	people holding hands: dark skin tone, medium tone bae bestie bff couple dating flirt friends hand hold twins body
🧑🏿‍🤝‍🧑🏾	أشخاص يمسكون بأيدي بعضهم: بشرة بلون غامق وبشرة معتدل مائل للغامق أيدي توأم زوجان شخص شريكان صداقة ولدان يد يدان جسم	people holding hands: dark skin tone, medium-dark tone bae bestie bff couple dating flirt friends hand hold twins body
🧑🏿‍🤝‍🧑🏿	أشخاص يمسكون بأيدي بعضهم: بشرة بلون غامق أيدي توأم زوجان شخص شريكان صداقة ولدان يد يدان جسم	people holding hands: dark skin tone bae bestie bff couple dating flirt friends hand hold twins body
👭	امرأتان تمسكان بيد بعضهما أخت أخوات امرأة بنات ثنائي زوج سيدة سيدتان صداقة صديقات صديقة صديقتان يد أشخاص جسم	women holding hands bae bestie bff couple dating flirt friends girls hand hold sisters twins people body
👭🏻	امرأتان تمسكان بيد بعضهما: بشرة بلون فاتح أخت أخوات امرأة بنات ثنائي زوج سيدة سيدتان صداقة صديقات صديقة صديقتان يد أشخاص جسم	women holding hands: light skin tone bae bestie bff couple dating flirt friends girls hand hold sisters twins people body
👩🏻‍🤝‍👩🏼	امرأتان تمسكان بيد بعضهما: بشرة بلون فاتح وبشرة ومعتدل أخت أخوات امرأة بنات ثنائي زوج سيدة سيدتان صداقة صديقات صديقة صديقتان يد أشخاص جسم	women holding hands: light skin tone, medium-light tone bae bestie bff couple dating flirt friends girls hand hold sisters twins people body
👩🏻‍🤝‍👩🏽	امرأتان تمسكان بيد بعضهما: بشرة بلون فاتح وبشرة معتدل أخت أخوات امرأة بنات ثنائي زوج سيدة سيدتان صداقة صديقات صديقة صديقتان يد أشخاص جسم	women holding hands: light skin tone, medium tone bae bestie bff couple dating flirt friends girls hand hold sisters twins people body
👩🏻‍🤝‍👩🏾	امرأتان تمسكان بيد بعضهما: بشرة بلون فاتح وبشرة معتدل مائل للغامق أخت أخوات امرأة بنات ثنائي زوج سيدة سيدتان صداقة صديقات صديقة صديقتان يد أشخاص جسم	women holding hands: light skin tone, medium-dark tone bae bestie bff couple dating flirt friends girls hand hold sisters twins people body
👩🏻‍🤝‍👩🏿	امرأتان تمسكان بيد بعضهما: بشرة بلون فاتح وبشرة غامق أخت أخوات امرأة بنات ثنائي زوج سيدة سيدتان صداقة صديقات صديقة صديقتان يد أشخاص جسم	women holding hands: light skin tone, dark tone bae bestie bff couple dating flirt friends girls hand hold sisters twins people body
👩🏼‍🤝‍👩🏻	امرأتان تمسكان بيد بعضهما: بشرة بلون فاتح ومعتدل وبشرة أخت أخوات امرأة بنات ثنائي زوج سيدة سيدتان صداقة صديقات صديقة صديقتان يد أشخاص جسم	women holding hands: medium-light skin tone, light tone bae bestie bff couple dating flirt friends girls hand hold sisters twins people body
👭🏼	امرأتان تمسكان بيد بعضهما: بشرة بلون فاتح ومعتدل أخت أخوات امرأة بنات ثنائي زوج سيدة سيدتان صداقة صديقات صديقة صديقتان يد أشخاص جسم	women holding hands: medium-light skin tone bae bestie bff couple dating flirt friends girls hand hold sisters twins people body
👩🏼‍🤝‍👩🏽	امرأتان تمسكان بيد بعضهما: بشرة بلون فاتح ومعتدل وبشرة معتدل أخت أخوات امرأة بنات ثنائي زوج سيدة سيدتان صداقة صديقات صديقة صديقتان يد أشخاص جسم	women holding hands: medium-light skin tone, medium tone bae bestie bff couple dating flirt friends girls hand hold sisters twins people body
👩🏼‍🤝‍👩🏾	امرأتان تمسكان بيد بعضهما: بشرة بلون فاتح ومعتدل وبشرة معتدل مائل للغامق أخت أخوات امرأة بنات ثنائي زوج سيدة سيدتان صداقة صديقات صديقة صديقتان يد أشخاص جسم	women holding hands: medium-light skin tone, medium-dark tone bae bestie bff couple dating flirt friends girls hand hold sisters twins people body
👩🏼‍🤝‍👩🏿	امرأتان تمسكان بيد بعضهما: بشرة بلون فاتح ومعتدل وبشرة غامق أخت أخوات امرأة بنات ثنائي زوج سيدة سيدتان صداقة صديقات صديقة صديقتان يد أشخاص جسم	women holding hands: medium-light skin tone, dark tone bae bestie bff couple dating flirt friends girls hand hold sisters twins people body
👩🏽‍🤝‍👩🏻	امرأتان تمسكان بيد بعضهما: بشرة بلون معتدل وبشرة فاتح أخت أخوات امرأة بنات ثنائي زوج سيدة سيدتان صداقة صديقات صديقة صديقتان يد أشخاص جسم	women holding hands: medium skin tone, light tone bae bestie bff couple dating flirt friends girls hand hold sisters twins people body
👩🏽‍🤝‍👩🏼	امرأتان تمسكان بيد بعضهما: بشرة بلون معتدل وبشرة فاتح ومعتدل أخت أخوات امرأة بنات ثنائي زوج سيدة سيدتان صداقة صديقات صديقة صديقتان يد أشخاص جسم	women holding hands: medium skin tone, medium-light tone bae bestie bff couple dating flirt friends girls hand hold sisters twins people body
👭🏽	امرأتان تمسكان بيد بعضهما: بشرة بلون معتدل أخت أخوات امرأة بنات ثنائي زوج سيدة سيدتان صداقة صديقات صديقة صديقتان يد أشخاص جسم	women holding hands: medium skin tone bae bestie bff couple dating flirt friends girls hand hold sisters twins people body
👩🏽‍🤝‍👩🏾	امرأتان تمسكان بيد بعضهما: بشرة بلون معتدل وبشرة مائل للغامق أخت أخوات امرأة بنات ثنائي زوج سيدة سيدتان صداقة صديقات صديقة صديقتان يد أشخاص جسم	women holding hands: medium skin tone, medium-dark tone bae bestie bff couple dating flirt friends girls hand hold sisters twins people body
👩🏽‍🤝‍👩🏿	امرأتان تمسكان بيد بعضهما: بشرة بلون معتدل وبشرة غامق أخت أخوات امرأة بنات ثنائي زوج سيدة سيدتان صداقة صديقات صديقة صديقتان يد أشخاص جسم	women holding hands: medium skin tone, dark tone bae bestie bff couple dating flirt friends girls hand hold sisters twins people body
👩🏾‍🤝‍👩🏻	امرأتان تمسكان بيد بعضهما: بشرة بلون معتدل مائل للغامق وبشرة فاتح أخت أخوات امرأة بنات ثنائي زوج سيدة سيدتان صداقة صديقات صديقة صديقتان يد أشخاص جسم	women holding hands: medium-dark skin tone, light tone bae bestie bff couple dating flirt friends girls hand hold sisters twins people body
👩🏾‍🤝‍👩🏼	امرأتان تمسكان بيد بعضهما: بشرة بلون معتدل مائل للغامق وبشرة فاتح ومعتدل أخت أخوات امرأة بنات ثنائي زوج سيدة سيدتان صداقة صديقات صديقة صديقتان يد أشخاص جسم	women holding hands: medium-dark skin tone, medium-light tone bae bestie bff couple dating flirt friends girls hand hold sisters twins people body
👩🏾‍🤝‍👩🏽	امرأتان تمسكان بيد بعضهما: بشرة بلون معتدل مائل للغامق وبشرة أخت أخوات امرأة بنات ثنائي زوج سيدة سيدتان صداقة صديقات صديقة صديقتان يد أشخاص جسم	women holding hands: medium-dark skin tone, medium tone bae bestie bff couple dating flirt friends girls hand hold sisters twins people body
👭🏾	امرأتان تمسكان بيد بعضهما: بشرة بلون معتدل مائل للغامق أخت أخوات امرأة بنات ثنائي زوج سيدة سيدتان صداقة صديقات صديقة صديقتان يد أشخاص جسم	women holding hands: medium-dark skin tone bae bestie bff couple dating flirt friends girls hand hold sisters twins people body
👩🏾‍🤝‍👩🏿	امرأتان تمسكان بيد بعضهما: بشرة بلون معتدل مائل للغامق وبشرة غامق أخت أخوات امرأة بنات ثنائي زوج سيدة سيدتان صداقة صديقات صديقة صديقتان يد أشخاص جسم	women holding hands: medium-dark skin tone, dark tone bae bestie bff couple dating flirt friends girls hand hold sisters twins people body
👩🏿‍🤝‍👩🏻	امرأتان تمسكان بيد بعضهما: بشرة بلون غامق وبشرة فاتح أخت أخوات امرأة بنات ثنائي زوج سيدة سيدتان صداقة صديقات صديقة صديقتان يد أشخاص جسم	women holding hands: dark skin tone, light tone bae bestie bff couple dating flirt friends girls hand hold sisters twins people body
👩🏿‍🤝‍👩🏼	امرأتان تمسكان بيد بعضهما: بشرة بلون غامق وبشرة فاتح ومعتدل أخت أخوات امرأة بنات ثنائي زوج سيدة سيدتان صداقة صديقات صديقة صديقتان يد أشخاص جسم	women holding hands: dark skin tone, medium-light tone bae bestie bff couple dating flirt friends girls hand hold sisters twins people body
👩🏿‍🤝‍👩🏽	امرأتان تمسكان بيد بعضهما: بشرة بلون غامق وبشرة معتدل أخت أخوات امرأة بنات ثنائي زوج سيدة سيدتان صداقة صديقات صديقة صديقتان يد أشخاص جسم	women holding hands: dark skin tone, medium tone bae bestie bff couple dating flirt friends girls hand hold sisters twins people body
👩🏿‍🤝‍👩🏾	امرأتان تمسكان بيد بعضهما: بشرة بلون غامق وبشرة معتدل مائل للغامق أخت أخوات امرأة بنات ثنائي زوج سيدة سيدتان صداقة صديقات صديقة صديقتان يد أشخاص جسم	women holding hands: dark skin tone, medium-dark tone bae bestie bff couple dating flirt friends girls hand hold sisters twins people body
👭🏿	امرأتان تمسكان بيد بعضهما: بشرة بلون غامق أخت أخوات امرأة بنات ثنائي زوج سيدة سيدتان صداقة صديقات صديقة صديقتان يد أشخاص جسم	women holding hands: dark skin tone bae bestie bff couple dating flirt friends girls hand hold sisters twins people body
👫	رجل وامرأة يمسكان بيد بعضهما أشخاص أصدقاء إمرأة ثنائي حب زوج غرام مغروم موعد يد جسم	woman and man holding hands bae bestie bff couple dating flirt friends hand hold twins people body
👫🏻	رجل وامرأة يمسكان بيد بعضهما: بشرة بلون فاتح أشخاص أصدقاء إمرأة ثنائي حب بعضهما زوج غرام مغروم موعد يد جسم	woman and man holding hands: light skin tone bae bestie bff couple dating flirt friends hand hold twins people body
👩🏻‍🤝‍👨🏼	رجل وامرأة يمسكان بيد بعضهما: بشرة بلون فاتح وبشرة ومعتدل أشخاص أصدقاء إمرأة ثنائي حب بعضهما زوج غرام مغروم موعد يد جسم	woman and man holding hands: light skin tone, medium-light tone bae bestie bff couple dating flirt friends hand hold twins people body
👩🏻‍🤝‍👨🏽	رجل وامرأة يمسكان بيد بعضهما: بشرة بلون فاتح وبشرة معتدل أشخاص أصدقاء إمرأة ثنائي حب بعضهما زوج غرام مغروم موعد يد جسم	woman and man holding hands: light skin tone, medium tone bae bestie bff couple dating flirt friends hand hold twins people body
👩🏻‍🤝‍👨🏾	رجل وامرأة يمسكان بيد بعضهما: بشرة بلون فاتح وبشرة معتدل مائل للغامق أشخاص أصدقاء إمرأة ثنائي حب بعضهما زوج غرام مغروم موعد يد جسم	woman and man holding hands: light skin tone, medium-dark tone bae bestie bff couple dating flirt friends hand hold twins people body
👩🏻‍🤝‍👨🏿	رجل وامرأة يمسكان بيد بعضهما: بشرة بلون فاتح وبشرة غامق أشخاص أصدقاء إمرأة ثنائي حب بعضهما زوج غرام مغروم موعد يد جسم	woman and man holding hands: light skin tone, dark tone bae bestie bff couple dating flirt friends hand hold twins people body
👩🏼‍🤝‍👨🏻	رجل وامرأة يمسكان بيد بعضهما: بشرة بلون فاتح ومعتدل وبشرة أشخاص أصدقاء إمرأة ثنائي حب بعضهما زوج غرام مغروم موعد يد جسم	woman and man holding hands: medium-light skin tone, light tone bae bestie bff couple dating flirt friends hand hold twins people body
👫🏼	رجل وامرأة يمسكان بيد بعضهما: بشرة بلون فاتح ومعتدل أشخاص أصدقاء إمرأة ثنائي حب بعضهما زوج غرام مغروم موعد يد جسم	woman and man holding hands: medium-light skin tone bae bestie bff couple dating flirt friends hand hold twins people body
👩🏼‍🤝‍👨🏽	رجل وامرأة يمسكان بيد بعضهما: بشرة بلون فاتح ومعتدل وبشرة معتدل أشخاص أصدقاء إمرأة ثنائي حب بعضهما زوج غرام مغروم موعد يد جسم	woman and man holding hands: medium-light skin tone, medium tone bae bestie bff couple dating flirt friends hand hold twins people body
👩🏼‍🤝‍👨🏾	رجل وامرأة يمسكان بيد بعضهما: بشرة بلون فاتح ومعتدل وبشرة معتدل مائل للغامق أشخاص أصدقاء إمرأة ثنائي حب بعضهما زوج غرام مغروم موعد يد جسم	woman and man holding hands: medium-light skin tone, medium-dark tone bae bestie bff couple dating flirt friends hand hold twins people body
👩🏼‍🤝‍👨🏿	رجل وامرأة يمسكان بيد بعضهما: بشرة بلون فاتح ومعتدل وبشرة غامق أشخاص أصدقاء إمرأة ثنائي حب بعضهما زوج غرام مغروم موعد يد جسم	woman and man holding hands: medium-light skin tone, dark tone bae bestie bff couple dating flirt friends hand hold twins people body
👩🏽‍🤝‍👨🏻	رجل وامرأة يمسكان بيد بعضهما: بشرة بلون معتدل وبشرة فاتح أشخاص أصدقاء إمرأة ثنائي حب بعضهما زوج غرام مغروم موعد يد جسم	woman and man holding hands: medium skin tone, light tone bae bestie bff couple dating flirt friends hand hold twins people body
👩🏽‍🤝‍👨🏼	رجل وامرأة يمسكان بيد بعضهما: بشرة بلون معتدل وبشرة فاتح ومعتدل أشخاص أصدقاء إمرأة ثنائي حب بعضهما زوج غرام مغروم موعد يد جسم	woman and man holding hands: medium skin tone, medium-light tone bae bestie bff couple dating flirt friends hand hold twins people body
👫🏽	رجل وامرأة يمسكان بيد بعضهما: بشرة بلون معتدل أشخاص أصدقاء إمرأة ثنائي حب بعضهما زوج غرام مغروم موعد يد جسم	woman and man holding hands: medium skin tone bae bestie bff couple dating flirt friends hand hold twins people body
👩🏽‍🤝‍👨🏾	رجل وامرأة يمسكان بيد بعضهما: بشرة بلون معتدل وبشرة مائل للغامق أشخاص أصدقاء إمرأة ثنائي حب بعضهما زوج غرام مغروم موعد يد جسم	woman and man holding hands: medium skin tone, medium-dark tone bae bestie bff couple dating flirt friends hand hold twins people body
👩🏽‍🤝‍👨🏿	رجل وامرأة يمسكان بيد بعضهما: بشرة بلون معتدل وبشرة غامق أشخاص أصدقاء إمرأة ثنائي حب بعضهما زوج غرام مغروم موعد يد جسم	woman and man holding hands: medium skin tone, dark tone bae bestie bff couple dating flirt friends hand hold twins people body
👩🏾‍🤝‍👨🏻	رجل وامرأة يمسكان بيد بعضهما: بشرة بلون معتدل مائل للغامق وبشرة فاتح أشخاص أصدقاء إمرأة ثنائي حب بعضهما زوج غرام مغروم موعد يد جسم	woman and man holding hands: medium-dark skin tone, light tone bae bestie bff couple dating flirt friends hand hold twins people body
👩🏾‍🤝‍👨🏼	رجل وامرأة يمسكان بيد بعضهما: بشرة بلون معتدل مائل للغامق وبشرة فاتح ومعتدل أشخاص أصدقاء إمرأة ثنائي حب بعضهما زوج غرام مغروم موعد يد جسم	woman and man holding hands: medium-dark skin tone, medium-light tone bae bestie bff couple dating flirt friends hand hold twins people body
👩🏾‍🤝‍👨🏽	رجل وامرأة يمسكان بيد بعضهما: بشرة بلون معتدل مائل للغامق وبشرة أشخاص أصدقاء إمرأة ثنائي حب بعضهما زوج غرام مغروم موعد يد جسم	woman and man holding hands: medium-dark skin tone, medium tone bae bestie bff couple dating flirt friends hand hold twins people body
👫🏾	رجل وامرأة يمسكان بيد بعضهما: بشرة بلون معتدل مائل للغامق أشخاص أصدقاء إمرأة ثنائي حب بعضهما زوج غرام مغروم موعد يد جسم	woman and man holding hands: medium-dark skin tone bae bestie bff couple dating flirt friends hand hold twins people body
👩🏾‍🤝‍👨🏿	رجل وامرأة يمسكان بيد بعضهما: بشرة بلون معتدل مائل للغامق وبشرة غامق أشخاص أصدقاء إمرأة ثنائي حب بعضهما زوج غرام مغروم موعد يد جسم	woman and man holding hands: medium-dark skin tone, dark tone bae bestie bff couple dating flirt friends hand hold twins people body
👩🏿‍🤝‍👨🏻	رجل وامرأة يمسكان بيد بعضهما: بشرة بلون غامق وبشرة فاتح أشخاص أصدقاء إمرأة ثنائي حب بعضهما زوج غرام مغروم موعد يد جسم	woman and man holding hands: dark skin tone, light tone bae bestie bff couple dating flirt friends hand hold twins people body
👩🏿‍🤝‍👨🏼	رجل وامرأة يمسكان بيد بعضهما: بشرة بلون غامق وبشرة فاتح ومعتدل أشخاص أصدقاء إمرأة ثنائي حب بعضهما زوج غرام مغروم موعد يد جسم	woman and man holding hands: dark skin tone, medium-light tone bae bestie bff couple dating flirt friends hand hold twins people body
👩🏿‍🤝‍👨🏽	رجل وامرأة يمسكان بيد بعضهما: بشرة بلون غامق وبشرة معتدل أشخاص أصدقاء إمرأة ثنائي حب بعضهما زوج غرام مغروم موعد يد جسم	woman and man holding hands: dark skin tone, medium tone bae bestie bff couple dating flirt friends hand hold twins people body
👩🏿‍🤝‍👨🏾	رجل وامرأة يمسكان بيد بعضهما: بشرة بلون غامق وبشرة معتدل مائل للغامق أشخاص أصدقاء إمرأة ثنائي حب بعضهما زوج غرام مغروم موعد يد جسم	woman and man holding hands: dark skin tone, medium-dark tone bae bestie bff couple dating flirt friends hand hold twins people body
👫🏿	رجل وامرأة يمسكان بيد بعضهما: بشرة بلون غامق أشخاص أصدقاء إمرأة ثنائي حب بعضهما زوج غرام مغروم موعد يد جسم	woman and man holding hands: dark skin tone bae bestie bff couple dating flirt friends hand hold twins people body
👬	رجلان يمسكان بيد بعضهما أخ أصدقاء إخوة توأم ثنائي رجل زوج صديق يد أشخاص جسم	men holding hands bae bestie bff boys brothers couple dating flirt friends hand hold twins people body
👬🏻	رجلان يمسكان بيد بعضهما: بشرة بلون فاتح أخ أصدقاء إخوة توأم ثنائي رجل زوج صديق يد أشخاص جسم	men holding hands: light skin tone bae bestie bff boys brothers couple dating flirt friends hand hold twins people body
👨🏻‍🤝‍👨🏼	رجلان يمسكان بيد بعضهما: بشرة بلون فاتح وبشرة ومعتدل أخ أصدقاء إخوة توأم ثنائي رجل زوج صديق يد أشخاص جسم	men holding hands: light skin tone, medium-light tone bae bestie bff boys brothers couple dating flirt friends hand hold twins people body
👨🏻‍🤝‍👨🏽	رجلان يمسكان بيد بعضهما: بشرة بلون فاتح وبشرة معتدل أخ أصدقاء إخوة توأم ثنائي رجل زوج صديق يد أشخاص جسم	men holding hands: light skin tone, medium tone bae bestie bff boys brothers couple dating flirt friends hand hold twins people body
👨🏻‍🤝‍👨🏾	رجلان يمسكان بيد بعضهما: بشرة بلون فاتح وبشرة معتدل مائل للغامق أخ أصدقاء إخوة توأم ثنائي رجل زوج صديق يد أشخاص جسم	men holding hands: light skin tone, medium-dark tone bae bestie bff boys brothers couple dating flirt friends hand hold twins people body
👨🏻‍🤝‍👨🏿	رجلان يمسكان بيد بعضهما: بشرة بلون فاتح وبشرة غامق أخ أصدقاء إخوة توأم ثنائي رجل زوج صديق يد أشخاص جسم	men holding hands: light skin tone, dark tone bae bestie bff boys brothers couple dating flirt friends hand hold twins people body
👨🏼‍🤝‍👨🏻	رجلان يمسكان بيد بعضهما: بشرة بلون فاتح ومعتدل وبشرة أخ أصدقاء إخوة توأم ثنائي رجل زوج صديق يد أشخاص جسم	men holding hands: medium-light skin tone, light tone bae bestie bff boys brothers couple dating flirt friends hand hold twins people body
👬🏼	رجلان يمسكان بيد بعضهما: بشرة بلون فاتح ومعتدل أخ أصدقاء إخوة توأم ثنائي رجل زوج صديق يد أشخاص جسم	men holding hands: medium-light skin tone bae bestie bff boys brothers couple dating flirt friends hand hold twins people body
👨🏼‍🤝‍👨🏽	رجلان يمسكان بيد بعضهما: بشرة بلون فاتح ومعتدل وبشرة معتدل أخ أصدقاء إخوة توأم ثنائي رجل زوج صديق يد أشخاص جسم	men holding hands: medium-light skin tone, medium tone bae bestie bff boys brothers couple dating flirt friends hand hold twins people body
👨🏼‍🤝‍👨🏾	رجلان يمسكان بيد بعضهما: بشرة بلون فاتح ومعتدل وبشرة معتدل مائل للغامق أخ أصدقاء إخوة توأم ثنائي رجل زوج صديق يد أشخاص جسم	men holding hands: medium-light skin tone, medium-dark tone bae bestie bff boys brothers couple dating flirt friends hand hold twins people body
👨🏼‍🤝‍👨🏿	رجلان يمسكان بيد بعضهما: بشرة بلون فاتح ومعتدل وبشرة غامق أخ أصدقاء إخوة توأم ثنائي رجل زوج صديق يد أشخاص جسم	men holding hands: medium-light skin tone, dark tone bae bestie bff boys brothers couple dating flirt friends hand hold twins people body
👨🏽‍🤝‍👨🏻	رجلان يمسكان بيد بعضهما: بشرة بلون معتدل وبشرة فاتح أخ أصدقاء إخوة توأم ثنائي رجل زوج صديق يد أشخاص جسم	men holding hands: medium skin tone, light tone bae bestie bff boys brothers couple dating flirt friends hand hold twins people body
👨🏽‍🤝‍👨🏼	رجلان يمسكان بيد بعضهما: بشرة بلون معتدل وبشرة فاتح ومعتدل أخ أصدقاء إخوة توأم ثنائي رجل زوج صديق يد أشخاص جسم	men holding hands: medium skin tone, medium-light tone bae bestie bff boys brothers couple dating flirt friends hand hold twins people body
👬🏽	رجلان يمسكان بيد بعضهما: بشرة بلون معتدل أخ أصدقاء إخوة توأم ثنائي رجل زوج صديق يد أشخاص جسم	men holding hands: medium skin tone bae bestie bff boys brothers couple dating flirt friends hand hold twins people body
👨🏽‍🤝‍👨🏾	رجلان يمسكان بيد بعضهما: بشرة بلون معتدل وبشرة مائل للغامق أخ أصدقاء إخوة توأم ثنائي رجل زوج صديق يد أشخاص جسم	men holding hands: medium skin tone, medium-dark tone bae bestie bff boys brothers couple dating flirt friends hand hold twins people body
👨🏽‍🤝‍👨🏿	رجلان يمسكان بيد بعضهما: بشرة بلون معتدل وبشرة غامق أخ أصدقاء إخوة توأم ثنائي رجل زوج صديق يد أشخاص جسم	men holding hands: medium skin tone, dark tone bae bestie bff boys brothers couple dating flirt friends hand hold twins people body
👨🏾‍🤝‍👨🏻	رجلان يمسكان بيد بعضهما: بشرة بلون معتدل مائل للغامق وبشرة فاتح أخ أصدقاء إخوة توأم ثنائي رجل زوج صديق يد أشخاص جسم	men holding hands: medium-dark skin tone, light tone bae bestie bff boys brothers couple dating flirt friends hand hold twins people body
👨🏾‍🤝‍👨🏼	رجلان يمسكان بيد بعضهما: بشرة بلون معتدل مائل للغامق وبشرة فاتح ومعتدل أخ أصدقاء إخوة توأم ثنائي رجل زوج صديق يد أشخاص جسم	men holding hands: medium-dark skin tone, medium-light tone bae bestie bff boys brothers couple dating flirt friends hand hold twins people body
👨🏾‍🤝‍👨🏽	رجلان يمسكان بيد بعضهما: بشرة بلون معتدل مائل للغامق وبشرة أخ أصدقاء إخوة توأم ثنائي رجل زوج صديق يد أشخاص جسم	men holding hands: medium-dark skin tone, medium tone bae bestie bff boys brothers couple dating flirt friends hand hold twins people body
👬🏾	رجلان يمسكان بيد بعضهما: بشرة بلون معتدل مائل للغامق أخ أصدقاء إخوة توأم ثنائي رجل زوج صديق يد أشخاص جسم	men holding hands: medium-dark skin tone bae bestie bff boys brothers couple dating flirt friends hand hold twins people body
👨🏾‍🤝‍👨🏿	رجلان يمسكان بيد بعضهما: بشرة بلون معتدل مائل للغامق وبشرة غامق أخ أصدقاء إخوة توأم ثنائي رجل زوج صديق يد أشخاص جسم	men holding hands: medium-dark skin tone, dark tone bae bestie bff boys brothers couple dating flirt friends hand hold twins people body
👨🏿‍🤝‍👨🏻	رجلان يمسكان بيد بعضهما: بشرة بلون غامق وبشرة فاتح أخ أصدقاء إخوة توأم ثنائي رجل زوج صديق يد أشخاص جسم	men holding hands: dark skin tone, light tone bae bestie bff boys brothers couple dating flirt friends hand hold twins people body
👨🏿‍🤝‍👨🏼	رجلان يمسكان بيد بعضهما: بشرة بلون غامق وبشرة فاتح ومعتدل أخ أصدقاء إخوة توأم ثنائي رجل زوج صديق يد أشخاص جسم	men holding hands: dark skin tone, medium-light tone bae bestie bff boys brothers couple dating flirt friends hand hold twins people body
👨🏿‍🤝‍👨🏽	رجلان يمسكان بيد بعضهما: بشرة بلون غامق وبشرة معتدل أخ أصدقاء إخوة توأم ثنائي رجل زوج صديق يد أشخاص جسم	men holding hands: dark skin tone, medium tone bae bestie bff boys brothers couple dating flirt friends hand hold twins people body
👨🏿‍🤝‍👨🏾	رجلان يمسكان بيد بعضهما: بشرة بلون غامق وبشرة معتدل مائل للغامق أخ أصدقاء إخوة توأم ثنائي رجل زوج صديق يد أشخاص جسم	men holding hands: dark skin tone, medium-dark tone bae bestie bff boys brothers couple dating flirt friends hand hold twins people body
👬🏿	رجلان يمسكان بيد بعضهما: بشرة بلون غامق أخ أصدقاء إخوة توأم ثنائي رجل زوج صديق يد أشخاص جسم	men holding hands: dark skin tone bae bestie bff boys brothers couple dating flirt friends hand hold twins people body
💏	قبلة أشخاص تقبيل ثنائي حب حبيبي رومانس رومانسية رومنس زوج عيد زواج غرام قلب موعد جسم	kiss anniversary babe bae couple date dating heart love mwah person romance together xoxo people body
💏🏻	قبلة: بشرة بلون فاتح أشخاص تقبيل ثنائي حب حبيبي رومانس رومانسية رومنس زوج عيد زواج غرام قبلة قلب موعد جسم	kiss: light skin tone anniversary babe bae couple date dating heart kiss love mwah person romance together xoxo people body
💏🏼	قبلة: بشرة بلون فاتح ومعتدل أشخاص تقبيل ثنائي حب حبيبي رومانس رومانسية رومنس زوج عيد زواج غرام قبلة قلب موعد جسم	kiss: medium-light skin tone anniversary babe bae couple date dating heart kiss love mwah person romance together xoxo people body
💏🏽	قبلة: بشرة بلون معتدل أشخاص تقبيل ثنائي حب حبيبي رومانس رومانسية رومنس زوج عيد زواج غرام قبلة قلب موعد جسم	kiss: medium skin tone anniversary babe bae couple date dating heart kiss love mwah person romance together xoxo people body
💏🏾	قبلة: بشرة بلون معتدل مائل للغامق أشخاص تقبيل ثنائي حب حبيبي رومانس رومانسية رومنس زوج عيد زواج غرام قبلة قلب موعد جسم	kiss: medium-dark skin tone anniversary babe bae couple date dating heart kiss love mwah person romance together xoxo people body
💏🏿	قبلة: بشرة بلون غامق أشخاص تقبيل ثنائي حب حبيبي رومانس رومانسية رومنس زوج عيد زواج غرام قبلة قلب موعد جسم	kiss: dark skin tone anniversary babe bae couple date dating heart kiss love mwah person romance together xoxo people body
🧑🏻‍❤️‍💋‍🧑🏼	أشخاص جسم	kiss: person, light skin tone, medium-light tone people body
🧑🏻‍❤️‍💋‍🧑🏽	أشخاص جسم	kiss: person, light skin tone, medium tone people body
🧑🏻‍❤️‍💋‍🧑🏾	أشخاص جسم	kiss: person, light skin tone, medium-dark tone people body
🧑🏻‍❤️‍💋‍🧑🏿	أشخاص جسم	kiss: person, light skin tone, dark tone people body
🧑🏼‍❤️‍💋‍🧑🏻	أشخاص جسم	kiss: person, medium-light skin tone, light tone people body
🧑🏼‍❤️‍💋‍🧑🏽	أشخاص جسم	kiss: person, medium-light skin tone, medium tone people body
🧑🏼‍❤️‍💋‍🧑🏾	أشخاص جسم	kiss: person, medium-light skin tone, medium-dark tone people body
🧑🏼‍❤️‍💋‍🧑🏿	أشخاص جسم	kiss: person, medium-light skin tone, dark tone people body
🧑🏽‍❤️‍💋‍🧑🏻	أشخاص جسم	kiss: person, medium skin tone, light tone people body
🧑🏽‍❤️‍💋‍🧑🏼	أشخاص جسم	kiss: person, medium skin tone, medium-light tone people body
🧑🏽‍❤️‍💋‍🧑🏾	أشخاص جسم	kiss: person, medium skin tone, medium-dark tone people body
🧑🏽‍❤️‍💋‍🧑🏿	أشخاص جسم	kiss: person, medium skin tone, dark tone people body
🧑🏾‍❤️‍💋‍🧑🏻	أشخاص جسم	kiss: person, medium-dark skin tone, light tone people body
🧑🏾‍❤️‍💋‍🧑🏼	أشخاص جسم	kiss: person, medium-dark skin tone, medium-light tone people body
🧑🏾‍❤️‍💋‍🧑🏽	أشخاص جسم	kiss: person, medium-dark skin tone, medium tone people body
🧑🏾‍❤️‍💋‍🧑🏿	أشخاص جسم	kiss: person, medium-dark skin tone, dark tone people body
🧑🏿‍❤️‍💋‍🧑🏻	أشخاص جسم	kiss: person, dark skin tone, light tone people body
🧑🏿‍❤️‍💋‍🧑🏼	أشخاص جسم	kiss: person, dark skin tone, medium-light tone people body
🧑🏿‍❤️‍💋‍🧑🏽	أشخاص جسم	kiss: person, dark skin tone, medium tone people body
🧑🏿‍❤️‍💋‍🧑🏾	أشخاص جسم	kiss: person, dark skin tone, medium-dark tone people body
👩‍❤️‍💋‍👨	قبلة: سيدة ورجل أشخاص تقبيل ثنائي حب حبيبي رجل رومانس رومانسية رومنس زوج عيد زواج غرام قبلة قلب موعد جسم	kiss: woman, man anniversary babe bae couple date dating heart kiss love mwah person romance together woman xoxo people body
👩🏻‍❤️‍💋‍👨🏻	قبلة: سيدة ورجل أشخاص تقبيل ثنائي حب حبيبي رجل رومانس رومانسية رومنس زوج عيد زواج غرام قبلة قلب موعد جسم	kiss: woman, man, light skin tone man anniversary babe bae couple date dating heart kiss love mwah person romance together woman xoxo people body
👩🏻‍❤️‍💋‍👨🏼	قبلة: سيدة ورجل أشخاص تقبيل ثنائي حب حبيبي رجل رومانس رومانسية رومنس زوج عيد زواج غرام قبلة قلب موعد جسم	kiss: woman, man, light skin tone, medium-light tone man anniversary babe bae couple date dating heart kiss love mwah person romance together woman xoxo people body
👩🏻‍❤️‍💋‍👨🏽	قبلة: سيدة ورجل أشخاص تقبيل ثنائي حب حبيبي رجل رومانس رومانسية رومنس زوج عيد زواج غرام قبلة قلب موعد جسم	kiss: woman, man, light skin tone, medium tone medium-light man anniversary babe bae couple date dating heart kiss love mwah person romance together woman xoxo people body
👩🏻‍❤️‍💋‍👨🏾	قبلة: سيدة ورجل أشخاص تقبيل ثنائي حب حبيبي رجل رومانس رومانسية رومنس زوج عيد زواج غرام قبلة قلب موعد جسم	kiss: woman, man, light skin tone, medium-dark tone medium medium-light man anniversary babe bae couple date dating heart kiss love mwah person romance together woman xoxo people body
👩🏻‍❤️‍💋‍👨🏿	قبلة: سيدة ورجل أشخاص تقبيل ثنائي حب حبيبي رجل رومانس رومانسية رومنس زوج عيد زواج غرام قبلة قلب موعد جسم	kiss: woman, man, light skin tone, dark tone medium-dark medium medium-light man anniversary babe bae couple date dating heart kiss love mwah person romance together woman xoxo people body
👩🏼‍❤️‍💋‍👨🏻	قبلة: سيدة ورجل أشخاص تقبيل ثنائي حب حبيبي رجل رومانس رومانسية رومنس زوج عيد زواج غرام قبلة قلب موعد جسم	kiss: woman, man, medium-light skin tone, light tone dark medium-dark medium man anniversary babe bae couple date dating heart kiss love mwah person romance together woman xoxo people body
👩🏼‍❤️‍💋‍👨🏼	قبلة: سيدة ورجل أشخاص تقبيل ثنائي حب حبيبي رجل رومانس رومانسية رومنس زوج عيد زواج غرام قبلة قلب موعد جسم	kiss: woman, man, medium-light skin tone tone, light dark medium-dark medium man anniversary babe bae couple date dating heart kiss love mwah person romance together woman xoxo people body
👩🏼‍❤️‍💋‍👨🏽	قبلة: سيدة ورجل أشخاص تقبيل ثنائي حب حبيبي رجل رومانس رومانسية رومنس زوج عيد زواج غرام قبلة قلب موعد جسم	kiss: woman, man, medium-light skin tone, medium tone light dark medium-dark man anniversary babe bae couple date dating heart kiss love mwah person romance together woman xoxo people body
👩🏼‍❤️‍💋‍👨🏾	قبلة: سيدة ورجل أشخاص تقبيل ثنائي حب حبيبي رجل رومانس رومانسية رومنس زوج عيد زواج غرام قبلة قلب موعد جسم	kiss: woman, man, medium-light skin tone, medium-dark tone medium light dark man anniversary babe bae couple date dating heart kiss love mwah person romance together woman xoxo people body
👩🏼‍❤️‍💋‍👨🏿	قبلة: سيدة ورجل أشخاص تقبيل ثنائي حب حبيبي رجل رومانس رومانسية رومنس زوج عيد زواج غرام قبلة قلب موعد جسم	kiss: woman, man, medium-light skin tone, dark tone medium-dark medium light man anniversary babe bae couple date dating heart kiss love mwah person romance together woman xoxo people body
👩🏽‍❤️‍💋‍👨🏻	قبلة: سيدة ورجل أشخاص تقبيل ثنائي حب حبيبي رجل رومانس رومانسية رومنس زوج عيد زواج غرام قبلة قلب موعد جسم	kiss: woman, man, medium skin tone, light tone medium-light dark medium-dark man anniversary babe bae couple date dating heart kiss love mwah person romance together woman xoxo people body
👩🏽‍❤️‍💋‍👨🏼	قبلة: سيدة ورجل أشخاص تقبيل ثنائي حب حبيبي رجل رومانس رومانسية رومنس زوج عيد زواج غرام قبلة قلب موعد جسم	kiss: woman, man, medium skin tone, medium-light tone light dark medium-dark man anniversary babe bae couple date dating heart kiss love mwah person romance together woman xoxo people body
👩🏽‍❤️‍💋‍👨🏽	قبلة: سيدة ورجل أشخاص تقبيل ثنائي حب حبيبي رجل رومانس رومانسية رومنس زوج عيد زواج غرام قبلة قلب موعد جسم	kiss: woman, man, medium skin tone tone, medium-light light dark medium-dark man anniversary babe bae couple date dating heart kiss love mwah person romance together woman xoxo people body
👩🏽‍❤️‍💋‍👨🏾	قبلة: سيدة ورجل أشخاص تقبيل ثنائي حب حبيبي رجل رومانس رومانسية رومنس زوج عيد زواج غرام قبلة قلب موعد جسم	kiss: woman, man, medium skin tone, medium-dark tone medium-light light dark man anniversary babe bae couple date dating heart kiss love mwah person romance together woman xoxo people body
👩🏽‍❤️‍💋‍👨🏿	قبلة: سيدة ورجل أشخاص تقبيل ثنائي حب حبيبي رجل رومانس رومانسية رومنس زوج عيد زواج غرام قبلة قلب موعد جسم	kiss: woman, man, medium skin tone, dark tone medium-dark medium-light light man anniversary babe bae couple date dating heart kiss love mwah person romance together woman xoxo people body
👩🏾‍❤️‍💋‍👨🏻	قبلة: سيدة ورجل أشخاص تقبيل ثنائي حب حبيبي رجل رومانس رومانسية رومنس زوج عيد زواج غرام قبلة قلب موعد جسم	kiss: woman, man, medium-dark skin tone, light tone medium dark medium-light man anniversary babe bae couple date dating heart kiss love mwah person romance together woman xoxo people body
👩🏾‍❤️‍💋‍👨🏼	قبلة: سيدة ورجل أشخاص تقبيل ثنائي حب حبيبي رجل رومانس رومانسية رومنس زوج عيد زواج غرام قبلة قلب موعد جسم	kiss: woman, man, medium-dark skin tone, medium-light tone light medium dark man anniversary babe bae couple date dating heart kiss love mwah person romance together woman xoxo people body
👩🏾‍❤️‍💋‍👨🏽	قبلة: سيدة ورجل أشخاص تقبيل ثنائي حب حبيبي رجل رومانس رومانسية رومنس زوج عيد زواج غرام قبلة قلب موعد جسم	kiss: woman, man, medium-dark skin tone, medium tone medium-light light dark man anniversary babe bae couple date dating heart kiss love mwah person romance together woman xoxo people body
👩🏾‍❤️‍💋‍👨🏾	قبلة: سيدة ورجل أشخاص تقبيل ثنائي حب حبيبي رجل رومانس رومانسية رومنس زوج عيد زواج غرام قبلة قلب موعد جسم	kiss: woman, man, medium-dark skin tone tone, medium medium-light light dark man anniversary babe bae couple date dating heart kiss love mwah person romance together woman xoxo people body
👩🏾‍❤️‍💋‍👨🏿	قبلة: سيدة ورجل أشخاص تقبيل ثنائي حب حبيبي رجل رومانس رومانسية رومنس زوج عيد زواج غرام قبلة قلب موعد جسم	kiss: woman, man, medium-dark skin tone, dark tone medium medium-light light man anniversary babe bae couple date dating heart kiss love mwah person romance together woman xoxo people body
👩🏿‍❤️‍💋‍👨🏻	قبلة: سيدة ورجل أشخاص تقبيل ثنائي حب حبيبي رجل رومانس رومانسية رومنس زوج عيد زواج غرام قبلة قلب موعد جسم	kiss: woman, man, dark skin tone, light tone medium-dark medium medium-light man anniversary babe bae couple date dating heart kiss love mwah person romance together woman xoxo people body
👩🏿‍❤️‍💋‍👨🏼	قبلة: سيدة ورجل أشخاص تقبيل ثنائي حب حبيبي رجل رومانس رومانسية رومنس زوج عيد زواج غرام قبلة قلب موعد جسم	kiss: woman, man, dark skin tone, medium-light tone light medium-dark medium man anniversary babe bae couple date dating heart kiss love mwah person romance together woman xoxo people body
👩🏿‍❤️‍💋‍👨🏽	قبلة: سيدة ورجل أشخاص تقبيل ثنائي حب حبيبي رجل رومانس رومانسية رومنس زوج عيد زواج غرام قبلة قلب موعد جسم	kiss: woman, man, dark skin tone, medium tone medium-light light medium-dark man anniversary babe bae couple date dating heart kiss love mwah person romance together woman xoxo people body
👩🏿‍❤️‍💋‍👨🏾	قبلة: سيدة ورجل أشخاص تقبيل ثنائي حب حبيبي رجل رومانس رومانسية رومنس زوج عيد زواج غرام قبلة قلب موعد جسم	kiss: woman, man, dark skin tone, medium-dark tone medium medium-light light man anniversary babe bae couple date dating heart kiss love mwah person romance together woman xoxo people body
👩🏿‍❤️‍💋‍👨🏿	قبلة: سيدة ورجل أشخاص تقبيل ثنائي حب حبيبي رجل رومانس رومانسية رومنس زوج عيد زواج غرام قبلة قلب موعد جسم	kiss: woman, man, dark skin tone tone, medium-dark medium medium-light light man anniversary babe bae couple date dating heart kiss love mwah person romance together woman xoxo people body
👨‍❤️‍💋‍👨	قبلة: رجل ورجل أشخاص تقبيل ثنائي حب حبيبي رومانس رومانسية رومنس زوج عيد زواج غرام قبلة قلب موعد جسم	kiss: man, man anniversary babe bae couple date dating heart kiss love mwah person romance together xoxo people body
👨🏻‍❤️‍💋‍👨🏻	قبلة: رجل ورجل أشخاص تقبيل ثنائي حب حبيبي رومانس رومانسية رومنس زوج عيد زواج غرام قبلة قلب موعد جسم	kiss: man, light skin tone man anniversary babe bae couple date dating heart kiss love mwah person romance together xoxo people body
👨🏻‍❤️‍💋‍👨🏼	قبلة: رجل ورجل أشخاص تقبيل ثنائي حب حبيبي رومانس رومانسية رومنس زوج عيد زواج غرام قبلة قلب موعد جسم	kiss: man, light skin tone, medium-light tone man anniversary babe bae couple date dating heart kiss love mwah person romance together xoxo people body
👨🏻‍❤️‍💋‍👨🏽	قبلة: رجل ورجل أشخاص تقبيل ثنائي حب حبيبي رومانس رومانسية رومنس زوج عيد زواج غرام قبلة قلب موعد جسم	kiss: man, light skin tone, medium tone medium-light man anniversary babe bae couple date dating heart kiss love mwah person romance together xoxo people body
👨🏻‍❤️‍💋‍👨🏾	قبلة: رجل ورجل أشخاص تقبيل ثنائي حب حبيبي رومانس رومانسية رومنس زوج عيد زواج غرام قبلة قلب موعد جسم	kiss: man, light skin tone, medium-dark tone medium medium-light man anniversary babe bae couple date dating heart kiss love mwah person romance together xoxo people body
👨🏻‍❤️‍💋‍👨🏿	قبلة: رجل ورجل أشخاص تقبيل ثنائي حب حبيبي رومانس رومانسية رومنس زوج عيد زواج غرام قبلة قلب موعد جسم	kiss: man, light skin tone, dark tone medium-dark medium medium-light man anniversary babe bae couple date dating heart kiss love mwah person romance together xoxo people body
👨🏼‍❤️‍💋‍👨🏻	قبلة: رجل ورجل أشخاص تقبيل ثنائي حب حبيبي رومانس رومانسية رومنس زوج عيد زواج غرام قبلة قلب موعد جسم	kiss: man, medium-light skin tone, light tone dark medium-dark medium man anniversary babe bae couple date dating heart kiss love mwah person romance together xoxo people body
👨🏼‍❤️‍💋‍👨🏼	قبلة: رجل ورجل أشخاص تقبيل ثنائي حب حبيبي رومانس رومانسية رومنس زوج عيد زواج غرام قبلة قلب موعد جسم	kiss: man, medium-light skin tone tone, light dark medium-dark medium man anniversary babe bae couple date dating heart kiss love mwah person romance together xoxo people body
👨🏼‍❤️‍💋‍👨🏽	قبلة: رجل ورجل أشخاص تقبيل ثنائي حب حبيبي رومانس رومانسية رومنس زوج عيد زواج غرام قبلة قلب موعد جسم	kiss: man, medium-light skin tone, medium tone light dark medium-dark man anniversary babe bae couple date dating heart kiss love mwah person romance together xoxo people body
👨🏼‍❤️‍💋‍👨🏾	قبلة: رجل ورجل أشخاص تقبيل ثنائي حب حبيبي رومانس رومانسية رومنس زوج عيد زواج غرام قبلة قلب موعد جسم	kiss: man, medium-light skin tone, medium-dark tone medium light dark man anniversary babe bae couple date dating heart kiss love mwah person romance together xoxo people body
👨🏼‍❤️‍💋‍👨🏿	قبلة: رجل ورجل أشخاص تقبيل ثنائي حب حبيبي رومانس رومانسية رومنس زوج عيد زواج غرام قبلة قلب موعد جسم	kiss: man, medium-light skin tone, dark tone medium-dark medium light man anniversary babe bae couple date dating heart kiss love mwah person romance together xoxo people body
👨🏽‍❤️‍💋‍👨🏻	قبلة: رجل ورجل أشخاص تقبيل ثنائي حب حبيبي رومانس رومانسية رومنس زوج عيد زواج غرام قبلة قلب موعد جسم	kiss: man, medium skin tone, light tone medium-light dark medium-dark man anniversary babe bae couple date dating heart kiss love mwah person romance together xoxo people body
👨🏽‍❤️‍💋‍👨🏼	قبلة: رجل ورجل أشخاص تقبيل ثنائي حب حبيبي رومانس رومانسية رومنس زوج عيد زواج غرام قبلة قلب موعد جسم	kiss: man, medium skin tone, medium-light tone light dark medium-dark man anniversary babe bae couple date dating heart kiss love mwah person romance together xoxo people body
👨🏽‍❤️‍💋‍👨🏽	قبلة: رجل ورجل أشخاص تقبيل ثنائي حب حبيبي رومانس رومانسية رومنس زوج عيد زواج غرام قبلة قلب موعد جسم	kiss: man, medium skin tone tone, medium-light light dark medium-dark man anniversary babe bae couple date dating heart kiss love mwah person romance together xoxo people body
👨🏽‍❤️‍💋‍👨🏾	قبلة: رجل ورجل أشخاص تقبيل ثنائي حب حبيبي رومانس رومانسية رومنس زوج عيد زواج غرام قبلة قلب موعد جسم	kiss: man, medium skin tone, medium-dark tone medium-light light dark man anniversary babe bae couple date dating heart kiss love mwah person romance together xoxo people body
👨🏽‍❤️‍💋‍👨🏿	قبلة: رجل ورجل أشخاص تقبيل ثنائي حب حبيبي رومانس رومانسية رومنس زوج عيد زواج غرام قبلة قلب موعد جسم	kiss: man, medium skin tone, dark tone medium-dark medium-light light man anniversary babe bae couple date dating heart kiss love mwah person romance together xoxo people body
👨🏾‍❤️‍💋‍👨🏻	قبلة: رجل ورجل أشخاص تقبيل ثنائي حب حبيبي رومانس رومانسية رومنس زوج عيد زواج غرام قبلة قلب موعد جسم	kiss: man, medium-dark skin tone, light tone medium dark medium-light man anniversary babe bae couple date dating heart kiss love mwah person romance together xoxo people body
👨🏾‍❤️‍💋‍👨🏼	قبلة: رجل ورجل أشخاص تقبيل ثنائي حب حبيبي رومانس رومانسية رومنس زوج عيد زواج غرام قبلة قلب موعد جسم	kiss: man, medium-dark skin tone, medium-light tone light medium dark man anniversary babe bae couple date dating heart kiss love mwah person romance together xoxo people body
👨🏾‍❤️‍💋‍👨🏽	قبلة: رجل ورجل أشخاص تقبيل ثنائي حب حبيبي رومانس رومانسية رومنس زوج عيد زواج غرام قبلة قلب موعد جسم	kiss: man, medium-dark skin tone, medium tone medium-light light dark man anniversary babe bae couple date dating heart kiss love mwah person romance together xoxo people body
👨🏾‍❤️‍💋‍👨🏾	قبلة: رجل ورجل أشخاص تقبيل ثنائي حب حبيبي رومانس رومانسية رومنس زوج عيد زواج غرام قبلة قلب موعد جسم	kiss: man, medium-dark skin tone tone, medium medium-light light dark man anniversary babe bae couple date dating heart kiss love mwah person romance together xoxo people body
👨🏾‍❤️‍💋‍👨🏿	قبلة: رجل ورجل أشخاص تقبيل ثنائي حب حبيبي رومانس رومانسية رومنس زوج عيد زواج غرام قبلة قلب موعد جسم	kiss: man, medium-dark skin tone, dark tone medium medium-light light man anniversary babe bae couple date dating heart kiss love mwah person romance together xoxo people body
👨🏿‍❤️‍💋‍👨🏻	قبلة: رجل ورجل أشخاص تقبيل ثنائي حب حبيبي رومانس رومانسية رومنس زوج عيد زواج غرام قبلة قلب موعد جسم	kiss: man, dark skin tone, light tone medium-dark medium medium-light man anniversary babe bae couple date dating heart kiss love mwah person romance together xoxo people body
👨🏿‍❤️‍💋‍👨🏼	قبلة: رجل ورجل أشخاص تقبيل ثنائي حب حبيبي رومانس رومانسية رومنس زوج عيد زواج غرام قبلة قلب موعد جسم	kiss: man, dark skin tone, medium-light tone light medium-dark medium man anniversary babe bae couple date dating heart kiss love mwah person romance together xoxo people body
👨🏿‍❤️‍💋‍👨🏽	قبلة: رجل ورجل أشخاص تقبيل ثنائي حب حبيبي رومانس رومانسية رومنس زوج عيد زواج غرام قبلة قلب موعد جسم	kiss: man, dark skin tone, medium tone medium-light light medium-dark man anniversary babe bae couple date dating heart kiss love mwah person romance together xoxo people body
👨🏿‍❤️‍💋‍👨🏾	قبلة: رجل ورجل أشخاص تقبيل ثنائي حب حبيبي رومانس رومانسية رومنس زوج عيد زواج غرام قبلة قلب موعد جسم	kiss: man, dark skin tone, medium-dark tone medium medium-light light man anniversary babe bae couple date dating heart kiss love mwah person romance together xoxo people body
👨🏿‍❤️‍💋‍👨🏿	قبلة: رجل ورجل أشخاص تقبيل ثنائي حب حبيبي رومانس رومانسية رومنس زوج عيد زواج غرام قبلة قلب موعد جسم	kiss: man, dark skin tone tone, medium-dark medium medium-light light man anniversary babe bae couple date dating heart kiss love mwah person romance together xoxo people body
👩‍❤️‍💋‍👩	قبلة: سيدة وسيدة أشخاص تقبيل ثنائي حب حبيبي رومانس رومانسية رومنس زوج عيد زواج غرام قبلة قلب موعد جسم	kiss: woman, woman anniversary babe bae couple date dating heart kiss love mwah person romance together xoxo people body
👩🏻‍❤️‍💋‍👩🏻	قبلة: سيدة وسيدة أشخاص تقبيل ثنائي حب حبيبي رومانس رومانسية رومنس زوج عيد زواج غرام قبلة قلب موعد جسم	kiss: woman, light skin tone woman anniversary babe bae couple date dating heart kiss love mwah person romance together xoxo people body
👩🏻‍❤️‍💋‍👩🏼	قبلة: سيدة وسيدة أشخاص تقبيل ثنائي حب حبيبي رومانس رومانسية رومنس زوج عيد زواج غرام قبلة قلب موعد جسم	kiss: woman, light skin tone, medium-light tone woman anniversary babe bae couple date dating heart kiss love mwah person romance together xoxo people body
👩🏻‍❤️‍💋‍👩🏽	قبلة: سيدة وسيدة أشخاص تقبيل ثنائي حب حبيبي رومانس رومانسية رومنس زوج عيد زواج غرام قبلة قلب موعد جسم	kiss: woman, light skin tone, medium tone medium-light woman anniversary babe bae couple date dating heart kiss love mwah person romance together xoxo people body
👩🏻‍❤️‍💋‍👩🏾	قبلة: سيدة وسيدة أشخاص تقبيل ثنائي حب حبيبي رومانس رومانسية رومنس زوج عيد زواج غرام قبلة قلب موعد جسم	kiss: woman, light skin tone, medium-dark tone medium medium-light woman anniversary babe bae couple date dating heart kiss love mwah person romance together xoxo people body
👩🏻‍❤️‍💋‍👩🏿	قبلة: سيدة وسيدة أشخاص تقبيل ثنائي حب حبيبي رومانس رومانسية رومنس زوج عيد زواج غرام قبلة قلب موعد جسم	kiss: woman, light skin tone, dark tone medium-dark medium medium-light woman anniversary babe bae couple date dating heart kiss love mwah person romance together xoxo people body
👩🏼‍❤️‍💋‍👩🏻	قبلة: سيدة وسيدة أشخاص تقبيل ثنائي حب حبيبي رومانس رومانسية رومنس زوج عيد زواج غرام قبلة قلب موعد جسم	kiss: woman, medium-light skin tone, light tone dark medium-dark medium woman anniversary babe bae couple date dating heart kiss love mwah person romance together xoxo people body
👩🏼‍❤️‍💋‍👩🏼	قبلة: سيدة وسيدة أشخاص تقبيل ثنائي حب حبيبي رومانس رومانسية رومنس زوج عيد زواج غرام قبلة قلب موعد جسم	kiss: woman, medium-light skin tone tone, light dark medium-dark medium woman anniversary babe bae couple date dating heart kiss love mwah person romance together xoxo people body
👩🏼‍❤️‍💋‍👩🏽	قبلة: سيدة وسيدة أشخاص تقبيل ثنائي حب حبيبي رومانس رومانسية رومنس زوج عيد زواج غرام قبلة قلب موعد جسم	kiss: woman, medium-light skin tone, medium tone light dark medium-dark woman anniversary babe bae couple date dating heart kiss love mwah person romance together xoxo people body
👩🏼‍❤️‍💋‍👩🏾	قبلة: سيدة وسيدة أشخاص تقبيل ثنائي حب حبيبي رومانس رومانسية رومنس زوج عيد زواج غرام قبلة قلب موعد جسم	kiss: woman, medium-light skin tone, medium-dark tone medium light dark woman anniversary babe bae couple date dating heart kiss love mwah person romance together xoxo people body
👩🏼‍❤️‍💋‍👩🏿	قبلة: سيدة وسيدة أشخاص تقبيل ثنائي حب حبيبي رومانس رومانسية رومنس زوج عيد زواج غرام قبلة قلب موعد جسم	kiss: woman, medium-light skin tone, dark tone medium-dark medium light woman anniversary babe bae couple date dating heart kiss love mwah person romance together xoxo people body
👩🏽‍❤️‍💋‍👩🏻	قبلة: سيدة وسيدة أشخاص تقبيل ثنائي حب حبيبي رومانس رومانسية رومنس زوج عيد زواج غرام قبلة قلب موعد جسم	kiss: woman, medium skin tone, light tone medium-light dark medium-dark woman anniversary babe bae couple date dating heart kiss love mwah person romance together xoxo people body
👩🏽‍❤️‍💋‍👩🏼	قبلة: سيدة وسيدة أشخاص تقبيل ثنائي حب حبيبي رومانس رومانسية رومنس زوج عيد زواج غرام قبلة قلب موعد جسم	kiss: woman, medium skin tone, medium-light tone light dark medium-dark woman anniversary babe bae couple date dating heart kiss love mwah person romance together xoxo people body
👩🏽‍❤️‍💋‍👩🏽	قبلة: سيدة وسيدة أشخاص تقبيل ثنائي حب حبيبي رومانس رومانسية رومنس زوج عيد زواج غرام قبلة قلب موعد جسم	kiss: woman, medium skin tone tone, medium-light light dark medium-dark woman anniversary babe bae couple date dating heart kiss love mwah person romance together xoxo people body
👩🏽‍❤️‍💋‍👩🏾	قبلة: سيدة وسيدة أشخاص تقبيل ثنائي حب حبيبي رومانس رومانسية رومنس زوج عيد زواج غرام قبلة قلب موعد جسم	kiss: woman, medium skin tone, medium-dark tone medium-light light dark woman anniversary babe bae couple date dating heart kiss love mwah person romance together xoxo people body
👩🏽‍❤️‍💋‍👩🏿	قبلة: سيدة وسيدة أشخاص تقبيل ثنائي حب حبيبي رومانس رومانسية رومنس زوج عيد زواج غرام قبلة قلب موعد جسم	kiss: woman, medium skin tone, dark tone medium-dark medium-light light woman anniversary babe bae couple date dating heart kiss love mwah person romance together xoxo people body
👩🏾‍❤️‍💋‍👩🏻	قبلة: سيدة وسيدة أشخاص تقبيل ثنائي حب حبيبي رومانس رومانسية رومنس زوج عيد زواج غرام قبلة قلب موعد جسم	kiss: woman, medium-dark skin tone, light tone medium dark medium-light woman anniversary babe bae couple date dating heart kiss love mwah person romance together xoxo people body
👩🏾‍❤️‍💋‍👩🏼	قبلة: سيدة وسيدة أشخاص تقبيل ثنائي حب حبيبي رومانس رومانسية رومنس زوج عيد زواج غرام قبلة قلب موعد جسم	kiss: woman, medium-dark skin tone, medium-light tone light medium dark woman anniversary babe bae couple date dating heart kiss love mwah person romance together xoxo people body
👩🏾‍❤️‍💋‍👩🏽	قبلة: سيدة وسيدة أشخاص تقبيل ثنائي حب حبيبي رومانس رومانسية رومنس زوج عيد زواج غرام قبلة قلب موعد جسم	kiss: woman, medium-dark skin tone, medium tone medium-light light dark woman anniversary babe bae couple date dating heart kiss love mwah person romance together xoxo people body
👩🏾‍❤️‍💋‍👩🏾	قبلة: سيدة وسيدة أشخاص تقبيل ثنائي حب حبيبي رومانس رومانسية رومنس زوج عيد زواج غرام قبلة قلب موعد جسم	kiss: woman, medium-dark skin tone tone, medium medium-light light dark woman anniversary babe bae couple date dating heart kiss love mwah person romance together xoxo people body
👩🏾‍❤️‍💋‍👩🏿	قبلة: سيدة وسيدة أشخاص تقبيل ثنائي حب حبيبي رومانس رومانسية رومنس زوج عيد زواج غرام قبلة قلب موعد جسم	kiss: woman, medium-dark skin tone, dark tone medium medium-light light woman anniversary babe bae couple date dating heart kiss love mwah person romance together xoxo people body
👩🏿‍❤️‍💋‍👩🏻	قبلة: سيدة وسيدة أشخاص تقبيل ثنائي حب حبيبي رومانس رومانسية رومنس زوج عيد زواج غرام قبلة قلب موعد جسم	kiss: woman, dark skin tone, light tone medium-dark medium medium-light woman anniversary babe bae couple date dating heart kiss love mwah person romance together xoxo people body
👩🏿‍❤️‍💋‍👩🏼	قبلة: سيدة وسيدة أشخاص تقبيل ثنائي حب حبيبي رومانس رومانسية رومنس زوج عيد زواج غرام قبلة قلب موعد جسم	kiss: woman, dark skin tone, medium-light tone light medium-dark medium woman anniversary babe bae couple date dating heart kiss love mwah person romance together xoxo people body
👩🏿‍❤️‍💋‍👩🏽	قبلة: سيدة وسيدة أشخاص تقبيل ثنائي حب حبيبي رومانس رومانسية رومنس زوج عيد زواج غرام قبلة قلب موعد جسم	kiss: woman, dark skin tone, medium tone medium-light light medium-dark woman anniversary babe bae couple date dating heart kiss love mwah person romance together xoxo people body
👩🏿‍❤️‍💋‍👩🏾	قبلة: سيدة وسيدة أشخاص تقبيل ثنائي حب حبيبي رومانس رومانسية رومنس زوج عيد زواج غرام قبلة قلب موعد جسم	kiss: woman, dark skin tone, medium-dark tone medium medium-light light woman anniversary babe bae couple date dating heart kiss love mwah person romance together xoxo people body
👩🏿‍❤️‍💋‍👩🏿	قبلة: سيدة وسيدة أشخاص تقبيل ثنائي حب حبيبي رومانس رومانسية رومنس زوج عيد زواج غرام قبلة قلب موعد جسم	kiss: woman, dark skin tone tone, medium-dark medium medium-light light woman anniversary babe bae couple date dating heart kiss love mwah person romance together xoxo people body
💑	زوج وقلب أشخاص ثنائي حب حبيبي رومانس رومانسية رومنس غرام قلب جسم	couple with heart anniversary babe bae dating kiss love person relationship romance together you people body
💑🏻	زوج وقلب: بشرة بلون فاتح أشخاص ثنائي حب حبيبي رومانس رومانسية رومنس وقلب غرام قلب جسم	couple with heart: light skin tone anniversary babe bae dating heart kiss love person relationship romance together you people body
💑🏼	زوج وقلب: بشرة بلون فاتح ومعتدل أشخاص ثنائي حب حبيبي رومانس رومانسية رومنس وقلب غرام قلب جسم	couple with heart: medium-light skin tone anniversary babe bae dating heart kiss love person relationship romance together you people body
💑🏽	زوج وقلب: بشرة بلون معتدل أشخاص ثنائي حب حبيبي رومانس رومانسية رومنس وقلب غرام قلب جسم	couple with heart: medium skin tone anniversary babe bae dating heart kiss love person relationship romance together you people body
💑🏾	زوج وقلب: بشرة بلون معتدل مائل للغامق أشخاص ثنائي حب حبيبي رومانس رومانسية رومنس وقلب غرام قلب جسم	couple with heart: medium-dark skin tone anniversary babe bae dating heart kiss love person relationship romance together you people body
💑🏿	زوج وقلب: بشرة بلون غامق أشخاص ثنائي حب حبيبي رومانس رومانسية رومنس وقلب غرام قلب جسم	couple with heart: dark skin tone anniversary babe bae dating heart kiss love person relationship romance together you people body
🧑🏻‍❤️‍🧑🏼	أشخاص جسم	couple with heart: person, light skin tone, medium-light tone people body
🧑🏻‍❤️‍🧑🏽	أشخاص جسم	couple with heart: person, light skin tone, medium tone people body
🧑🏻‍❤️‍🧑🏾	أشخاص جسم	couple with heart: person, light skin tone, medium-dark tone people body
🧑🏻‍❤️‍🧑🏿	أشخاص جسم	couple with heart: person, light skin tone, dark tone people body
🧑🏼‍❤️‍🧑🏻	أشخاص جسم	couple with heart: person, medium-light skin tone, light tone people body
🧑🏼‍❤️‍🧑🏽	أشخاص جسم	couple with heart: person, medium-light skin tone, medium tone people body
🧑🏼‍❤️‍🧑🏾	أشخاص جسم	couple with heart: person, medium-light skin tone, medium-dark tone people body
🧑🏼‍❤️‍🧑🏿	أشخاص جسم	couple with heart: person, medium-light skin tone, dark tone people body
🧑🏽‍❤️‍🧑🏻	أشخاص جسم	couple with heart: person, medium skin tone, light tone people body
🧑🏽‍❤️‍🧑🏼	أشخاص جسم	couple with heart: person, medium skin tone, medium-light tone people body
🧑🏽‍❤️‍🧑🏾	أشخاص جسم	couple with heart: person, medium skin tone, medium-dark tone people body
🧑🏽‍❤️‍🧑🏿	أشخاص جسم	couple with heart: person, medium skin tone, dark tone people body
🧑🏾‍❤️‍🧑🏻	أشخاص جسم	couple with heart: person, medium-dark skin tone, light tone people body
🧑🏾‍❤️‍🧑🏼	أشخاص جسم	couple with heart: person, medium-dark skin tone, medium-light tone people body
🧑🏾‍❤️‍🧑🏽	أشخاص جسم	couple with heart: person, medium-dark skin tone, medium tone people body
🧑🏾‍❤️‍🧑🏿	أشخاص جسم	couple with heart: person, medium-dark skin tone, dark tone people body
🧑🏿‍❤️‍🧑🏻	أشخاص جسم	couple with heart: person, dark skin tone, light tone people body
🧑🏿‍❤️‍🧑🏼	أشخاص جسم	couple with heart: person, dark skin tone, medium-light tone people body
🧑🏿‍❤️‍🧑🏽	أشخاص جسم	couple with heart: person, dark skin tone, medium tone people body
🧑🏿‍❤️‍🧑🏾	أشخاص جسم	couple with heart: person, dark skin tone, medium-dark tone people body
👩‍❤️‍👨	زوج وقلب: سيدة ورجل أشخاص ثنائي حب حبيبي رجل رومانس رومانسية رومنس وقلب غرام قلب جسم	couple with heart: woman, man anniversary babe bae dating heart kiss love person relationship romance together woman you people body
👩🏻‍❤️‍👨🏻	زوج وقلب: سيدة ورجل أشخاص ثنائي حب حبيبي رجل رومانس رومانسية رومنس وقلب غرام قلب جسم	couple with heart: woman, man, light skin tone man anniversary babe bae dating heart kiss love person relationship romance together woman you people body
👩🏻‍❤️‍👨🏼	زوج وقلب: سيدة ورجل أشخاص ثنائي حب حبيبي رجل رومانس رومانسية رومنس وقلب غرام قلب جسم	couple with heart: woman, man, light skin tone, medium-light tone man anniversary babe bae dating heart kiss love person relationship romance together woman you people body
👩🏻‍❤️‍👨🏽	زوج وقلب: سيدة ورجل أشخاص ثنائي حب حبيبي رجل رومانس رومانسية رومنس وقلب غرام قلب جسم	couple with heart: woman, man, light skin tone, medium tone medium-light man anniversary babe bae dating heart kiss love person relationship romance together woman you people body
👩🏻‍❤️‍👨🏾	زوج وقلب: سيدة ورجل أشخاص ثنائي حب حبيبي رجل رومانس رومانسية رومنس وقلب غرام قلب جسم	couple with heart: woman, man, light skin tone, medium-dark tone medium medium-light man anniversary babe bae dating heart kiss love person relationship romance together woman you people body
👩🏻‍❤️‍👨🏿	زوج وقلب: سيدة ورجل أشخاص ثنائي حب حبيبي رجل رومانس رومانسية رومنس وقلب غرام قلب جسم	couple with heart: woman, man, light skin tone, dark tone medium-dark medium medium-light man anniversary babe bae dating heart kiss love person relationship romance together woman you people body
👩🏼‍❤️‍👨🏻	زوج وقلب: سيدة ورجل أشخاص ثنائي حب حبيبي رجل رومانس رومانسية رومنس وقلب غرام قلب جسم	couple with heart: woman, man, medium-light skin tone, light tone dark medium-dark medium man anniversary babe bae dating heart kiss love person relationship romance together woman you people body
👩🏼‍❤️‍👨🏼	زوج وقلب: سيدة ورجل أشخاص ثنائي حب حبيبي رجل رومانس رومانسية رومنس وقلب غرام قلب جسم	couple with heart: woman, man, medium-light skin tone tone, light dark medium-dark medium man anniversary babe bae dating heart kiss love person relationship romance together woman you people body
👩🏼‍❤️‍👨🏽	زوج وقلب: سيدة ورجل أشخاص ثنائي حب حبيبي رجل رومانس رومانسية رومنس وقلب غرام قلب جسم	couple with heart: woman, man, medium-light skin tone, medium tone light dark medium-dark man anniversary babe bae dating heart kiss love person relationship romance together woman you people body
👩🏼‍❤️‍👨🏾	زوج وقلب: سيدة ورجل أشخاص ثنائي حب حبيبي رجل رومانس رومانسية رومنس وقلب غرام قلب جسم	couple with heart: woman, man, medium-light skin tone, medium-dark tone medium light dark man anniversary babe bae dating heart kiss love person relationship romance together woman you people body
👩🏼‍❤️‍👨🏿	زوج وقلب: سيدة ورجل أشخاص ثنائي حب حبيبي رجل رومانس رومانسية رومنس وقلب غرام قلب جسم	couple with heart: woman, man, medium-light skin tone, dark tone medium-dark medium light man anniversary babe bae dating heart kiss love person relationship romance together woman you people body
👩🏽‍❤️‍👨🏻	زوج وقلب: سيدة ورجل أشخاص ثنائي حب حبيبي رجل رومانس رومانسية رومنس وقلب غرام قلب جسم	couple with heart: woman, man, medium skin tone, light tone medium-light dark medium-dark man anniversary babe bae dating heart kiss love person relationship romance together woman you people body
👩🏽‍❤️‍👨🏼	زوج وقلب: سيدة ورجل أشخاص ثنائي حب حبيبي رجل رومانس رومانسية رومنس وقلب غرام قلب جسم	couple with heart: woman, man, medium skin tone, medium-light tone light dark medium-dark man anniversary babe bae dating heart kiss love person relationship romance together woman you people body
👩🏽‍❤️‍👨🏽	زوج وقلب: سيدة ورجل أشخاص ثنائي حب حبيبي رجل رومانس رومانسية رومنس وقلب غرام قلب جسم	couple with heart: woman, man, medium skin tone tone, medium-light light dark medium-dark man anniversary babe bae dating heart kiss love person relationship romance together woman you people body
👩🏽‍❤️‍👨🏾	زوج وقلب: سيدة ورجل أشخاص ثنائي حب حبيبي رجل رومانس رومانسية رومنس وقلب غرام قلب جسم	couple with heart: woman, man, medium skin tone, medium-dark tone medium-light light dark man anniversary babe bae dating heart kiss love person relationship romance together woman you people body
👩🏽‍❤️‍👨🏿	زوج وقلب: سيدة ورجل أشخاص ثنائي حب حبيبي رجل رومانس رومانسية رومنس وقلب غرام قلب جسم	couple with heart: woman, man, medium skin tone, dark tone medium-dark medium-light light man anniversary babe bae dating heart kiss love person relationship romance together woman you people body
👩🏾‍❤️‍👨🏻	زوج وقلب: سيدة ورجل أشخاص ثنائي حب حبيبي رجل رومانس رومانسية رومنس وقلب غرام قلب جسم	couple with heart: woman, man, medium-dark skin tone, light tone medium dark medium-light man anniversary babe bae dating heart kiss love person relationship romance together woman you people body
👩🏾‍❤️‍👨🏼	زوج وقلب: سيدة ورجل أشخاص ثنائي حب حبيبي رجل رومانس رومانسية رومنس وقلب غرام قلب جسم	couple with heart: woman, man, medium-dark skin tone, medium-light tone light medium dark man anniversary babe bae dating heart kiss love person relationship romance together woman you people body
👩🏾‍❤️‍👨🏽	زوج وقلب: سيدة ورجل أشخاص ثنائي حب حبيبي رجل رومانس رومانسية رومنس وقلب غرام قلب جسم	couple with heart: woman, man, medium-dark skin tone, medium tone medium-light light dark man anniversary babe bae dating heart kiss love person relationship romance together woman you people body
👩🏾‍❤️‍👨🏾	زوج وقلب: سيدة ورجل أشخاص ثنائي حب حبيبي رجل رومانس رومانسية رومنس وقلب غرام قلب جسم	couple with heart: woman, man, medium-dark skin tone tone, medium medium-light light dark man anniversary babe bae dating heart kiss love person relationship romance together woman you people body
👩🏾‍❤️‍👨🏿	زوج وقلب: سيدة ورجل أشخاص ثنائي حب حبيبي رجل رومانس رومانسية رومنس وقلب غرام قلب جسم	couple with heart: woman, man, medium-dark skin tone, dark tone medium medium-light light man anniversary babe bae dating heart kiss love person relationship romance together woman you people body
👩🏿‍❤️‍👨🏻	زوج وقلب: سيدة ورجل أشخاص ثنائي حب حبيبي رجل رومانس رومانسية رومنس وقلب غرام قلب جسم	couple with heart: woman, man, dark skin tone, light tone medium-dark medium medium-light man anniversary babe bae dating heart kiss love person relationship romance together woman you people body
👩🏿‍❤️‍👨🏼	زوج وقلب: سيدة ورجل أشخاص ثنائي حب حبيبي رجل رومانس رومانسية رومنس وقلب غرام قلب جسم	couple with heart: woman, man, dark skin tone, medium-light tone light medium-dark medium man anniversary babe bae dating heart kiss love person relationship romance together woman you people body
👩🏿‍❤️‍👨🏽	زوج وقلب: سيدة ورجل أشخاص ثنائي حب حبيبي رجل رومانس رومانسية رومنس وقلب غرام قلب جسم	couple with heart: woman, man, dark skin tone, medium tone medium-light light medium-dark man anniversary babe bae dating heart kiss love person relationship romance together woman you people body
👩🏿‍❤️‍👨🏾	زوج وقلب: سيدة ورجل أشخاص ثنائي حب حبيبي رجل رومانس رومانسية رومنس وقلب غرام قلب جسم	couple with heart: woman, man, dark skin tone, medium-dark tone medium medium-light light man anniversary babe bae dating heart kiss love person relationship romance together woman you people body
👩🏿‍❤️‍👨🏿	زوج وقلب: سيدة ورجل أشخاص ثنائي حب حبيبي رجل رومانس رومانسية رومنس وقلب غرام قلب جسم	couple with heart: woman, man, dark skin tone tone, medium-dark medium medium-light light man anniversary babe bae dating heart kiss love person relationship romance together woman you people body
👨‍❤️‍👨	زوج وقلب: رجل ورجل أشخاص ثنائي حب حبيبي رومانس رومانسية رومنس وقلب غرام قلب جسم	couple with heart: man, man anniversary babe bae dating heart kiss love person relationship romance together you people body
👨🏻‍❤️‍👨🏻	زوج وقلب: رجل ورجل أشخاص ثنائي حب حبيبي رومانس رومانسية رومنس وقلب غرام قلب جسم	couple with heart: man, light skin tone man anniversary babe bae dating heart kiss love person relationship romance together you people body
👨🏻‍❤️‍👨🏼	زوج وقلب: رجل ورجل أشخاص ثنائي حب حبيبي رومانس رومانسية رومنس وقلب غرام قلب جسم	couple with heart: man, light skin tone, medium-light tone man anniversary babe bae dating heart kiss love person relationship romance together you people body
👨🏻‍❤️‍👨🏽	زوج وقلب: رجل ورجل أشخاص ثنائي حب حبيبي رومانس رومانسية رومنس وقلب غرام قلب جسم	couple with heart: man, light skin tone, medium tone medium-light man anniversary babe bae dating heart kiss love person relationship romance together you people body
👨🏻‍❤️‍👨🏾	زوج وقلب: رجل ورجل أشخاص ثنائي حب حبيبي رومانس رومانسية رومنس وقلب غرام قلب جسم	couple with heart: man, light skin tone, medium-dark tone medium medium-light man anniversary babe bae dating heart kiss love person relationship romance together you people body
👨🏻‍❤️‍👨🏿	زوج وقلب: رجل ورجل أشخاص ثنائي حب حبيبي رومانس رومانسية رومنس وقلب غرام قلب جسم	couple with heart: man, light skin tone, dark tone medium-dark medium medium-light man anniversary babe bae dating heart kiss love person relationship romance together you people body
👨🏼‍❤️‍👨🏻	زوج وقلب: رجل ورجل أشخاص ثنائي حب حبيبي رومانس رومانسية رومنس وقلب غرام قلب جسم	couple with heart: man, medium-light skin tone, light tone dark medium-dark medium man anniversary babe bae dating heart kiss love person relationship romance together you people body
👨🏼‍❤️‍👨🏼	زوج وقلب: رجل ورجل أشخاص ثنائي حب حبيبي رومانس رومانسية رومنس وقلب غرام قلب جسم	couple with heart: man, medium-light skin tone tone, light dark medium-dark medium man anniversary babe bae dating heart kiss love person relationship romance together you people body
👨🏼‍❤️‍👨🏽	زوج وقلب: رجل ورجل أشخاص ثنائي حب حبيبي رومانس رومانسية رومنس وقلب غرام قلب جسم	couple with heart: man, medium-light skin tone, medium tone light dark medium-dark man anniversary babe bae dating heart kiss love person relationship romance together you people body
👨🏼‍❤️‍👨🏾	زوج وقلب: رجل ورجل أشخاص ثنائي حب حبيبي رومانس رومانسية رومنس وقلب غرام قلب جسم	couple with heart: man, medium-light skin tone, medium-dark tone medium light dark man anniversary babe bae dating heart kiss love person relationship romance together you people body
👨🏼‍❤️‍👨🏿	زوج وقلب: رجل ورجل أشخاص ثنائي حب حبيبي رومانس رومانسية رومنس وقلب غرام قلب جسم	couple with heart: man, medium-light skin tone, dark tone medium-dark medium light man anniversary babe bae dating heart kiss love person relationship romance together you people body
👨🏽‍❤️‍👨🏻	زوج وقلب: رجل ورجل أشخاص ثنائي حب حبيبي رومانس رومانسية رومنس وقلب غرام قلب جسم	couple with heart: man, medium skin tone, light tone medium-light dark medium-dark man anniversary babe bae dating heart kiss love person relationship romance together you people body
👨🏽‍❤️‍👨🏼	زوج وقلب: رجل ورجل أشخاص ثنائي حب حبيبي رومانس رومانسية رومنس وقلب غرام قلب جسم	couple with heart: man, medium skin tone, medium-light tone light dark medium-dark man anniversary babe bae dating heart kiss love person relationship romance together you people body
👨🏽‍❤️‍👨🏽	زوج وقلب: رجل ورجل أشخاص ثنائي حب حبيبي رومانس رومانسية رومنس وقلب غرام قلب جسم	couple with heart: man, medium skin tone tone, medium-light light dark medium-dark man anniversary babe bae dating heart kiss love person relationship romance together you people body
👨🏽‍❤️‍👨🏾	زوج وقلب: رجل ورجل أشخاص ثنائي حب حبيبي رومانس رومانسية رومنس وقلب غرام قلب جسم	couple with heart: man, medium skin tone, medium-dark tone medium-light light dark man anniversary babe bae dating heart kiss love person relationship romance together you people body
👨🏽‍❤️‍👨🏿	زوج وقلب: رجل ورجل أشخاص ثنائي حب حبيبي رومانس رومانسية رومنس وقلب غرام قلب جسم	couple with heart: man, medium skin tone, dark tone medium-dark medium-light light man anniversary babe bae dating heart kiss love person relationship romance together you people body
👨🏾‍❤️‍👨🏻	زوج وقلب: رجل ورجل أشخاص ثنائي حب حبيبي رومانس رومانسية رومنس وقلب غرام قلب جسم	couple with heart: man, medium-dark skin tone, light tone medium dark medium-light man anniversary babe bae dating heart kiss love person relationship romance together you people body
👨🏾‍❤️‍👨🏼	زوج وقلب: رجل ورجل أشخاص ثنائي حب حبيبي رومانس رومانسية رومنس وقلب غرام قلب جسم	couple with heart: man, medium-dark skin tone, medium-light tone light medium dark man anniversary babe bae dating heart kiss love person relationship romance together you people body
👨🏾‍❤️‍👨🏽	زوج وقلب: رجل ورجل أشخاص ثنائي حب حبيبي رومانس رومانسية رومنس وقلب غرام قلب جسم	couple with heart: man, medium-dark skin tone, medium tone medium-light light dark man anniversary babe bae dating heart kiss love person relationship romance together you people body
👨🏾‍❤️‍👨🏾	زوج وقلب: رجل ورجل أشخاص ثنائي حب حبيبي رومانس رومانسية رومنس وقلب غرام قلب جسم	couple with heart: man, medium-dark skin tone tone, medium medium-light light dark man anniversary babe bae dating heart kiss love person relationship romance together you people body
👨🏾‍❤️‍👨🏿	زوج وقلب: رجل ورجل أشخاص ثنائي حب حبيبي رومانس رومانسية رومنس وقلب غرام قلب جسم	couple with heart: man, medium-dark skin tone, dark tone medium medium-light light man anniversary babe bae dating heart kiss love person relationship romance together you people body
👨🏿‍❤️‍👨🏻	زوج وقلب: رجل ورجل أشخاص ثنائي حب حبيبي رومانس رومانسية رومنس وقلب غرام قلب جسم	couple with heart: man, dark skin tone, light tone medium-dark medium medium-light man anniversary babe bae dating heart kiss love person relationship romance together you people body
👨🏿‍❤️‍👨🏼	زوج وقلب: رجل ورجل أشخاص ثنائي حب حبيبي رومانس رومانسية رومنس وقلب غرام قلب جسم	couple with heart: man, dark skin tone, medium-light tone light medium-dark medium man anniversary babe bae dating heart kiss love person relationship romance together you people body
👨🏿‍❤️‍👨🏽	زوج وقلب: رجل ورجل أشخاص ثنائي حب حبيبي رومانس رومانسية رومنس وقلب غرام قلب جسم	couple with heart: man, dark skin tone, medium tone medium-light light medium-dark man anniversary babe bae dating heart kiss love person relationship romance together you people body
👨🏿‍❤️‍👨🏾	زوج وقلب: رجل ورجل أشخاص ثنائي حب حبيبي رومانس رومانسية رومنس وقلب غرام قلب جسم	couple with heart: man, dark skin tone, medium-dark tone medium medium-light light man anniversary babe bae dating heart kiss love person relationship romance together you people body
👨🏿‍❤️‍👨🏿	زوج وقلب: رجل ورجل أشخاص ثنائي حب حبيبي رومانس رومانسية رومنس وقلب غرام قلب جسم	couple with heart: man, dark skin tone tone, medium-dark medium medium-light light man anniversary babe bae dating heart kiss love person relationship romance together you people body
👩‍❤️‍👩	زوج وقلب: سيدة وسيدة أشخاص ثنائي حب حبيبي رومانس رومانسية رومنس وقلب غرام قلب جسم	couple with heart: woman, woman anniversary babe bae dating heart kiss love person relationship romance together you people body
👩🏻‍❤️‍👩🏻	زوج وقلب: سيدة وسيدة أشخاص ثنائي حب حبيبي رومانس رومانسية رومنس وقلب غرام قلب جسم	couple with heart: woman, light skin tone woman anniversary babe bae dating heart kiss love person relationship romance together you people body
👩🏻‍❤️‍👩🏼	زوج وقلب: سيدة وسيدة أشخاص ثنائي حب حبيبي رومانس رومانسية رومنس وقلب غرام قلب جسم	couple with heart: woman, light skin tone, medium-light tone woman anniversary babe bae dating heart kiss love person relationship romance together you people body
👩🏻‍❤️‍👩🏽	زوج وقلب: سيدة وسيدة أشخاص ثنائي حب حبيبي رومانس رومانسية رومنس وقلب غرام قلب جسم	couple with heart: woman, light skin tone, medium tone medium-light woman anniversary babe bae dating heart kiss love person relationship romance together you people body
👩🏻‍❤️‍👩🏾	زوج وقلب: سيدة وسيدة أشخاص ثنائي حب حبيبي رومانس رومانسية رومنس وقلب غرام قلب جسم	couple with heart: woman, light skin tone, medium-dark tone medium medium-light woman anniversary babe bae dating heart kiss love person relationship romance together you people body
👩🏻‍❤️‍👩🏿	زوج وقلب: سيدة وسيدة أشخاص ثنائي حب حبيبي رومانس رومانسية رومنس وقلب غرام قلب جسم	couple with heart: woman, light skin tone, dark tone medium-dark medium medium-light woman anniversary babe bae dating heart kiss love person relationship romance together you people body
👩🏼‍❤️‍👩🏻	زوج وقلب: سيدة وسيدة أشخاص ثنائي حب حبيبي رومانس رومانسية رومنس وقلب غرام قلب جسم	couple with heart: woman, medium-light skin tone, light tone dark medium-dark medium woman anniversary babe bae dating heart kiss love person relationship romance together you people body
👩🏼‍❤️‍👩🏼	زوج وقلب: سيدة وسيدة أشخاص ثنائي حب حبيبي رومانس رومانسية رومنس وقلب غرام قلب جسم	couple with heart: woman, medium-light skin tone tone, light dark medium-dark medium woman anniversary babe bae dating heart kiss love person relationship romance together you people body
👩🏼‍❤️‍👩🏽	زوج وقلب: سيدة وسيدة أشخاص ثنائي حب حبيبي رومانس رومانسية رومنس وقلب غرام قلب جسم	couple with heart: woman, medium-light skin tone, medium tone light dark medium-dark woman anniversary babe bae dating heart kiss love person relationship romance together you people body
👩🏼‍❤️‍👩🏾	زوج وقلب: سيدة وسيدة أشخاص ثنائي حب حبيبي رومانس رومانسية رومنس وقلب غرام قلب جسم	couple with heart: woman, medium-light skin tone, medium-dark tone medium light dark woman anniversary babe bae dating heart kiss love person relationship romance together you people body
👩🏼‍❤️‍👩🏿	زوج وقلب: سيدة وسيدة أشخاص ثنائي حب حبيبي رومانس رومانسية رومنس وقلب غرام قلب جسم	couple with heart: woman, medium-light skin tone, dark tone medium-dark medium light woman anniversary babe bae dating heart kiss love person relationship romance together you people body
👩🏽‍❤️‍👩🏻	زوج وقلب: سيدة وسيدة أشخاص ثنائي حب حبيبي رومانس رومانسية رومنس وقلب غرام قلب جسم	couple with heart: woman, medium skin tone, light tone medium-light dark medium-dark woman anniversary babe bae dating heart kiss love person relationship romance together you people body
👩🏽‍❤️‍👩🏼	زوج وقلب: سيدة وسيدة أشخاص ثنائي حب حبيبي رومانس رومانسية رومنس وقلب غرام قلب جسم	couple with heart: woman, medium skin tone, medium-light tone light dark medium-dark woman anniversary babe bae dating heart kiss love person relationship romance together you people body
👩🏽‍❤️‍👩🏽	زوج وقلب: سيدة وسيدة أشخاص ثنائي حب حبيبي رومانس رومانسية رومنس وقلب غرام قلب جسم	couple with heart: woman, medium skin tone tone, medium-light light dark medium-dark woman anniversary babe bae dating heart kiss love person relationship romance together you people body
👩🏽‍❤️‍👩🏾	زوج وقلب: سيدة وسيدة أشخاص ثنائي حب حبيبي رومانس رومانسية رومنس وقلب غرام قلب جسم	couple with heart: woman, medium skin tone, medium-dark tone medium-light light dark woman anniversary babe bae dating heart kiss love person relationship romance together you people body
👩🏽‍❤️‍👩🏿	زوج وقلب: سيدة وسيدة أشخاص ثنائي حب حبيبي رومانس رومانسية رومنس وقلب غرام قلب جسم	couple with heart: woman, medium skin tone, dark tone medium-dark medium-light light woman anniversary babe bae dating heart kiss love person relationship romance together you people body
👩🏾‍❤️‍👩🏻	زوج وقلب: سيدة وسيدة أشخاص ثنائي حب حبيبي رومانس رومانسية رومنس وقلب غرام قلب جسم	couple with heart: woman, medium-dark skin tone, light tone medium dark medium-light woman anniversary babe bae dating heart kiss love person relationship romance together you people body
👩🏾‍❤️‍👩🏼	زوج وقلب: سيدة وسيدة أشخاص ثنائي حب حبيبي رومانس رومانسية رومنس وقلب غرام قلب جسم	couple with heart: woman, medium-dark skin tone, medium-light tone light medium dark woman anniversary babe bae dating heart kiss love person relationship romance together you people body
👩🏾‍❤️‍👩🏽	زوج وقلب: سيدة وسيدة أشخاص ثنائي حب حبيبي رومانس رومانسية رومنس وقلب غرام قلب جسم	couple with heart: woman, medium-dark skin tone, medium tone medium-light light dark woman anniversary babe bae dating heart kiss love person relationship romance together you people body
👩🏾‍❤️‍👩🏾	زوج وقلب: سيدة وسيدة أشخاص ثنائي حب حبيبي رومانس رومانسية رومنس وقلب غرام قلب جسم	couple with heart: woman, medium-dark skin tone tone, medium medium-light light dark woman anniversary babe bae dating heart kiss love person relationship romance together you people body
👩🏾‍❤️‍👩🏿	زوج وقلب: سيدة وسيدة أشخاص ثنائي حب حبيبي رومانس رومانسية رومنس وقلب غرام قلب جسم	couple with heart: woman, medium-dark skin tone, dark tone medium medium-light light woman anniversary babe bae dating heart kiss love person relationship romance together you people body
👩🏿‍❤️‍👩🏻	زوج وقلب: سيدة وسيدة أشخاص ثنائي حب حبيبي رومانس رومانسية رومنس وقلب غرام قلب جسم	couple with heart: woman, dark skin tone, light tone medium-dark medium medium-light woman anniversary babe bae dating heart kiss love person relationship romance together you people body
👩🏿‍❤️‍👩🏼	زوج وقلب: سيدة وسيدة أشخاص ثنائي حب حبيبي رومانس رومانسية رومنس وقلب غرام قلب جسم	couple with heart: woman, dark skin tone, medium-light tone light medium-dark medium woman anniversary babe bae dating heart kiss love person relationship romance together you people body
👩🏿‍❤️‍👩🏽	زوج وقلب: سيدة وسيدة أشخاص ثنائي حب حبيبي رومانس رومانسية رومنس وقلب غرام قلب جسم	couple with heart: woman, dark skin tone, medium tone medium-light light medium-dark woman anniversary babe bae dating heart kiss love person relationship romance together you people body
👩🏿‍❤️‍👩🏾	زوج وقلب: سيدة وسيدة أشخاص ثنائي حب حبيبي رومانس رومانسية رومنس وقلب غرام قلب جسم	couple with heart: woman, dark skin tone, medium-dark tone medium medium-light light woman anniversary babe bae dating heart kiss love person relationship romance together you people body
👩🏿‍❤️‍👩🏿	زوج وقلب: سيدة وسيدة أشخاص ثنائي حب حبيبي رومانس رومانسية رومنس وقلب غرام قلب جسم	couple with heart: woman, dark skin tone tone, medium-dark medium medium-light light woman anniversary babe bae dating heart kiss love person relationship romance together you people body
👨‍👩‍👦	أسرة: رجل، وسيدة، وصبي أب أسرة أشخاص أم رجل سيدة صبي طفل عائلة جسم	family: man, woman, boy child family man woman people body
👨‍👩‍👧	أسرة: رجل، وسيدة، وفتاة أب أسرة أشخاص أم رجل سيدة طفل عائلة فتاة جسم	family: man, woman, girl child family man woman people body
👨‍👩‍👧‍👦	أسرة: رجل، وسيدة، وفتاة، وصبي أب أسرة أشخاص أم رجل سيدة صبي طفل عائلة فتاة جسم	family: man, woman, girl, boy child family girl man woman people body
👨‍👩‍👦‍👦	أسرة: رجل، وسيدة، وصبي، وصبي أب أسرة أشخاص أم رجل سيدة صبي طفل عائلة جسم	family: man, woman, boy, boy child family man woman people body
👨‍👩‍👧‍👧	أسرة: رجل، وسيدة، وفتاة، وفتاة أب أسرة أشخاص أم رجل سيدة طفل عائلة فتاة جسم	family: man, woman, girl, girl child family man woman people body
👨‍👨‍👦	أسرة: رجل، ورجل، وصبي أب أسرة أشخاص أم رجل صبي طفل عائلة جسم	family: man, boy child family man people body
👨‍👨‍👧	أسرة: رجل، ورجل، وفتاة أب أسرة أشخاص أم رجل طفل عائلة فتاة جسم	family: man, girl child family man people body
👨‍👨‍👧‍👦	أسرة: رجل، ورجل، وفتاة، وصبي أب أسرة أشخاص أم رجل صبي طفل عائلة فتاة جسم	family: man, girl, boy child family girl man people body
👨‍👨‍👦‍👦	أسرة: رجل، ورجل، وصبي، وصبي أب أسرة أشخاص أم رجل صبي طفل عائلة جسم	family: man, boy, boy child family man people body
👨‍👨‍👧‍👧	أسرة: رجل، ورجل، وفتاة، وفتاة أب أسرة أشخاص أم رجل طفل عائلة فتاة جسم	family: man, girl, girl child family man people body
👩‍👩‍👦	أسرة: سيدة، وسيدة، وصبي أب أسرة أشخاص أم سيدة صبي طفل عائلة جسم	family: woman, boy child family woman people body
👩‍👩‍👧	أسرة: سيدة، وسيدة، وفتاة أب أسرة أشخاص أم سيدة طفل عائلة فتاة جسم	family: woman, girl child family woman people body
👩‍👩‍👧‍👦	أسرة: سيدة، وسيدة، وفتاة، وصبي أب أسرة أشخاص أم سيدة صبي طفل عائلة فتاة جسم	family: woman, girl, boy child family girl woman people body
👩‍👩‍👦‍👦	أسرة: سيدة، وسيدة، وصبي، وصبي أب أسرة أشخاص أم سيدة صبي طفل عائلة جسم	family: woman, boy, boy child family woman people body
👩‍👩‍👧‍👧	أسرة: سيدة، وسيدة، وفتاة، وفتاة أب أسرة أشخاص أم سيدة طفل عائلة فتاة جسم	family: woman, girl, girl child family woman people body
👨‍👦	أسرة: رجل وصبي أب أسرة أشخاص أم صبي طفل عائلة جسم	family: man, boy child family man people body
👨‍👦‍👦	أسرة: رجل، وصبي، وصبي أب أسرة أشخاص أم رجل صبي طفل عائلة جسم	family: man, boy, boy child family man people body
👨‍👧	أسرة: رجل وفتاة أب أسرة أشخاص أم طفل عائلة فتاة جسم	family: man, girl child family man people body
👨‍👧‍👦	أسرة: رجل، وفتاة، وصبي أب أسرة أشخاص أم رجل صبي طفل عائلة فتاة جسم	family: man, girl, boy child family girl man people body
👨‍👧‍👧	أسرة: رجل، وفتاة، وفتاة أب أسرة أشخاص أم رجل طفل عائلة فتاة جسم	family: man, girl, girl child family man people body
👩‍👦	أسرة: سيدة وصبي أب أسرة أشخاص أم صبي طفل عائلة جسم	family: woman, boy child family woman people body
👩‍👦‍👦	أسرة: سيدة، وصبي، وصبي أب أسرة أشخاص أم سيدة صبي طفل عائلة جسم	family: woman, boy, boy child family woman people body
👩‍👧	أسرة: سيدة وفتاة أب أسرة أشخاص أم طفل عائلة فتاة جسم	family: woman, girl child family woman people body
👩‍👧‍👦	أسرة: سيدة، وفتاة، وصبي أب أسرة أشخاص أم سيدة صبي طفل عائلة فتاة جسم	family: woman, girl, boy child family girl woman people body
👩‍👧‍👧	أسرة: سيدة، وفتاة، وفتاة أب أسرة أشخاص أم سيدة طفل عائلة فتاة جسم	family: woman, girl, girl child family woman people body
🗣️	رأس تتحدث تحدث حديث صراخ صرخ صريخ صوت عالي ظل عيط عييط كلام نطق وجه أشخاص جسم	speaking head face silhouette speak people body
👤	صورة ظلية أشخاص خفي شخص ظل غامض غير معروف مبهم مخفي جسم	bust in silhouette mysterious shadow people body
👥	صورتان ظليتان أشخاص أصحاب أصدقاء الجميع الكل صاحب صديق ظل كلنا جسم	busts in silhouette bff bust everyone friend friends people body
🫂	شخصان يتعانقان احتواء ترحيب توديع حب حضن دعم شكر عناق أشخاص جسم	people hugging comfort embrace farewell friendship goodbye hello hug love thanks body
👪	أسرة أب أشخاص أم طفل عائلة جسم	family child people body
🧑‍🧑‍🧒	أسرة: بالغ، بالغة، طفل أب أسرة أم بالغ بالغة بالغين عائلة والد والدة أشخاص جسم	family: adult, child adult family people body
🧑‍🧑‍🧒‍🧒	أسرة: بالغ، بالغة، طفل، طفلة أب أخ أخت أسرة أم بنت طفل عائلة والد والدة ولد أشخاص جسم	family: adult, child, child adult family people body
🧑‍🧒	أسرة: بالغ، طفل أسرة بالغ عائلة أشخاص جسم	family: adult, child adult family people body
🧑‍🧒‍🧒	أسرة: بالغ، طفل، طفلة أسرة بالغ بالغة طفل عائلة أشخاص جسم	family: adult, child, child adult family people body
👣	أثر قدمين قدم أمشي تمشي جسم حافي خطى دعسات يمشي أشخاص	footprints barefoot clothing footprint omw print walk people body
🫆	بصمة أدلة جنائية أمان هوية أشخاص جسم	fingerprint clue crime detective forensics identity mystery print safety trace people body
🏻	بشرة بلون فاتح تعديل جلد رمز لون نوع 1–2 أشخاص جسم	light skin tone 1–2 type people body
🏼	بشرة بلون فاتح ومعتدل تعديل جلد رمز لون نوع 3 أشخاص جسم	medium-light skin tone 3 type people body
🏽	بشرة بلون معتدل تعديل جلد رمز لون نوع 4 أشخاص جسم	medium skin tone 4 type people body
🏾	بشرة بلون معتدل مائل للغامق تعديل جلد رمز لون نوع 5 أشخاص جسم	medium-dark skin tone 5 type people body
🏿	بشرة بلون غامق تعديل جلد رمز لون نوع 6 أشخاص جسم	dark skin tone 6 type people body
🦰	شعر أحمر أصهب رأس حمراء أشخاص جسم	red hair ginger redhead people body
🦱	شعر مجعد أفريقي جدائل أشخاص جسم	curly hair afro ringlets people body
🦳	شعر أبيض رمادي قديم أشخاص جسم	white hair gray old people body
🦲	أصلع العلاج الكيميائي بدون شعر بلا محلوق أشخاص جسم	bald chemotherapy hair hairless no shaven people body
🐵	وجه قرد ادغال حيوان سعدان شاذي موز مهتم حيوانات طبيعة	monkey face animal banana animals nature
🐒	قرد حيوان سعدان شاذي موز حيوانات طبيعة	monkey animal banana animals nature
🦍	غوريلا افريقيا جوريلا حديقة الحيوان الحيوانات حيوان حيوانات طبيعة	gorilla animal animals nature
🦧	إنسان الغاب أورانجوتان أورانغوتان الغابة حيوان غوريلا قرد حيوانات طبيعة	orangutan animal ape monkey animals nature
🐶	وجه كلب اليف حيوان مزرعة حيوانات طبيعة	dog face adorbs animal pet puppies puppy animals nature
🐕	كلب اليف حيوان مزرعة حيوانات طبيعة	dog animal animals dogs pet nature
🦮	كلب دليل أعمى إرشاد إعاقة إمكانية الوصول احتياجات خاصة حيوان ضرير كفيف مساعدة حيوانات طبيعة	guide dog accessibility animal blind animals nature
🐕‍🦺	كلب مساعدة أعمى إمكانية الوصول احتياجات خاصة حيوان خدمة رمز الوفاء سيرفيس دوغ ضرير كفيف حيوانات طبيعة	service dog accessibility animal assistance animals nature
🐩	بودل حيوان كلب منفوش حيوانات طبيعة	poodle animal dog fluffy animals nature
🐺	وجه ذئب حيوان حيوانات طبيعة	wolf animal face animals nature
🦊	وجه ثعلب حيوان محتال واوي حيوانات طبيعة	fox animal face animals nature
🦝	راكون حيوان خبيث راقون فضولي لئيم ماكر محتال مخادع نِمس حيوانات طبيعة	raccoon animal curious sly animals nature
🐱	وجه قطة اليف بسة بيسة حيوان قط هر هرة هريرة حيوانات طبيعة	cat face animal kitten kitty pet animals nature
🐈	قطة اليف بسة بسينة بيسة حيوان قط هريرة حيوانات طبيعة	cat animal animals cats kitten pet nature
🐈‍⬛	هرّ أسود أليف حيوان سوداء سيئ الحظ شؤم طبيعة فأل سيء قطة مياو هر حيوانات	black cat animal feline halloween meow unlucky animals nature
🦁	وجه أسد أبراج الأبراج برج زئير سفاري صحراء قوي لبدة حيوانات طبيعة	lion alpha animal face Leo mane order rawr roar safari strong zodiac animals nature
🐯	وجه نمر حيوان قط كبير قطة كبيرة مفترس حيوانات طبيعة	tiger face animal big cat predator animals nature
🐅	نمر حديقة الحيوانات حيوان قط كبير مفترس حيوانات طبيعة	tiger animal big cat predator zoo animals nature
🐆	فهد بري تشيتا حديقة الحيوانات حيوان شيتا قط كبير قطة كبيرة مفترس نمر حيوانات طبيعة	leopard animal big cat predator zoo animals nature
🐴	وجه حصان حيوان خيل ركوب فرس مزرعة مهر حيوانات طبيعة	horse face animal dressage equine farm horses animals nature
🫎	أيّل ثديات ثدييات حيوان قرون موظ حيوانات طبيعة	moose alces animal antlers elk mammal animals nature
🫏	حمار بغل ثديات ثدييات جحش حظيرة حيوان عنيد غبي حيوانات طبيعة	donkey animal ass burro hinny mammal mule stubborn animals nature
🐎	حصان حيوان خيل ركوب سباق سبق احضنة مزرعة حيوانات طبيعة	horse animal equestrian farm racehorse racing animals nature
🦄	وجه أحادي قرن القرن حصان ابيض يونيكورن حيوانات طبيعة	unicorn face animals nature
🦓	حمار وحشي الوحش حيوان زيبرا مخطط حيوانات طبيعة	zebra animal stripe animals nature
🦌	غزال حيوان حيوانات طبيعة	deer animal animals nature
🦬	ثور أمريكي بايسن جاموس حيوان طبيعة قطيع مصارعة ثيران هائج حيوانات	bison animal buffalo herd wisent animals nature
🐮	وجه بقرة حليب حيوان لبن مزرعة موو حيوانات طبيعة	cow face animal farm milk moo animals nature
🐂	ثور أبراج ابراج الأبراج برج الثور تور حيوان فحل فدان مزرعة حيوانات طبيعة	ox animal animals bull farm Taurus zodiac nature
🐃	جاموس مائي جاموسة حديقة الحيوانات حيوان فدان حيوانات طبيعة	water buffalo animal zoo animals nature
🐄	بقرة حليب حيوان لبن مزرعة موو حيوانات طبيعة	cow animal animals farm milk moo nature
🐷	وجه خنزير حيوان مزرعة حيوانات طبيعة	pig face animal bacon farm pork animals nature
🐖	خنزير جومبو حيوان دهن سمين مزرعة حيوانات طبيعة	pig animal bacon farm pork sow animals nature
🐗	خنزير بري حيوان صراع العروش حيوانات طبيعة	boar animal pig animals nature
🐽	أنف خنزير انف كبير حيوان مزرعة وجه يشتم حيوانات طبيعة	pig nose animal face farm smell snout animals nature
🐏	كبش أبراج ابراج الأبراج برج الحمل حديقة الحيوان حمل حيوان خروف فحل قرون مزرعة حيوانات طبيعة	ram animal Aries horns male sheep zodiac zoo animals nature
🐑	خروف حيوان خاروف خراف صوف مااااء مزرعة حيوانات طبيعة	ewe animal baa farm female fluffy lamb sheep wool animals nature
🐐	معزة أبراج ابراج الأبراج برج الجدي جدي حليب حيوان عنزة لبن ماعز مزرعة معزاية حيوانات طبيعة	goat animal Capricorn farm milk zodiac animals nature
🐪	جمل وحيد السنام بعير حردبة حيوان سفينة الصحراء سنام صحراء حيوانات طبيعة	camel animal desert dromedary hump one animals nature
🐫	جمل ثنائي السنام بعير حردبة حيوان سفينة الصحراء سنام صحراء حيوانات طبيعة	two-hump camel animal bactrian desert hump two animals nature
🦙	لاما ألباكا ألبكة الاباكا الفكونة اللاما جمل حيوان حيون الغوناق صوف غوناق غَوْنَاق فكونة فيكونيا حيوانات طبيعة	llama alpaca animal guanaco vicuña wool animals nature
🦒	زرافة حيوان منقط نقط حيوانات طبيعة	giraffe animal spots animals nature
🐘	فيل افريقيا حيوان خرطوم ضخم حيوانات طبيعة	elephant animal animals nature
🦣	ماموث أنياب حيوان صوف ضخم طبيعة فيل منقرض حيوانات	mammoth animal extinction large tusk wooly animals nature
🦏	وحيد القرن حيوان رينو ضخم حيوانات طبيعة	rhinoceros animal animals nature
🦛	فرس النهر برنيق جاموس البحر حيوان سيد قشطة هيبو حيوانات طبيعة	hippopotamus animal hippo animals nature
🐭	وجه فأر حيوان فارة حيوانات طبيعة	mouse face animal animals nature
🐁	فأر جردون جرذ حيوان أبيض فارة حيوانات طبيعة	mouse animal animals nature
🐀	جرذ جردون حيوان فأر كبير حيوانات طبيعة	rat animal animals nature
🐹	وجه حيوان الهمستر حديقة فار همستر حيوانات طبيعة	hamster animal face pet animals nature
🐰	وجه أرنب أرنوب اذن طويلة اسنان اليف حيوان حيوانات طبيعة	rabbit face animal bunny pet animals nature
🐇	أرنب أرنوب اذن طويلة اليف حيوان قفز حيوانات طبيعة	rabbit animal bunny pet animals nature
🐿️	سنجاب بلوط حيوان ذيل طويل حيوانات طبيعة	chipmunk animal squirrel animals nature
🦫	سمّور حيوان سد طبيعة فأر قندس قوارض كلب الماء حيوانات	beaver animal dam teeth animals nature
🦔	قنفد حيوان شائك شوك قنفذ قنفذة مشوك حيوانات طبيعة	hedgehog animal spiny animals nature
🦇	خفاش حيوان مصاص وطواط حيوانات طبيعة	bat animal vampire animals nature
🐻	وجه دب حيوان اشهب عسل حيوانات طبيعة	bear animal face grizzly growl honey animals nature
🐻‍❄️	دب قطبي أبيض القطب الشمالي حيوانات طبيعة	polar bear animal arctic white animals nature
🐨	دب كوالا استراليا حيوان وجه حيوانات طبيعة	koala animal australia bear down face marsupial under animals nature
🐼	وجه باندا بامبو حيوان دب قصب البامبو حيوانات طبيعة	panda animal bamboo face animals nature
🦥	كسلان الكسلان بطيء حيوان كسول حيوانات طبيعة	sloth lazy slow animals nature
🦦	قندس استرخاء ثعلب الماء حيوان حيوانات صيد لعوب طبيعة	otter animal fishing playful animals nature
🦨	ظربان حيوان رائحة كريهة سكنك مقرف مقزز حيوانات طبيعة	skunk animal stink animals nature
🦘	كنغر أستراليا جراب جيب حيوان فرح فرحة قفز قفزة قنغر كانجرو كانغرو كيس مرح حيوانات طبيعة	kangaroo animal joey jump marsupial animals nature
🦡	غرير أبو كعب ابن عرس الغرير حيوان رائحة كريهة العسل غريراء مزعج حيوانات طبيعة	badger animal honey pester animals nature
🐾	آثار حوافر حيوان طبعات رجل طبعة قوائم حيوانات طبيعة	paw prints feet paws print animals nature
🦃	ديك رومي حبش دجاح عيد الشكر كركرة حيوانات طبيعة	turkey bird gobble thanksgiving animals nature
🐔	دجاجة حيوان دجاج طائر طير فرخة مزرعة وجه ديك حيوانات طبيعة	chicken animal bird ornithology animals nature
🐓	ديك حيوان طائر طير مزرعة حيوانات طبيعة	rooster animal bird ornithology animals nature
🐣	كتكوت خارج البيضة بيضة حيوان صوص فقس حيوانات طبيعة	hatching chick animal baby bird egg animals nature
🐤	كتكوت صغير حيوان صوص طائر حيوانات طبيعة	baby chick animal bird ornithology animals nature
🐥	كتكوت صغير بوجه للأمام بيبي رضيع صوص طائر مولود جديد حيوانات طبيعة	front-facing baby chick animal bird newborn ornithology animals nature
🐦	طائر حيوان طير عصفور منقار وجه حيوانات طبيعة	bird animal ornithology animals nature
🐧	بطريق القارة القطبية جليد طائر قطب حيوانات طبيعة	penguin animal antarctica bird ornithology animals nature
🕊️	حمامة ترفرف زيتون سلام طائر طير عصفور هواء يرفرف يمامه حيوانات طبيعة	dove bird fly ornithology peace animals nature
🦅	نسر جوارح حيوان صحراء صقر طائر طاير طير عقاب حيوانات طبيعة	eagle animal bird ornithology animals nature
🦆	بطة حيوان طائر طير حيوانات طبيعة	duck animal bird ornithology animals nature
🦢	إوزة أوز أوزة إوز عراقي البطة السوداء بجع بجعة بحيرة تم حيوان سوان طائر فرخ وِز وِزة حيوانات طبيعة	swan animal bird cygnet duckling ornithology ugly animals nature
🦉	بومة حكمة حكيم حيوان رشيد طائر حيوانات طبيعة	owl animal bird ornithology wise animals nature
🦤	طائر الدودو بطة حيوان ريش ضخم طبيعة منقار منقرض موريشيوس حيوانات	dodo animal bird extinction large ornithology animals nature
🪶	ريشة تحليق حيوان خفيف طائر طبيعة حيوانات	feather bird flight light plumage animals nature
🦩	فلامينغو استوائي طائر طير فلامينجو لامع مبهج مبهرج حيوانات طبيعة	flamingo animal bird flamboyant ornithology tropical animals nature
🦚	طاووس أنثى الطاووس الطاووسة حيوان طائر جميل طاووسة فتباهي فخور متباه متفاخر ملون يتباهى يتفاخر حيوانات طبيعة	peacock animal bird colorful ornithology ostentatious peahen pretty proud animals nature
🦜	ببغاء أصوات ألوان بغبغان تقليد تكلم حيوان طائر قراصنة قرصان كلام يتكلم يرغي حيوانات طبيعة	parrot animal bird ornithology pirate talk animals nature
🪽	جناح أساطير بريء سماوي طائر طيران عصفور ملائكي ملاك يحلق يصعد حيوانات طبيعة	wing angelic ascend aviation bird fly flying heavenly mythology soar animals nature
🐦‍⬛	طائر أسود حيوان صياح غداف غراب قاق منقار نعيق حيوانات طبيعة	black bird animal beak caw corvid crow ornithology raven rook animals nature
🪿	إوزّة إوز بطة حيوان ساذج سرب صياح طائر طير حيوانات طبيعة	goose animal bird duck flock fowl gaggle gander geese honk ornithology silly animals nature
🐦‍🔥	العنقاء إحياء الحيوانات والطبيعة خالد خيال خيال، طائر النار، انبعاث، تناسخ صعود النار ولادة جديدة حيوانات طبيعة	phoenix ascend ascension emerge fantasy firebird glory immortal rebirth reincarnation reinvent renewal revival revive rise transform animals nature
🐸	وجه ضفدع اميرة حيوان حيوانات طبيعة	frog animal face animals nature
🐊	تمساح جلد متمسح حديقة الحيوانات حيوان فلوريدا حيوانات طبيعة	crocodile animal zoo animals nature
🐢	سلحفاة حيوان زلحفة مزرعة حيوانات طبيعة	turtle animal terrapin tortoise animals nature
🦎	سحلية حيوان زواحف سقاية شختة عظاءة حيوانات طبيعة	lizard animal reptile animals nature
🐍	ثعبان أبراج أفعة ابراج الأبراج الحواء برج حية حيوان كوكبة حيوانات طبيعة	snake animal bearer Ophiuchus serpent zodiac animals nature
🐲	وجه تنين اسطوري حيوان خرافة شوارب طويلة قبيح قصة اخضر حيوانات طبيعة	dragon face animal fairy fairytale tale animals nature
🐉	تنين اخضر اسطوري حدوتة حية حيوان خرافة صراع العروش صيني فارس قصة حيوانات طبيعة	dragon animal fairy fairytale knights tale animals nature
🦕	ديناصور صوروبودا برونتوزوروس حيوان منقرض حيوانات طبيعة	sauropod brachiosaurus brontosaurus dinosaur diplodocus animals nature
🦖	التيرانوصور ترايناصور تي ريكس حيوان ديناصور حيوانات طبيعة	T-Rex dinosaur Rex T Tyrannosaurus animals nature
🐳	حوت بنافورة أبراج بحر برج حيوان شاطىء محيط نافورة حيوانات طبيعة	spouting whale animal beach face ocean animals nature
🐋	حوت بحر حيوان شاطىء طبيعة محيط حيوانات	whale animal beach ocean animals nature
🐬	دولفين بحر حيوان دلفين زعانف شاطىء محيط حيوانات طبيعة	dolphin animal beach flipper ocean animals nature
🫍	الحوت القاتل المحيط بحري حوت الأوركا حيوانات طبيعة	orca marine ocean whale animals nature
🦭	فقمة أسد البحر حيوان طبيعة عجل كلب مائي حيوانات	seal animal lion ocean sea animals nature
🐟	سمكة اصطياد بحر برج حيوان سمك صيد عشاء غداء محيط حيوانات طبيعة	fish animal dinner fishes fishing Pisces zodiac animals nature
🐠	سمكة استوائية استوائي بحر حيوان ريف سمك محيط حيوانات طبيعة	tropical fish animal fishes animals nature
🐡	سمكة منتفخة بحر حيوان سمك طبيعة محيط حيوانات	blowfish animal fish animals nature
🦈	سمكة قرش محيط حيوانات طبيعة	shark animal fish animals nature
🐙	أخطبوط حيوان محيط مخلوق حيوانات طبيعة	octopus animal creature ocean animals nature
🐚	صدفة حلزونية بحر حيوان شاطىء صفد حيوانات طبيعة	spiral shell animal beach conch sea animals nature
🪸	مرجان المحيط بحر تغير المناخ شعب مرجانية حيوانات طبيعة	coral change climate ocean reef sea animals nature
🪼	قنديل بحر ألم بحري حوض سمك حياة بحرية حيوان سمكة هلامية عوالق لافقري لدغة لسعة لوامس هلامي حيوانات طبيعة	jellyfish animal aquarium burn invertebrate jelly life marine ocean ouch plankton sea sting stinger tentacles animals nature
🦀	سرطان ٨ ارجل أبراج أكل بحري بحر برج حيوان سلطعان سلطعون صيد محيط حيوانات طبيعة	crab Cancer zodiac animals nature
🦞	كركند أكل استاكوزا حمرا البحر بيسك جراد جمبري حساء حيوان سرطان شوربة قرصة كابوريا كلابات مأكولات بحرية مخالب مرق مرقة حيوانات طبيعة	lobster animal bisque claws seafood animals nature
🦐	جمبري أكل بحر حيوان شرمب طعام قريدس محار حيوانات طبيعة	shrimp food shellfish small animals nature
🦑	حبار أكل بحر حيوان صبيدج طعام محيط حيوانات طبيعة	squid animal food mollusk animals nature
🦪	محار بحر جندوفلي صدف صدفة طعام غطس كنز كنوز لؤلؤ محارة حيوانات طبيعة	oyster diving pearl animals nature
🐌	حلزون بزاق بزاقة بزيق حيوان طبيعة قوقع مزبلط حيوانات	snail animal escargot garden nature slug animals
🦋	فراشة بابيون بستان جمال حشرة طبيعة حيوانات	butterfly insect pretty animals nature
🫌	حيوانات طبيعة	monarch butterfly animals nature
🐛	بق أم أربعة وأربعين ام ٤٤ اربعة واربعين بستان حديقة حشرة حيوان دودة يرقانة حيوانات طبيعة	bug animal garden insect animals nature
🐜	نملة بستان حديقة حشرة حيوان حيوانات طبيعة	ant animal garden insect animals nature
🐝	نحلة الربيع الطبيعة حشرة حيوان ربيع طنانة عسل نحل حيوانات طبيعة	honeybee animal bee bumblebee honey insect nature spring animals
🪲	خنفساء آفة خضراء حشرة حيوان طبيعة حيوانات	beetle animal bug insect animals nature
🐞	دعسوقة بستان حديقة حشرة خنفساء خنفسة طبيعة حيوانات	lady beetle animal garden insect ladybird ladybug nature animals
🦗	جدجد جراد جندب حشرة قبوط حيوانات طبيعة	cricket animal bug grasshopper insect Orthoptera animals nature
🪳	صرصور جدجد حشرة حيوان مبيد حشري مقرف حيوانات طبيعة	cockroach animal insect pest roach animals nature
🕷️	عنكبوت ثمان ارجل حشرة حيوانات طبيعة	spider animal insect animals nature
🕸️	شبكة عنكبوت حشرة ويب حيوانات طبيعة	spider web animals nature
🦂	عقرب أبراج الأبراج برج حشرة مسم يعقس حيوانات طبيعة	scorpion Scorpio Scorpius zodiac animals nature
🦟	بعوضة برغش حشرة حمى عدوى عضة عقسة فيرس فيروس قرصة لدغة مرض ملاريا ناموسة حيوانات طبيعة	mosquito bite disease fever insect malaria pest virus animals nature
🪰	ذبابة باعوضة بعوضة حشرة حيوان طبيعة عفن مرض نفايات يرقة حيوانات	fly animal disease insect maggot pest rotting animals nature
🪱	دودة بريمة حشرة حيوان أرض علقية طبيعة طفيليات متطفل حيوانات	worm animal annelid earthworm parasite animals nature
🦠	جرثومة أميبا بكتيريا جراثيم جرثوم علوم فيرس فيروس فيروسات ميكروب ميكروبات حيوانات طبيعة	microbe amoeba bacteria science virus animals nature
💐	باقة زهور احتفال ازهار ورد بوكيه حب ذكرى سنوية رومانس رومانسية رومنس عيد ميلاد غرام موعد نبات حيوانات طبيعة	bouquet anniversary birthday date flower love plant romance animals nature
🌸	زهرة الكرز بستان جمال حديقة ربيع كرز نبات وردة حيوانات طبيعة	cherry blossom flower plant spring springtime animals nature
💮	وردة بيضاء رمز زهور طابع حيوانات طبيعة	white flower animals nature
🪷	لوتس البوذية الهند الهندوسية جمال زهرة سكون صفاء فيتنام هدوء حيوانات طبيعة	lotus beauty Buddhism calm flower Hinduism peace purity serenity animals nature
🏵️	وردية ميدالية نبات نيشان وسام حيوانات طبيعة	rosette plant animals nature
🌹	وردة احمر اناقة جمال جميل زهرة عيد الحب العشاق نبات حيوانات طبيعة	rose beauty elegant flower love plant red valentine animals nature
🥀	وردة ذابلة تموت زهرة زوال يبست حيوانات طبيعة	wilted flower dying animals nature
🌺	كركديه بستان زهرة نبات حيوانات طبيعة	hibiscus flower plant animals nature
🌻	دوار الشمس حديقة طبيعة عباد نبات نزهة حيوانات	sunflower flower outdoors plant sun animals nature
🌼	زهرة اصفر حديقة ديزي نبات حيوانات طبيعة	blossom buttercup dandelion flower plant animals nature
🌷	زهرة التوليب اناقة بستان توليب نبات حيوانات طبيعة	tulip blossom flower growth plant animals nature
🪻	زهرة الياقوتية أرجواني أزرق نيلي إزهار القلنسوة الزرقاء بنفسجي فاتح ترمس تفتح خزامة خزامى ربيع الخطم شجيرة لافندر ليلك مكحّلة نبات النيلة حيوانات طبيعة	hyacinth bloom bluebonnet flower indigo lavender lilac lupine plant purple shrub snapdragon spring violet animals nature
🌱	شتلة بستان تنبت حديقة زريعة صغير طبيعة نبتة يافع حيوانات	seedling plant sapling sprout young animals nature
🪴	نبتة في وعاء إصيص بدون فائدة ديكور رعاية زراعة زينة صبار طبيعة ممل منزل حيوانات	potted plant decor grow house nurturing pot animals nature
🌲	شجرة دائمة الخضرة صنوبر عيد الميلاد غابة نبات حيوانات طبيعة	evergreen tree christmas forest pine animals nature
🌳	شجرة زائلة الخضرة اخضرار تساقط خضار غابة متساقط موطن نبات حيوانات طبيعة	deciduous tree forest green habitat shedding animals nature
🌴	نخلة استوائي بحر شاطىء شجرة نبات نخيل حيوانات طبيعة	palm tree beach plant tropical animals nature
🌵	صبار الطبيعة جفاف صبيرة صحراء طبيعة قحط نبات حيوانات	cactus desert drought nature plant animals
🌾	حزمة من الأرز أرز حبوب رز زرع سنبلة نبات ورق الارز حيوانات طبيعة	sheaf of rice ear grain grains plant animals nature
🌿	عشب بستان نبتة ورق حيوانات طبيعة	herb leaf plant animals nature
☘️	نبات النفل ايرلندي حظ شامروك حيوانات طبيعة	shamrock irish plant animals nature
🍀	ورقة برسيم رباعية 4 أربعة ايرلندي باتريك حظ نبات حيوانات طبيعة	four leaf clover 4 four-leaf irish lucky plant animals nature
🍁	ورقة شجر القيقب خريف سقوط قيقب نبات قبقب حيوانات طبيعة	maple leaf falling animals nature
🍂	أوراق متساقطة خريف سقوط نبات ورقة حيوانات طبيعة	fallen leaf autumn fall falling animals nature
🍃	ورقة متطايرة رياح ريح طبيعة نبات هبوب حيوانات	leaf fluttering in wind blow flutter animals nature
🪹	عش فارغ بيت تعشيش طائر فرع شجرة حيوانات طبيعة	empty nest branch home nesting animals nature
🪺	عش به بيض تعشيش حمام طائر عصفور حيوانات طبيعة	nest with eggs bird branch egg nesting animals nature
🍄	عيش الغراب شومبنيو غراب فطر مشروم حيوانات طبيعة	mushroom fungus toadstool animals nature
🪾	شجرة بلا أوراق الشتاء جرداء جفاف حيوانات طبيعة	leafless tree bare barren branches dead drought trunk winter wood animals nature
🍇	عنب فاكهة فواكه طعام شراب	grapes Dionysus fruit grape food drink
🍈	شمام بطيخ أصفر فاكهة فواكه طعام شراب	melon cantaloupe fruit food drink
🍉	بطيخ جبس جح فاكهة فواكه طعام شراب	watermelon fruit food drink
🍊	يوسفي برتقال بو صرة فاكهة فواكه فيتامين ليمونة مندرين نكتارين طعام شراب	tangerine c citrus fruit nectarine orange vitamin food drink
🍋	ليمون حامض حمضيات فاكهة فواكه موالح طعام شراب	lemon citrus fruit sour food drink
🍋‍🟩	الليم أخضر استوائي المأكولات والمشروبات حامض حامض، فاكهة، إستوائي حمضيات عصير فواكه ليم ليمون منعش طعام شراب	lime acidity citrus cocktail fruit garnish key margarita mojito refreshing salsa sour tangy tequila tropical zest food drink
🍌	موز بوتاسيوم فاكهة فواكه طعام شراب	banana fruit potassium food drink
🍍	أناناس فاكهة فواكه طعام شراب	pineapple colada fruit pina tropical food drink
🥭	مانجو أكل استوائي استوائية طعام فاكهة مانجا مانجة مانجه شراب	mango food fruit tropical drink
🍎	تفاح أحمر تفاحة فاكهة فواكه طعام شراب	red apple diet food fruit health ripe drink
🍏	تفاح أخضر فاكهة فواكه طعام شراب	green apple fruit food drink
🍐	كمثرى إجاص فاكهة فواكه نجاص طعام شراب	pear fruit food drink
🍑	خوخ دراق درانقة فاكهة فواكه طعام شراب	peach fruit food drink
🍒	كرز فاكهة فواكه طعام شراب	cherries berries cherry fruit red food drink
🍓	فراولة فاكهة فريز فواكه طعام شراب	strawberry berry fruit food drink
🫐	توت برّي حلوة زرع شراب طعام عنب فاكهة كيتو نبات	blueberries berries berry bilberry blue blueberry food fruit drink
🥝	كيوي طعام فاكهة فواكه شراب	kiwi fruit food drink
🍅	طماطم بندورة خضار خضرا طعام شراب	tomato food fruit vegetable drink
🫒	زيتون أوراق ثمار حبات زيت سلام صحي طعام غصن نبات شراب	olive food drink
🥥	جوز الهند بينيا كولادا هند نخيل طعام شراب	coconut colada palm piña food drink
🥑	أفوكادو أفوكا طعام فاكهة فواكه شراب	avocado food fruit drink
🍆	باذنجان باتنجان خضار طعام شراب	eggplant aubergine vegetable food drink
🥔	بطاطس أكل بطاطا خضار خضرا خضروات طعام شراب	potato food vegetable drink
🥕	جزر خضار خضرا خضروات طعام شراب	carrot food vegetable drink
🌽	ذرة عرنوس كوز طعام شراب	ear of corn crops farm maize maze food drink
🌶️	فلفل حار شطة أحمر نبات طعام شراب	hot pepper food drink
🫑	فلفل حلو أخضر حمية خضار دايت سلطة صحي طعام أحمر شراب	bell pepper capsicum food vegetable drink
🥒	خيار خضار خضرا خضروات طعام كبيس مخللات شراب	cucumber food pickle vegetable drink
🫝	طعام شراب	pickle food drink
🥬	خضار ورقي أخضر برجر بوك تشوي جرجير خس خضراء خضرة خضروات سلطات سلطة كرفس لفت ملفوف ورقيات طعام شراب	leafy green bok burgers cabbage choy kale lettuce salad food drink
🥦	بروكولي بروكلي قرنبيط الشتاء طعام شراب	broccoli cabbage wild food drink
🧄	ثوم أكل توم طعام طعم نكهة شراب	garlic flavoring food drink
🧅	بصل بصلة بكاء خضراوات دموع سلطة طعام طعم نكهة شراب	onion flavoring food drink
🥜	فول سوداني خضروات طعام فستق مكسرات شراب	peanuts food nut peanut vegetable drink
🫘	بقول بقوليات طعام فاصوليا فول كلية شراب	beans food kidney legume small drink
🌰	كستناء أبو فروة كستنا كستنة لوز نبات طعام شراب	chestnut almond plant food drink
🫚	جذر الزنجبيل أعشاب بيرة توابل جعة زنجبيل صحة طبيعي عشب طعام شراب	ginger root beer health herb natural spice food drink
🫛	قرن بازلاء إدامامي بقلة بقوليات حبوب خضار ساق فول فاصولياء صويا نباتي طعام شراب	pea pod beans beanstalk edamame legume soybean vegetable veggie food drink
🍄‍🟫	فطر بني إضافات البيتزا المأكولات والمشروبات براعم خضروات طبيعي طعام طعام، فطر، طبيعة، خضار كمأة مشروم نباتي شراب	brown mushroom food fungi fungus nature pizza portobello shiitake shroom spore sprout toppings truffle vegetable vegetarian veggie drink
🫜	خضراوات جذرية بنجر جذر حديقة شمندر لفت طعام شراب	root vegetable beet food garden radish salad turnip vegetarian drink
🍞	خبز توست رغيف عيش قمح مطعم طعام شراب	bread carbs food grain loaf restaurant toast wheat drink
🥐	كرواسون خبز هلالي الشكل فرنسي طعام شراب	croissant bread breakfast crescent food french roll drink
🥖	الخبز الفرنسي باجيت باغيت خبز فرنجي فرنسي طعام شراب	baguette bread food french drink
🫓	خبز مفرود آريبا إفطار بيتا جائع مسطح شطيرة شهي طعام عشاء لذيذ لواش نان شراب	flatbread arepa bread food gordita lavash naan pita drink
🥨	بريتزل معرقل معقد ملتف ملتوي طعام شراب	pretzel convoluted twisted food drink
🥯	خبز البيغل أكل إفطار بايغل بيجل البيجل دونات دونس طعام عيش كعك مخبز مخبوزات شراب	bagel bakery bread breakfast schmear food drink
🥞	فطائر أكل بانكيك تحلاية حلا حلو حلويات طعام فطيرة كريب شراب	pancakes breakfast crêpe food hotcake pancake drink
🧇	وافل ترويقة حلوى حلويات طعام فطور متردد مذبذب شراب	waffle breakfast indecisive iron food drink
🧀	قطعة جبن جبنة طعام شراب	cheese wedge food drink
🍖	لحم بعظم عضم عظم طعام شراب	meat on bone food drink
🍗	ساق دجاجة جوع جوعان جيعان حبش عظم فخذ دجاج طعام شراب	poultry leg bone chicken drumstick hungry turkey food drink
🥩	قطعة لحم ستيك أحمر لحمة حمرة طعام شراب	cut of meat chop lambchop porkchop red steak food drink
🥓	لحم مقدد أكل بيكون طعام خنزير شراب	bacon breakfast food meat drink
🍔	همبرغر برغر جوع جوعان جيعان مطعم همبورغر طعام شراب	hamburger burger eat fast food hungry drink
🍟	بطاطس مقلية بطاطا فاست فود ماك دونالد ماكدو مطعم طعام شراب	french fries fast food drink
🍕	بيتزا أكل طعام مطعم شراب	pizza cheese food hungry pepperoni slice drink
🌭	هوت دوغ سجق فرانكفورتر مقانق نقانق طعام شراب	hot dog frankfurter hotdog sausage food drink
🥪	ساندوتش خبز ساندويتش ساندويش عروس عيش طعام شراب	sandwich bread food drink
🌮	تاكو أكل طعام مكسيكي شراب	taco mexican food drink
🌯	بوريتو أكل سندويتش سندويش طعام عروس مكسيكي شراب	burrito mexican wrap food drink
🫔	تامال جائع ساندوتش شطيرة شهي طعام لذيذ مكسيك ملفوف وجبة شراب	tamale food mexican pamonha wrapped drink
🥙	خبز مفرود محشو جيرو رغيف ساندويش فلافل شورما طعام كباب محشي شراب	stuffed flatbread falafel food gyro kebab drink
🧆	فلافل حمص طعام طعمية قرص كرات لحم كرة شراب	falafel chickpea meatball food drink
🥚	بيض أكل طعام شراب	egg breakfast food drink
🍳	مقلاة أم عيون بيض بيضة مقلية ترويقة طبخ طهي فطور قلاية مطعم مقلاية طعام شراب	cooking breakfast easy egg fry frying over pan restaurant side sunny up food drink
🥘	مقلاة مسطحة بها طعام أكل بايلا فايشة كاسرولا مقلاية شراب	shallow pan of food casserole paella drink
🍲	وعاء طعام أكل حلة طنجرة مطعم يخنة شراب	pot of food soup stew drink
🫕	فوندو جبن حساء ذائب سائح سويسرا شهي شوكولاتة طبيخ طعام موقد وعاء شراب	fondue cheese chocolate food melted pot ski drink
🥣	طبق وملعقة حساء شوربا شوربة فطور كاسة مامونية طعام شراب	bowl with spoon breakfast cereal congee oatmeal porridge food drink
🥗	سلطة خضراء أخضر أكل خضرا طعام شراب	green salad food drink
🍿	فشار بوب كورن بوشار ذرة فوشار فيشار فيلم موفي طعام شراب	popcorn corn movie pop food drink
🧈	زبد أكل ألبان جبن جبنة زبدة طعام قشدة منتجات شراب	butter dairy food drink
🧂	ملح بهارات توابل حائر رشاشة مالح مجنون مذاق مستاء ملّاحة مملحة نكهة طعام شراب	salt condiment flavor mad salty shaker taste upset food drink
🥫	طعام معلّب علب مأكولات معلبة معلبات شراب	canned food can drink
🍱	علبة طعام أكل بنتو سوشي مطعم ياباني شراب	bento box food drink
🍘	مقرمشات أرز أكل رز طعام قراقيش كراكرز شراب	rice cracker food drink
🍙	كرة أرز أكل رز طعام مطعم ياباني شراب	rice ball food Japanese drink
🍚	أرز مطبوخ أكل رز طعام مطعم شراب	cooked rice food drink
🍛	أرز وكاري أكل رز بالكاري طعام كاري كبسة مطعم هندي شراب	curry rice food drink
🍜	سلطانية البخار أكل ياباني حساء رامن شوبستكس شوربا شوربة طعام مطعم معكرونة مكرونة نودلز شراب	steaming bowl chopsticks food noodle pho ramen soup drink
🍝	سباغتي أكل إيطالي باستا طعام طلياني مطعم معكرونة مكرونة شراب	spaghetti food meatballs pasta restaurant drink
🍠	بطاطا حلوة مشوية معسلة بطاطس مطعم طعام شراب	roasted sweet potato food drink
🍢	طعام مشكل أودين كباب مشاوي مطعم شراب	oden food kebab restaurant seafood skewer stick drink
🍣	سوشي أكل ياباني طعام مطعم شراب	sushi food drink
🍤	جمبري مقلي تامبورا قريدس مطعم طعام شراب	fried shrimp prawn tempura food drink
🍥	كعكة سمك بشكل حلزوني أكل طعام كفتة ملفوفة مأكولات مطعم شراب	fish cake with swirl food pastry restaurant drink
🥮	كعكة القمر احتفال الخريف حفلة حلويات خريف صين كيكة مهرجان منتصف طعام شراب	moon cake autumn festival yuèbǐng food drink
🍡	حلوى الدانغو حلو ياباني من الأرز حلويات شيش طعام شراب	dango dessert Japanese skewer stick sweet food drink
🥟	زلابية صينية أكل صيني إمبانادا زلابي طعام فطاير مأكولات شراب	dumpling empanada gyōza jiaozi pierogi potsticker food drink
🥠	كعكة الحظ بخت تبصير كوكي كوكيز نبوة طعام شراب	fortune cookie prophecy food drink
🥡	علبة طعام للخارج أكل صيني دليفري ديليفيري شوبستيكس شراب	takeout box chopsticks delivery food oyster pail drink
🍦	آيس كريم مخفف أيس بررد بوظة حلو حلويات مطعم ميري طعام شراب	soft ice cream dessert food icecream restaurant serve sweet drink
🍧	آيس كريم مجروش ايس بررد بوظة مطعم طعام شراب	shaved ice dessert restaurant sweet food drink
🍨	آيس كريم أيس بارد برد بوظة حلو حلويات مطعم طعام شراب	ice cream dessert food restaurant sweet drink
🍩	كعكة محلاة حلو حلويات دونات مطعم طعام شراب	doughnut breakfast dessert donut food sweet drink
🍪	كعكة حلو حلويات كوكي مطعم طعام شراب	cookie chip chocolate dessert sweet food drink
🎂	كعكة عيد ميلاد احتفال المأكولات والمشروبات تورتة غاتو الميلاد كيكة طعام شراب	birthday cake bday celebration dessert happy pastry sweet food drink
🍰	قطعة من الكعك أكل تحلاية تورتة جاتو حلا حلو حلويات شريحة كيكة طعام غاتو كيك مطعم شراب	shortcake cake dessert pastry slice sweet food drink
🧁	كعكة صغيرة بهجة تحلية حلاوة حلو حلوى حلويات سكر مرشوش فرحة كاب كيك كب كعك مكوب مخبز مخبوزات طعام شراب	cupcake bakery dessert sprinkles sugar sweet treat food drink
🥧	فطيرة حشوة حلويات تفاح فواكه لحوم طعام شراب	pie apple filling fruit meat pastry pumpkin slice food drink
🍫	لوح شوكولاتة بار شيكولاتة حلو حلويات شوكولا شوكولاته ضرسو طيب شوكولاتا شيكولا طعام شراب	chocolate bar candy dessert halloween sweet tooth food drink
🍬	حلوى بونبون حلو حلويات ضرسو طيب كاندي مطعم طعام شراب	candy cavities dessert halloween restaurant sweet tooth wrapper food drink
🍭	مصاصة حلاوة حلو حلويات سوسيت مطعم طعام شراب	lollipop candy dessert food restaurant sweet drink
🍮	كريم كراميل بودينغ حلويات كاسترد مطعم طعام شراب	custard dessert pudding sweet food drink
🍯	جرة عسل أكل حلو حلويات دب صحي مطعم نحل نحلة طعام شراب	honey pot barrel bear food honeypot jar sweet drink
🍼	زجاجة الرضاعة بيبرونة بيبي حليب رضيع إرضاع لبن مشروب مصاصة مولود طعام شراب	baby bottle babies birth born drink infant milk newborn food
🥛	كوب حليب شراب لبن طعام	glass of milk drink food
☕	مشروب ساخن بخار زهورات سخن شاي شراب صباح صبحية قهوة كوب طعام	hot beverage cafe caffeine chai coffee drink morning steaming tea food
🫖	إبريق شاي شراب ضيافة طعام غلاية مشروب وعاء	teapot brew drink food pot tea
🍵	فنجان شاي بدون مقبض شراب كاسة طعام	teacup without handle beverage cup drink oolong tea food
🍶	زجاجة وفنجان بار ساكي شراب فنجان مشروب مطعم طعام	sake bar beverage bottle cup drink restaurant food
🍾	زجاجة بسدادة مفرقعة بار سدادة شامبانيا شراب شمبانيا قنينة مشروب طعام	bottle with popping cork bar drink food
🍷	كأس شراب بار خمرة كحول مشروب مطعم نبيذ طعام	wine glass alcohol bar beverage booze club drink drinking drinks restaurant food
🍸	كأس عصير كوكتيل شراب كحول مارتيني محل تقديم المشروبات مشروب طعام	cocktail glass alcohol bar booze club drink drinking drinks mad martini men food
🍹	مشروب استوائي بار حفل كاسك كحول ماي تاي محل تقديم المشروبات طعام شراب	tropical drink alcohol bar booze club cocktail drinking drinks drunk mai party tai tropics food
🍺	كأس بيرة أوكتوبر فيست بار جعة شراب كاسك كحول ماغ مشروب طعام	beer mug alcohol ale bar booze drink drinking drinks octoberfest oktoberfest pint stein summer food
🍻	كأسا بيرة بار جعة شيرز كاسك كحول كوب كوبان محل مشروب طعام شراب	clinking beer mugs alcohol bar booze bottoms cheers clink drinking drinks food drink
🥂	كأسان يرتطمان احتفال ارتطام حفل شراب شيرز كأس كاسك مشروب طعام	clinking glasses celebrate clink drink glass food
🥃	كوب زجاجي شراب كحول كأس كباية ليكور مشروب ويسكي طعام	tumbler glass liquor scotch shot whiskey whisky food drink
🫗	سكب السائل أوبس حادث شراب صب فارغ كوب ماء طعام	pouring liquid accident drink empty glass oops pour spill water food
🥤	كأس وقشة للشرب صودا عصير ماء مشروب مي طعام شراب	cup with straw drink juice malt soda soft water food
🧋	شاي الفقاعات حليب شاليموه شراب طعام عصير فقاعات كافيتيريا كوب مشروب مقهى	bubble tea boba food milk pearl drink
🧃	علبة عصير شاليموه شراب عبوة قنينة كوب مرطبات يشرب طعام	beverage box juice straw sweet food drink
🧉	متة بومبيجا جيربا شراب قرعة كوب متي مشروب طعام	mate drink food
🧊	مكعب ثلج أيس بارد برد جليدي طعام قمة جليد مكعبات شراب	ice cold cube iceberg food drink
🥢	عيدان للأكل أكل صيني سوشي شوبستيكس طعام شراب	chopsticks hashi jeotgarak kuaizi food drink
🍽️	طبق وشوكة وسكينة أكل سكين شوكة صحن طبخ طعام طهي عشاء شراب	fork and knife with plate cooking dinner eat food drink
🍴	شوكة وسكينة جائع جوع جوعان سكينة صفرة طبخ طعام عشاء غدا غذاء فطور مأكولات ومشروبات مطعم شراب	fork and knife breakfast breaky cooking cutlery delicious dinner eat feed food hungry lunch restaurant yum yummy drink
🥄	ملعقة أدوات مائدة أكل صفرة طعام ملقعة شراب	spoon eat tableware food drink
🔪	سكين طهي اداة حاد شيف طبخ قطع مطبخ طعام شراب	kitchen knife chef cooking hocho tool weapon food drink
🫙	برطمان تخزين حفظ طعام قطرميز شراب	jar condiment container empty nothing sauce store food drink
🏺	جرة أداة اداة برج دلو سلاح شراب طبخ طهي فخارة طعام	amphora Aquarius cooking drink jug tool weapon zodiac food
🎃	هالوين قرع قرعة مضيئة هالويين أنشطة رياضة	jack-o-lantern celebration halloween jack lantern pumpkin activities sports
🎄	شجرة عيد الميلاد احتفال أنشطة رياضة	Christmas tree celebration activities sports
🎆	ألعاب نارية ابتهاج احتفال العاب بووم حفلة فرقيع مفرقعات أنشطة رياضة	fireworks boom celebration entertainment yolo activities sports
🎇	ماسة نارية ألعاب بووم طراطيع عيد فرقيع مفرقعات أنشطة رياضة	sparkler boom celebration fireworks sparkle activities sports
🧨	مفرقعات ألعاب نارية احتفال انفجار بهجة تفجير حفلة ديناميت شرارة شرر شعلة ضوء فرقع فرقعة قنبلة متفجرات مهرجان نار نيران أنشطة رياضة	firecracker dynamite explosive fire fireworks light pop popping spark activities sports
✨	ومضات ثلاث نجمات فضاء لامع نجمة نجوم ساطعة ومضة وميض أنشطة رياضة	sparkles * magic sparkle star activities sports
🎈	بالون احتفال بالونة حفلة ذكرى ميلاد عيد أنشطة رياضة	balloon birthday celebrate celebration activities sports
🎉	فرقعة حفلة احتفال بارتي بوبر بجنن رائع زمور مبتهج أنشطة رياضة	party popper awesome birthday celebrate celebration excited hooray tada woohoo activities sports
🎊	كرة أوراق ملونة احتفال حفلة زينة فرح كونفتي أنشطة رياضة	confetti ball celebrate celebration party woohoo activities sports
🎋	شجرة احتفال بانر زينة وشرائط ورقية ياباني أنشطة رياضة	tanabata tree banner celebration Japanese activities sports
🎍	ديكور صنوبر احتفال باميو عام جديد ياباني أنشطة رياضة	pine decoration bamboo celebration Japanese plant activities sports
🎎	دميتان يابانيتان احتفال دمية مهرجان ياباني أنشطة رياضة	Japanese dolls celebration doll festival activities sports
🎏	قصاصات ملونة أوراق احتفال الوان سمك ياباني علم أنشطة رياضة	carp streamer celebration activities sports
🎐	جرس الريح دق الجرس ريح قرع أنشطة رياضة	wind chime bell celebration activities sports
🎑	احتفال برؤية القمر استطلاع بهجة أنشطة رياضة	moon viewing ceremony celebration activities sports
🧧	ظرف أحمر بكتابة صينية أموال أنغ بو ثروة ثري حظ سعيد ذهب صين علبة حمراء غلاف غني فلوس مصاري مغلف نقود هدية أنشطة رياضة	red envelope gift good hóngbāo lai luck money see activities sports
🎀	شريط احتفال افتتاح بابيون حفلة أنشطة رياضة	ribbon celebration activities sports
🎁	هدية ملفوفة احتفال عيد ميلاد مفاجاة مناسبة أنشطة رياضة	wrapped gift birthday bow box celebration christmas present surprise activities sports
🎗️	شريطة تذكير احتفال تذكار أنشطة رياضة	reminder ribbon celebration activities sports
🎟️	تذكرتا دخول تذكرة تكت قبول أنشطة رياضة	admission tickets ticket activities sports
🎫	تذكرة بطاقة ترفيه تيكت أنشطة رياضة	ticket admission stub activities sports
🎖️	ميدالية عسكرية احتفال جائزة عسكري نيشان وسام أنشطة رياضة	military medal award celebration activities sports
🏆	كأس أبطال انتصار بطل جائزة رياضة ميدالية نصر أنشطة	trophy champion champs prize slay sport victory win winning activities sports
🏅	ميدالية رياضية بطل جائزة ذهبية رابح رياضة أنشطة	sports medal award gold winner activities
🥇	ميدالية مركز أول ١ ذهبية أنشطة رياضة	1st place medal first gold activities sports
🥈	ميدالية مركز ثانٍ ٢ ثاني فضية أنشطة رياضة	2nd place medal second silver activities sports
🥉	ميدالية مركز ثالث ٣ المركز الثالث برونزية أنشطة رياضة	3rd place medal bronze third activities sports
⚽	كرة قدم جول طابة غول فوتبول أنشطة رياضة	soccer ball football futbol sport activities sports
⚾	بيسبول رياضة طابة كرة أنشطة	baseball ball sport activities sports
🥎	كرة ليّنة تنس سوفتبول ضربة تحتية طابة قفاز صفراء لينة أنشطة رياضة	softball ball glove sports underarm activities
🏀	كرة سلة باسكت بول باسكتبول رياضة أنشطة	basketball ball hoop sport activities sports
🏐	كرة طائرة لعب أنشطة رياضة	volleyball ball game activities sports
🏈	كرة قدم أمريكية رياضة سوبر بول طابة أنشطة	american football ball bowl sport super activities sports
🏉	كرة رجبي رغبي روجبي رياضة طابة أنشطة	rugby football ball sport activities sports
🎾	تنس رياضة طابة كرة مضرب وكرة أنشطة	tennis ball racquet sport activities sports
🥏	قرص طائر رياضة صحن طبق فائق فريزبي لعبة أنشطة	flying disc ultimate activities sports
🎳	بولينغ رياضة طابة كرة لعبة أنشطة	bowling ball game sport strike activities sports
🏏	كريكيت رياضة كرة لعبة مباراة مضرب أنشطة	cricket game ball bat activities sports
🏑	هوكي أرضي رياضة طابة عصا كرة لعبة مباراة ملعب أنشطة	field hockey ball game stick activities sports
🏒	عصا هوكي جليد ثلج رياضة لعبة مباراة أنشطة	ice hockey game puck stick activities sports
🥍	لاكروس تانس خشبة رياضة طابة عصا كرة لكروس مرمى مضرب هدف أنشطة	lacrosse ball goal sports stick activities
🏓	تنس الطاولة بنغ بونغ رياضة ضرب طاولة كرة لعبة مباراة مضرب أنشطة	ping pong ball bat game paddle pingpong table tennis activities sports
🏸	تنس الريشة بدمنتن راكيت رياضة ريشة شطكوك لاعب لعبة أنشطة	badminton birdie game racquet shuttlecock activities sports
🥊	قفاز ملاكمة بوكس رياضة كف أنشطة	boxing glove activities sports
🥋	زي فنون قتالية تايكوندو جودو رياضة كاراتيه أنشطة	martial arts uniform judo karate taekwondo activities sports
🥅	شبكة المرمى جول رياضة غول مرمى أنشطة	goal net activities sports
⛳	علم على حفرة جولف رياضة غولف أنشطة	flag in hole golf sport activities sports
⛸️	حذاء تزلج على الجليد ثلج جليد رياضة أنشطة	ice skate skating activities sports
🎣	صنارة صيد استجمام ترفيه رياضة سمك أنشطة	fishing pole entertainment fish sport activities sports
🤿	قناع غطس أداة تحت الماء سباحة سكوبا سنوركلينج غوص حر ماسك نظارة السباحة الغطس الغوص أنشطة رياضة	diving mask scuba snorkeling activities sports
🎽	قميص رياضي جري ركض رياضة شيرت للجري ووشاح عدو أنشطة	running shirt athletics sash activities sports
🎿	تزلج ثلج رياضة سكي أنشطة	skis ski snow sport activities sports
🛷	مزلجة تزلج ثلج مزلاج أنشطة رياضة	sled luge sledge sleigh snow toboggan activities sports
🥌	حجرة لعبة الكرلنغ رياضة صخرة كيرلنغ مباراة أنشطة	curling stone game rock activities sports
🎯	نشان إصابة صابها لعبة مباشر مركز هدف أنشطة رياضة	bullseye bull dart direct entertainment game hit target activities sports
🪀	يويو أطفال تأرجح كلات لعبة أنشطة رياضة	yo-yo fluctuate toy activities sports
🪁	طائرة ورقية العاب تحليق طيارة ورق طيران هواء أنشطة رياضة	kite fly soar activities sports
🔫	مسدس ماء اداة طبنجة فرد لعبة أنشطة رياضة	water pistol gun handgun revolver tool weapon activities sports
🎱	بلياردو ٨ بيليار بيلياردو ثمانية طابة كرة رقم لعبة مباراة أنشطة رياضة	pool 8 ball 8ball billiard eight game activities sports
🔮	كرة كريستال تبصير تنجيم حدوتة خرافة سحر طالع مستقبل أنشطة رياضة	crystal ball fairy fairytale fantasy fortune future magic tale tool activities sports
🪄	عصا سحرية أبرا كدابرا أشياء أنشطة تعويذة ساحر ساحرة سحر رياضة	magic wand magician witch wizard activities sports
🎮	لعبة فيديو ألعاب إكس بوكس العاب كمبيوتر بلاي ستايشن جويستك غايم أنشطة رياضة	video game controller entertainment activities sports
🕹️	ذراع تحكم العاب كمبيوتر عصا لعبة فيديو أنشطة رياضة	joystick game video videogame activities sports
🎰	جهاز قمار كازينو لعبة ميسر أنشطة رياضة	slot machine casino gamble gambling game slots activities sports
🎲	زهر لعبة نرد أنشطة رياضة	game die dice entertainment activities sports
🧩	أحجية الصور المقطوعة بازل تحدي تداخل تركيب دليل فزورة قطع قطعة لعبة لغز منشار أنشطة رياضة	puzzle piece clue interlocking jigsaw activities sports
🧸	لعبة محشوة بشكل دب تيدي فرو دبدوب دبوب دمية سمين محشو ممتلىء أنشطة رياضة	teddy bear plaything plush stuffed toy activities sports
🪅	بنياتا أشياء أنشطة احتفال حفلة حلوى عيد ميلاد معلّقة مفاجأة هدية رياضة	piñata candy celebrate celebration cinco de festive mayo party pinada pinata activities sports
🪩	الكرة المضيئة حفل ديسكو رقص كرة ملهى ليلي أنشطة رياضة	mirror ball dance disco glitter party activities sports
🪆	دمية روسية أنشطة روسيا عروسة لعبة ماتريوشكا رياضة	nesting dolls babooshka baboushka babushka doll matryoshka russia activities sports
♠️	ورقة البستوني بطاقة رمز كرت كوتشينة لعبة ورق شدة أنشطة رياضة	spade suit card game activities sports
♥️	ورقة قلب أحمر رمز قلوب كوتشينة لعبة ورق شدة أنشطة رياضة	heart suit card emotion game hearts activities sports
♦️	ورقة لعب بشكل ماسة بطاقة رمز ورق شدة أنشطة رياضة	diamond suit card game activities sports
♣️	ورقة لعب بشكل شجرة أوراق رمز سباتي كوتشينة لعبة نادي نوادٍ ورق شدة أنشطة رياضة	club suit card clubs game activities sports
♟️	بيدق جندي شطرنج ضعيف أنشطة رياضة	chess pawn dupe expendable activities sports
🃏	جوكر أوراق لعبة ورق شدة ورقة يلعب أنشطة رياضة	joker card game wildcard activities sports
🀄	لعبة ورق يابانية تنين أحمر رمز ماهجونج أنشطة رياضة	mahjong red dragon game activities sports
🎴	بطاقات لعب كرت زهور لعبة ياباني أنشطة رياضة	flower playing cards card game Japanese activities sports
🎭	قناع وجه بربارا ترفيه تمثيل شيكسبير فن استعراضي فنون جميلة مسرح أنشطة رياضة	performing arts actor actress art entertainment mask theater theatre thespian activities sports
🖼️	إطار وصورة رسم صورة غاليري فن متحف معرض أنشطة رياضة	framed picture art frame museum painting activities sports
🎨	لوحة ألوان الرسام باليت تلوين رسام رسم فن فنان أنشطة رياضة	artist palette art artsy arty colorful creative entertainment museum painter painting activities sports
🧵	بكرة خيط إبرة حياكة خياطة خيوط فتلة مغزل نسيج أنشطة رياضة	thread needle sewing spool string activities sports
🪡	إبرة خياطة أنشطة إصلاح ملابس تطريز حياكة غرز فتلة هواية رياضة	sewing needle embroidery sew stitches sutures tailoring thread activities sports
🧶	خيط حياكة أشغال يدوية أعمال إبرة وفتلة خياطة دوبار دوبارة شَلة صوف صنارة غرزة غزْل فتلة كرة كروشيه لفة نسيج يدوي أنشطة رياضة	yarn ball crochet knit activities sports
🪢	عُقدة أدوات أنشطة ارتباط حبل عقدة متشابك مجدول مربوط ميثاق رياضة	knot cord rope tangled tie twine twist activities sports
🌍	كرة أرضية تعرض أوروبا وإفريقيا إفريقيا الأرض العالم سفر أماكن	globe showing Europe-Africa Africa earth Europe world travel places
🌎	كرة أرضية تعرض الأمريكتين أمريكا أميركا الارض العالم الكرة الأرضية اميركا الأمريكتان ارضية سفر أماكن	globe showing Americas earth world travel places
🌏	كرة أرضية تعرض آسيا وأستراليا أرض أستراليا الأرض العالم طبيعة كوكب سفر أماكن	globe showing Asia-Australia Asia Australia earth world travel places
🌐	كرة أرضية بخطوط طول الارض انترنت خطوط عرض رمز نت سفر أماكن	globe with meridians earth internet web world worldwide travel places
🗺️	خريطة العالم عالم سفر أماكن	world map travel places
🗾	خريطة اليابان سفر أماكن	map of Japan travel places
🧭	بوصلة اتجاه استرشاد بالبوصلة تخييم تنقل توجيه سفر مغناطيسي مغناطيسية ملاحة وجهة أماكن	compass direction magnetic navigation orienteering travel places
🏔️	جبل بقمة ثلجية برد جليد صقيع قمة مرتفع سفر أماكن	snow-capped mountain cold snow travel places
⛰️	جبل سفر أماكن	mountain travel places
🛘	انزلاق أرضي انهيار طيني جبل خطر صخور كارثة هزة أرضية سفر أماكن	landslide avalanche danger disaster earthquake mountain mudslide rocks travel places
🌋	بركان انفجار ثوران جبل طبيعة طقس سفر أماكن	volcano eruption mountain nature travel places
🗻	جبل فوجي ثلج طبيعة قمة سفر أماكن	mount fuji mountain nature travel places
🏕️	تخييم خيمة سفر أماكن	camping travel places
🏖️	شاطئ وشمسية استجمام استرخاء بحر جزيرة شمسية مشمس سفر أماكن	beach with umbrella travel places
🏜️	صحراء بادية سفر أماكن	desert travel places
🏝️	جزيرة صحراوية تالا صحراء نخلة سفر أماكن	desert island travel places
🏞️	حديقة وطنية جنينة متنزه سفر أماكن	national park travel places
🏟️	استاد مدرج ملعب سفر أماكن	stadium travel places
🏛️	مبنى أثري أثر قديم كلاسيكي متحف سفر أماكن	classical building travel places
🏗️	إنشاءات إنشاء رافعة سقالات مبنى ورشة بناء سفر أماكن	building construction crane travel places
🧱	طوبة أحجار أسمنت حائط حجارة حيط سد طمي طوب طين ملاط مونة سفر أماكن	brick bricks clay mortar wall travel places
🪨	صخرة أماكن تضاريس ثقيل جلمود حجر صخر صلب طوب قاس قسوة وعر سفر	rock boulder heavy solid stone tough travel places
🪵	خشب ألواح أماكن تصحّر جذع شجرة حطب قطع لوح مقطوع سفر	wood log lumber timber travel places
🛖	كوخ بيت دائري سكن مأوى مبنى مكان منزل يورت سفر أماكن	hut home house roundhouse shelter yurt travel places
🏘️	منازل بلدة بناء بيت منزل سفر أماكن	houses house travel places
🏚️	مبنى مهجور حطام قديم مباني مشعور منزل مهلهل هزة ارضية سفر أماكن	derelict house home travel places
🏠	منزل بيت ضاحية ضيعة فيلا مبنى مزرعة سفر أماكن	house building country heart home ranch settle simple suburban suburbia where travel places
🏡	منزل بحديقة بيت حديقة ضيعة فيلا مبنى سفر أماكن	house with garden building country heart home ranch settle simple suburban suburbia where travel places
🏢	مبنى إداري تجاري سنتر شغل عمل مدينة مكتب سفر أماكن	office building city cubical job travel places
🏣	مكتب بريد ياباني ارسال البريد مبنى سفر أماكن	Japanese post office building travel places
🏤	مكتب بريد اوروبي أوروبي سفر أماكن	post office building European travel places
🏥	مستشفى ادوية حكيم دكتور دواء صليب الاحمر طبيب مبنى سفر أماكن	hospital building doctor medicine travel places
🏦	بنك مال مبنى مصاري مصرف نقد سفر أماكن	bank building travel places
🏨	فندق اوتيل مبنى مبيت سفر أماكن	hotel building travel places
🏩	فندق حب شهر العسل مبنى مكان للحب سفر أماكن	love hotel building travel places
🏪	متجر بقالة دكان سوق 24 ساعة كشك مبنى صغير محل مول سفر أماكن	convenience store 24 building hours travel places
🏫	مدرسة تعليم ثقافة مبنى سفر أماكن	school building travel places
🏬	متجر شامل سنتر تسوق سوق سفر أماكن	department store building travel places
🏭	مصنع مبنى مشغل سفر أماكن	factory building travel places
🏯	قلعة يابانية بناء ياباني طراز مبنى سفر أماكن	Japanese castle building travel places
🏰	قلعة قصر أوروبية مبنى سفر أماكن	castle building European travel places
💒	كنيسة زفاف رومانس رومانسية رومنس زواج سفر أماكن	wedding chapel hitched nuptials romance travel places
🗼	برج طوكيو مرتفع يابان سفر أماكن	Tokyo tower travel places
🗽	تمثال الحرية حرية نيويورك سفر أماكن	Statue of Liberty liberty new ny nyc statue york travel places
⛪	كنيسة مبنى مسيحية سفر أماكن	church bless chapel Christian cross religion travel places
🕌	مسجد إسلام تراويح جامع دين رمضان صلاة الجمعة جماعة مسلمون سفر أماكن	mosque islam masjid Muslim religion travel places
🛕	معبد هندوسي أماكن ديانة طقوس دينية هندوسية هندي سفر	hindu temple travel places
🕍	معبد يهودي دين يهود يهودية سفر أماكن	synagogue Jew Jewish judaism religion temple travel places
⛩️	ضريح دين شنتو سفر أماكن	shinto shrine religion travel places
🕋	الكعبة إسلام حج دين طواف كعبة مسلم سفر أماكن	kaaba hajj islam Muslim religion umrah travel places
⛲	نافورة ماء مياه سفر أماكن	fountain travel places
⛺	خيمة تخييم كشاف مخيم سفر أماكن	tent camping travel places
🌁	ضباب جبل طبيعة طقس سفر أماكن	foggy fog travel places
🌃	ليل مع نجوم ابنية مرتفعة طقس مدينة نيويورك سفر أماكن	night with stars star travel places
🏙️	ناطحات سحاب ابنية شاهقة مرتفعة مباني مدينة منظر سفر أماكن	cityscape city travel places
🌄	شروق على جبل شمس الصباح بين جبلين صباح طبيعة سفر أماكن	sunrise over mountains morning sun travel places
🌅	شروق شمس صباح طبيعة طقس طلوع الشمس سفر أماكن	sunrise morning nature sun travel places
🌆	غروب مدينة ابنية شاهقة مرتفعة غسق مساء سفر أماكن	cityscape at dusk building city evening landscape sun sunset travel places
🌇	غسق ابنية مرتفعة شمس تغرب مدينة مغيب سفر أماكن	sunset building dusk sun travel places
🌉	جسر في الليل بحر وجسر طقس ليل مساء سفر أماكن	bridge at night travel places
♨️	ينابيع ساخنة رمز ساخن عيون متبخر يغلي ينبوع سفر أماكن	hot springs hotsprings steaming travel places
🎠	حصان الدوامة العاب ترفيه مدينة ملاهي سفر أماكن	carousel horse entertainment travel places
🛝	منزلق اللعب تزحلق حديقة ألعاب لعب ملعب سفر أماكن	playground slide amusement park play playing sliding theme travel places
🎡	عجلة دوارة ترفيه تسلية حديقة دولاب دوار ملاهي هواء فيريس مدينة العاب سفر أماكن	ferris wheel amusement park theme travel places
🎢	قطار ملاهي ترفيه حديقة رعب مدينة العاب سفر أماكن	roller coaster amusement park theme travel places
💈	محل حلاقة تزيين شعر تصفيف حلاق حلق شارة صالون سفر أماكن	barber pole cut fresh haircut shave travel places
🎪	خيمة سيرك ترفيه سرك سفر أماكن	circus tent travel places
🚂	جرار بخار سفر قطار قطر محرك مركبة نقل عام أماكن	locomotive caboose engine railway steam train trains travel places
🚃	عربة قطار ترام ركوب سفر كهربائي مركبة نقل عام أماكن	railway car electric train tram travel trolleybus places
🚄	قطار سريع ركوب شينكانسن مركبة نقل عام سفر أماكن	high-speed train railway shinkansen speed travel places
🚅	قطار سريع بوجه محدب سرعة فائقة سفر شينكانسن مركبة نقل عام وجه أماكن	bullet train high-speed nose railway shinkansen speed travel places
🚆	قطار تشو سكة حديد قطر مركبة نقل عام وصول سفر أماكن	train arrived choo railway travel places
🚇	مترو أنفاق سفر مركبة نقل عام أماكن	metro subway travel places
🚈	نقل خفيف سفر سكة حديد قطار مركبة عام أماكن	light rail arrived monorail railway travel places
🚉	محطة قطار سفر سكة نقل عام أماكن	station railway train travel places
🚊	ترام سفر قطار مركبة أماكن	tram trolleybus travel places
🚝	خط سكة حديد أحادي قطار مركبة نقل عام سفر أماكن	monorail vehicle travel places
🚞	سكة حديد جبلية جبل رحلة عربة قطار جبلي مركبة سفر أماكن	mountain railway car trip travel places
🚋	سيارة ترام باص مركبة سفر أماكن	tram car bus trolley trolleybus travel places
🚌	حافلة باص مدرسة مركبة نقل تلاميذ سفر أماكن	bus school vehicle travel places
🚍	حافلة مقتربة اقتراب باص مركبة مقترب نقل سفر أماكن	oncoming bus cars travel places
🚎	أتوبيس ترولي كهربائي باص ركوب مركبة نقل عام سفر أماكن	trolleybus bus tram trolley travel places
🚐	حافلة صغيرة باص ركوب فان قيادة مركبة نقل عام سفر أماكن	minibus bus drive van vehicle travel places
🚑	سيارة إسعاف اومبلونس حالة طارئة طارىء طوارىء مركبة سفر أماكن	ambulance emergency vehicle travel places
🚒	سيارة إطفاء حريق اطفاء مركبة سفر أماكن	fire engine truck travel places
🚓	سيارة شرطة دورية مركبة سفر أماكن	police car 5–0 cops patrol travel places
🚔	سيارة شرطة مقتربة حاجز دورية مركبة سفر أماكن	oncoming police car travel places
🚕	تاكسي uber اوبر سيرفيس مركبة سفر أماكن	taxi cab cabbie car drive vehicle yellow travel places
🚖	تاكسي مقترب ركوب سيرفيس مركبة نقل سفر أماكن	oncoming taxi cab cabbie cars drove hail yellow travel places
🚗	سيارة ركوب قيادة مركبة نقل سفر أماكن	automobile car driving vehicle travel places
🚘	سيارة مقتربة ركوب قادمة قيادة مركبة نقل سفر أماكن	oncoming automobile car cars drove vehicle travel places
🚙	مركبة رياضية آر في تخييم رحلة سيارة عربية استجمام سفر أماكن	sport utility vehicle car drive recreational sportutility travel places
🛻	شاحنة خفيفة بيك أب سائق سفر سيارة طريق قيادة مواصلات نقل أماكن	pickup truck automobile car flatbed pick-up transportation travel places
🚚	شاحنة توصيل طلبات دليفري ركوب مركبة نقل سفر أماكن	delivery truck car drive vehicle travel places
🚛	لوري انتقال بضائع شاحنة شبه مقطورة مركبة سفر أماكن	articulated lorry car drive move semi truck vehicle travel places
🚜	جرار تراكتور تركتور زراعة مركبة سفر أماكن	tractor vehicle travel places
🏎️	سيارة سباق سبق سيارات سفر أماكن	racing car zoom travel places
🏍️	دراجة بخارية دباب سباق سبق طقطاقي موتسيك موتو سفر أماكن	motorcycle racing travel places
🛵	سكوتر بمحرك دراجة نارية طقطاقي قيادة محرك نقل سفر أماكن	motor scooter travel places
🦽	كرسي متحرك يدوي إمكانية الوصول احتياجات خاصة اعاقة ذوو ذوي قعيد معاق مقعد وسيلة سفر أماكن	manual wheelchair accessibility travel places
🦼	كرسي متحرك كهربائي إعاقة إمكانية الوصول احتياجات خاصة ذوو ذوي الاحتياجات الخاصة سفر أماكن	motorized wheelchair accessibility travel places
🛺	توكتوك الهند تكتوك توك ريكاشة عربة هندية مواصلات سفر أماكن	auto rickshaw tuk travel places
🚲	دراجة بسكلتة ركوب سيكل مركبة سفر أماكن	bicycle bike class cycle cycling cyclist gang ride spin spinning travel places
🛴	سكوتر بدون محرك ركل سفر أماكن	kick scooter travel places
🛹	لوح التزلج تزحلق تزلج رياضة زحلقة سكيت بورد عجل عجلات متزلج مرح سفر أماكن	skateboard board skate skater wheels travel places
🛼	حذاء مع عجلات أماكن أنشطة باتيناج ترفيه تزلج بعجلات رحلة رياضة زلاجة مزلجة سفر	roller skate blades skates sport travel places
🚏	موقف حافلات سفر كاراج محطة أماكن	bus stop busstop travel places
🛣️	طريق سريع اوتوستراد شارع سفر أماكن	motorway highway road travel places
🛤️	سكة حديد ترين قطار قطر سفر أماكن	railway track train travel places
🛢️	برميل نفط زيت سفر أماكن	oil drum travel places
⛽	مضخة وقود بنزين بنزينة محطة سفر أماكن	fuel pump diesel fuelpump gas gasoline station travel places
🛞	عجلة إطار دائرة دوران سيارة مركبة سفر أماكن	wheel car circle tire turn vehicle travel places
🚨	إضاءة سيارة شرطة دوارة انذار تنبيه حاجز ضوء طوارىء سفر أماكن	police car light alarm alert beacon emergency revolving siren travel places
🚥	إشارة مرور أفقية إشارات اشارة سفر أماكن	horizontal traffic light intersection signal stop stoplight travel places
🚦	إشارة مرور رأسية إشارات عرضية اشارات السير اشارة سير تنظيم المرور ضوء سفر أماكن	vertical traffic light drove intersection signal stop stoplight travel places
🛑	علامة توقف ستوب شكل سداسي سفر أماكن	stop sign octagonal travel places
🚧	تحت الإنشاء إشارة إنشاء اشغال قيد الانشاء سفر أماكن	construction barrier travel places
🛙	سفر أماكن	lighthouse travel places
⚓	مرساة إشارة اداة سفينة سفر أماكن	anchor ship tool travel places
🛟	عوامة إنقاذ السلامة حفظ الحياة عوم منقذ سفر أماكن	ring buoy float life lifesaver preserver rescue safety save saver swim travel places
⛵	مركب شراعي شخطورة قارب منتجع بحري يخت سفر أماكن	sailboat boat resort sailing sea yacht travel places
🛶	زورق شخطورة قارب سفر أماكن	canoe boat travel places
🚤	قارب سريع ابحار زورق سفر صبف غني فخفخة مركبة يخت أماكن	speedboat billionaire boat lake luxury millionaire summer travel places
🛳️	سفينة ركاب راكب سفر مركبة نقل عام أماكن	passenger ship travel places
⛴️	عبّارة زورق سفر سفينة مركب أماكن	ferry boat passenger travel places
🛥️	زورق بخاري ابحار مركب مركبة يخت سفر أماكن	motor boat motorboat travel places
🚢	سفينة باخرة تايتنك سفر كروز مركبة مسافر نقل أماكن	ship boat passenger travel places
✈️	طائرة اقلاع سفر طيارة مركبة أماكن	airplane aeroplane fly flying jet plane travel places
🛩️	طائرة صغيرة مركبة سفر أماكن	small airplane aeroplane plane travel places
🛫	مغادرة طائرة رحيل سفر مركبة مسافر نقل عام هربان وصول أماكن	airplane departure aeroplane check-in departures plane travel places
🛬	وصول طائرة سفر طيارة مدرج مركبة مسافر هبوط أماكن	airplane arrival aeroplane arrivals arriving landing plane travel places
🪂	باراشوت إبحار بالمظلات الهوائية السماء تحليق رياضة قفز مظلة هبوط هواية سفر أماكن	parachute hang-glide parasail skydive travel places
💺	مقعد كرسي سفر أماكن	seat chair travel places
🚁	هليكوبتر سفر طائرة مركبة نقل أماكن	helicopter copter roflcopter travel vehicle places
🚟	سكة حديد معلقة ركوب مركبة نقل عام سفر أماكن	suspension railway travel places
🚠	قطار جبلي تليفريك جبل سيارة مركبة سفر أماكن	mountain cableway cable gondola lift ski travel places
🚡	عربة قطار هوائي تيليفريك خط ترام غوندولا مركبة سفر أماكن	aerial tramway cable car gondola ropeway travel places
🛰️	قمر صناعي ستالايت ستلايت فضاء مركبة مكوك سفر أماكن	satellite space travel places
🚀	صاروخ انطلاق سفر فضاء مركبة أماكن	rocket launch rockets space travel places
🛸	صحن طائر طبق غريب فضاء مخلوق فضائي مركبة فضائية سفر أماكن	flying saucer aliens extra terrestrial UFO travel places
🛎️	جرس فندق اوتيل مساعدة سفر أماكن	bellhop bell hotel travel places
🧳	حقائب السفر أمتعة تروللي تعبئة حقيبة بعجلات سفر شنط شنطة بعجل أماكن	luggage bag packing roller suitcase travel places
⌛	مؤقت رملي مكتمل تاريخ توقيت رمال رمل زمن ساعة رملية مكتملة سفر أماكن	hourglass done sand time timer travel places
⏳	مؤقت رملي غير مكتمل ساعة رملية موقت سفر أماكن	hourglass not done flowing hours sand timer waiting yolo travel places
⌚	ساعة يد وقت سفر أماكن	watch clock time travel places
⏰	ساعة منبه انتظار ساعات سفر أماكن	alarm clock hours hrs late time waiting travel places
⏱️	ساعة توقف توقيت سفر أماكن	stopwatch clock time travel places
⏲️	ساعة مؤقت توقيت سفر أماكن	timer clock travel places
🕰️	ساعة موقد توقيت وقت سفر أماكن	mantelpiece clock time travel places
🕛	الساعة الثانية عشرة 12:00 عشر 12 الظهر توقيت ظهر وقت سفر أماكن	twelve o’clock 12 12:00 clock time travel places
🕧	الثانية عشرة والنصف 12:30 عشر الساعة توقيت وقت سفر أماكن	twelve-thirty 12 12:30 30 clock thirty time twelve travel places
🕐	الساعة الواحدة 1:00 1 توقيت ساعة وقت سفر أماكن	one o’clock 1 1:00 clock time travel places
🕜	الواحدة والنصف 1 1:30 30 الساعة توقيت وقت سفر أماكن	one-thirty 1 1:30 30 clock one thirty time travel places
🕑	الساعة الثانية 2:00 ٢ سفر أماكن	two o’clock 2 2:00 clock time travel places
🕝	الثانية والنصف 2:30 الساعة ٢ سفر أماكن	two-thirty 2 2:30 30 clock thirty time two travel places
🕒	الساعة الثالثة 3:00 3 سفر أماكن	three o’clock 3 3:00 clock time travel places
🕞	الثالثة والنصف ٣:٣٠ الساعة 3:30 سفر أماكن	three-thirty 3 3:30 30 clock thirty three time travel places
🕓	الساعة الرابعة 4:00 4 سفر أماكن	four o’clock 4 4:00 clock time travel places
🕟	الرابعة والنصف 4:30 الساعة توقيت وقت سفر أماكن	four-thirty 30 4 4:30 clock four thirty time travel places
🕔	الساعة الخامسة 5:00 5 توقيت وقت سفر أماكن	five o’clock 5 5:00 clock time travel places
🕠	الخامسة والنصف 5:30 الساعة وقت سفر أماكن	five-thirty 30 5 5:30 clock five thirty time travel places
🕕	الساعة السادسة ٦ 6:00 توقيت وقت سفر أماكن	six o’clock 6 6:00 clock time travel places
🕡	السادسة والنصف 6:30 الساعة توقيت وقت سفر أماكن	six-thirty 30 6 6:30 clock six thirty travel places
🕖	الساعة السابعة 7:00 7 توقيت وقت سفر أماكن	seven o’clock 0 7 7:00 clock travel places
🕢	السابعة والنصف 7:30 الساعة توقيت وقت سفر أماكن	seven-thirty 30 7 7:30 clock seven thirty travel places
🕗	الساعة الثامنة ٨ 8:00 سفر أماكن	eight o’clock 8 8:00 clock time travel places
🕣	الثامنة والنصف 7:30 ٨ 8:30 الساعة سفر أماكن	eight-thirty 30 8 8:30 clock eight thirty time travel places
🕘	الساعة التاسعة ٩ 9:00 توقيت وقت سفر أماكن	nine o’clock 9 9:00 clock time travel places
🕤	التاسعة والنصف 9:30 الساعة تسعة ونص تسعه سفر أماكن	nine-thirty 30 9 9:30 clock nine thirty time travel places
🕙	الساعة العاشرة 10:00 10 توقيت وقت سفر أماكن	ten o’clock 0 10 10:00 clock travel places
🕥	العاشرة والنصف 10:30 الساعة توقيت وقت سفر أماكن	ten-thirty 10 10:30 30 clock ten thirty time travel places
🕚	الساعة الحادية عشرة 11:00 عشر 11 ساعة سفر أماكن	eleven o’clock 11 11:00 clock time travel places
🕦	الحادية عشر ونصف 11:30 الساعة توقيت وقت سفر أماكن	eleven-thirty 11 11:30 30 clock eleven thirty time travel places
🌑	محاق طبيعة طقس فضاء قمر معتم سفر أماكن	new moon dark space travel places
🌒	هلال بداية الشهر طبيعة طقس فضاء قمر أول شهر سفر أماكن	waxing crescent moon dreams space travel places
🌓	تربيع أول طبيعة طقس فضاء قمر سفر أماكن	first quarter moon space travel places
🌔	قمر أحدب متزايد طبيعة طقس فضاء محدودب سفر أماكن	waxing gibbous moon space travel places
🌕	بدر طبيعة طقس فضاء قمر كامل سفر أماكن	full moon space travel places
🌖	قمر أحدب متناقص تضاءل طقس فضاء سفر أماكن	waning gibbous moon space travel places
🌗	تربيع ثان طبيعة طقس فضاء قمر سفر أماكن	last quarter moon space travel places
🌘	هلال آخر الشهر طقس فضاء قمر متناقص سفر أماكن	waning crescent moon space travel places
🌙	هلال الهلال رمضان طقس فضاء قمر سفر أماكن	crescent moon ramadan space travel places
🌚	وجه محاق طقس فضاء قمر بوجه سفر أماكن	new moon face space travel places
🌛	وجه تربيع أول بداية الشهر بدر طقس فضاء قمر هلال سفر أماكن	first quarter moon face space travel places
🌜	وجه تربيع ثانٍ اخر الشهر حلم طقس فضا قمر سفر أماكن	last quarter moon face dreams travel places
🌡️	ترمومتر درجة الحرارة طقس سفر أماكن	thermometer weather travel places
☀️	شمس أشعة ساطعة طبيعة طقس فضاء مشمس سفر أماكن	sun bright rays space sunny weather travel places
🌝	وجه البدر بدر بوجه ساطعة طقس فضاء قمر مكتمل كامل سفر أماكن	full moon face bright travel places
🌞	وجه الشمس حرارة ساطع شاطىء شمس بوجه طقس فضاء لامع مشمس نجم نهار سفر أماكن	sun with face beach bright day heat shine sunny sunshine weather travel places
🪐	كوكب داخل حلقة أماكن الفضاء الخارجي زحل فضائي كواكب سفر	ringed planet saturn saturnine travel places
⭐	نجم متوسط أبيض فلك نجمة نجوم سفر أماكن	star astronomy medium stars white travel places
🌟	نجم ساطع إشراق ربح زهو سطوع لامع لمعان مساء سفر أماكن	glowing star glittery glow night shining sparkle win travel places
🌠	شهاب انطلاق سقوط طبيعة فضاء قنص نجم سفر أماكن	shooting star falling night space travel places
🌌	درب التبانة طبيعة فضاء مجرة نجوم سفر أماكن	milky way space travel places
☁️	سحابة طبيعة طقس غمامة غيمة مغيم سفر أماكن	cloud weather travel places
⛅	شمس خلف السحب سحابة مع سحب طبيعة غيمة مغيم سفر أماكن	sun behind cloud cloudy weather travel places
⛈️	سحابة وبرق ورعد برق رعد شتاء طقس غمامة غيمة مطر سفر أماكن	cloud with lightning and rain thunder thunderstorm travel places
🌤️	شمس خلف سحابة صغيرة سحاب طبيعة طقس غيمة مشمس جزئيا سفر أماكن	sun behind small cloud weather travel places
🌥️	شمس خلف سحابة كبيرة طقس غمامة غيمة سفر أماكن	sun behind large cloud weather travel places
🌦️	شمس خلف سحابة ومطر سحب شتاء طقس غائم غمامة غيمة مشمس جزئيا مطر سفر أماكن	sun behind rain cloud weather travel places
🌧️	سحابة ومطر سحب طبيعة طقس غمامة غيمة مطر ممطر سفر أماكن	cloud with rain weather travel places
🌨️	سحابة وثلج بارد بلوري ثلج سماء طبيعة طقس غيم كريستال مطر ندى سفر أماكن	cloud with snow cold weather travel places
🌩️	سحابة وبرق برق رعد طقس غيم غيمة مطر سفر أماكن	cloud with lightning weather travel places
🌪️	إعصار سحابة طبيعة طقس مدمر سفر أماكن	tornado cloud weather whirlwind travel places
🌫️	ضبابي رمادي سحاب سحب ضباب طقس غيمة غيوم داكنه معتم مغيمة ملبدة سفر أماكن	fog cloud weather travel places
🌬️	رياح سحاب طقس هبوب وجه ينفث ينفخ سفر أماكن	wind face blow cloud travel places
🌀	عاصفة إعصار التيفون تيفون دوار طقس سفر أماكن	cyclone dizzy hurricane twister typhoon weather travel places
🌈	ألوان الطيف إل جي بي تي الوان انعكاس الضوء انكسار ثنائي الميول طبيعة طقس قوس الرحمة قزح متحول مثلي مثليات مثلية مثليين مسيرة الفخر مطر سفر أماكن	rainbow gay genderqueer glbt glbtq lesbian lgbt lgbtq lgbtqia nature pride queer rain trans transgender weather travel places
🌂	شمسية مغلقة أمطار شتاء شتي طقس مطر مظلة ملابس سفر أماكن	closed umbrella clothing rain travel places
☂️	شمسية شتاء شتي طقس مطر مظلة ملابس سفر أماكن	umbrella clothing rain travel places
☔	شمسية وقطرات مطر تمطر شتاء شتي شمسة طقس قطرة مظلة ملابس سفر أماكن	umbrella with rain drops clothing drop weather travel places
⛱️	شمسية على الأرض شمس طقس مطر مظلة سفر أماكن	umbrella on ground rain sun travel places
⚡	جهد كهربي عالٍ إشارة فولت عال برق توتر عالي خطر صاعقة طبيعة كهرباء سفر أماكن	high voltage danger electric electricity lightning nature thunder thunderbolt zap travel places
❄️	كتلة ثلج بارد صقيع طبيعة طقس كريستال سفر أماكن	snowflake cold snow weather travel places
☃️	رجل ثلج برد جليد جمدة صقيع طقس سفر أماكن	snowman cold man snow travel places
⛄	رجل ثلج بدون متساقط برد من الثلج صقيع مثلج سفر أماكن	snowman without snow cold man travel places
☄️	مذنّب شهاب طبيعة فضاء محرق مذنب سفر أماكن	comet space travel places
🪋	سفر أماكن	meteor travel places
🔥	حريق تاجج ساخن شوب لهب نار يحرق سفر أماكن	fire af burn flame hot lit litaf tool travel places
💧	قطرة حزن دمع طبيعة طقس عرق مبلل عرقًا نقطة ماء هزل سفر أماكن	droplet cold comic drop nature sad sweat tear water weather travel places
🌊	موجة امواج ركوب البحر طبيعة طقس ماء محيط مياه سفر أماكن	water wave nature ocean surf surfer surfing travel places
👓	نظارة عوينات ملابس نظارات أشياء أدوات	glasses clothing eye eyeglasses eyewear objects tools
🕶️	نظارة شمس ظلام عتمة عوينات عين عيون مظلم نظارات أشياء أدوات	sunglasses dark eye eyewear glasses objects tools
🥽	نظارة واقية حماية العينين للعين سباح سباحة سنوركلينج شرارة عوم عينين غطاس غطس غواص غوص غوغلز لحام مياه أشياء أدوات	goggles dive eye protection scuba swimming welding objects tools
🥼	معطف مختبر بالطو أبيض تجارب تجربة ثوب جاكت حكيم دكتور سترة طبيب عالم علوم مختبرات معمل ملابس هدوم ياقة بيضاء أشياء أدوات	lab coat clothes doctor dr experiment jacket scientist white objects tools
🦺	سترة سلامة أمان ثياب صديري صرية طوارئ عامل فست فيست ملابس أشياء أدوات	safety vest emergency objects tools
👔	رابطة عنق تياب ثياب جاد قميص كرافات كرافتة ملابس موظف وظيفة أشياء أدوات	necktie clothing employed serious shirt tie objects tools
👕	تي شيرت تسوق تياب ثياب شوبينغ قميص ملابس نهاية الأسبوع ويك أند أشياء أدوات	t-shirt blue casual clothes clothing collar dressed shirt shopping tshirt weekend objects tools
👖	بنطلون جينز بنطال تسوق تياب ثياب شوبينغ ملابس نهاية الأسبوع ويك أند أشياء أدوات	jeans blue casual clothes clothing denim dressed pants shopping trousers weekend objects tools
🧣	وشاح برد دافئ شال عنق لفاف أشياء أدوات	scarf bundle cold neck up objects tools
🧤	قفّازان كف يد أشياء أدوات	gloves hand objects tools
🧥	معطف أحح أنوراك برد جاكيت دافئ سترة أشياء أدوات	coat brr bundle cold jacket up objects tools
🧦	جورب جرابات جوارب شرابات كلسات أشياء أدوات	socks stocking objects tools
👗	فستان تسوق تياب ثياب شوبينغ قطعة واحدة ملابس أشياء أدوات	dress clothes clothing dressed fancy shopping objects tools
👘	كيمونو ياباني تياب ثياب زي فستان مريح ملابس يايان أشياء أدوات	kimono clothing comfortable objects tools
🥻	ساري أزياء هندية ثياب فستان ملابس موضة أشياء أدوات	sari clothing dress objects tools
🩱	مايوه من قطعة واحدة بحر بدلة استحمام سباحة غطس ثياب ملابس أشياء أدوات	one-piece swimsuit bathing suit objects tools
🩲	ملابس تحتية بدلة استحمام سباحة ثياب سروال قطعة واحدة كيلوت مايوه داخلية أشياء أدوات	briefs bathing one-piece suit swimsuit underwear objects tools
🩳	شورت بدلة استحمام ثياب أخضر مايوه ملابس تحتية داخلية سباحة غطس أشياء أدوات	shorts bathing pants suit swimsuit underwear objects tools
👙	ملابس البحر بحر بيكيني تياب ثياب سباحة مايو مسبح استحمام أشياء أدوات	bikini bathing beach clothing pool suit swim objects tools
👚	ملابس حريمي إمرأة تسوق تياب ثياب سيدة شوبينغ فستان قميص ستاتية أشياء أدوات	woman’s clothes blouse clothing collar dress dressed lady shirt shopping woman objects tools
🪭	مروحة يدوية تبريد تهوية حر خجل رفرف رقص طي أشياء أدوات	folding hand fan clack clap cool cooling dance flirt flutter hot shy objects tools
👛	كيس نقود تسوق جزدان شنطة شوبينغ فلوس مال محفظة ملابس أشياء أدوات	purse clothes clothing coin dress fancy handbag shopping objects tools
👜	شنطة يد تبضع جزدان حقيبة شراء شوبينغ محفظة ملابس أشياء أدوات	handbag bag clothes clothing dress lady purse shopping objects tools
👝	محفظة يد جزدان حقيبة شنطة ملابس أشياء أدوات	clutch bag clothes clothing dress handbag pouch purse objects tools
🛍️	حقائب تسوق اوتيل حقيبة شراء شنط فندق أشياء أدوات	shopping bags bag hotel objects tools
🎒	حقيبة مدرسة تعليم دراسة شنطة علم أشياء أدوات	backpack backpacking bag bookbag education rucksack satchel school objects tools
🩴	صندل إصبع أزياء الصيف أشياء بإصبع حذاء شبشب حمام صنادل للشاطئ قدم موضة نعل أدوات	thong sandal beach flip flop sandals shoe thongs zōri objects tools
👞	حذاء رجالي تسوق ثياب جزمة رجل ركل شوبينغ لبط ملابس نعلة أشياء أدوات	man’s shoe brown clothes clothing feet foot kick man shoes shopping objects tools
👟	حذاء رياضي تسوق ثياب جري جزمة رياضة ركض ركل سريع سنيكرز شوبينغ عدو لبط ملابس يجري يركض يعدو أشياء أدوات	running shoe athletic clothes clothing fast kick shoes shopping sneaker tennis objects tools
🥾	حذاء لرحلات المشي أحذية بوت تخييم جِزم جزمة برقبة رحلة مخيم مشي لمسافات طويلة مسافات مغامرة نعل هايكينغ أشياء أدوات	hiking boot backpacking brown camping outdoors shoe objects tools
🥿	حذاء نسائي بدون كعب باليرينا بلا جزمة خفيفة فلات مريحة مسطحة واطية باليه خفيف مريح مسطح خف خفان دون نعل أشياء أدوات	flat shoe ballet comfy flats slip-on slipper objects tools
👠	حذاء بكعب عالٍ أحمر ثياب ستيليتو سكربينة فاشون فستان كعب عال ملابس أشياء أدوات	high-heeled shoe clothes clothing dress fashion heel heels shoes shopping stiletto woman objects tools
👡	صندل حريمي امرأة حذاء ستاتي سرماية شحاطة صندال ملابس أشياء أدوات	woman’s sandal clothing shoe woman objects tools
🩰	حذاء باليه أحذية باليرينا رقص فن هواية أشياء أدوات	ballet shoes dance objects tools
👢	حذاء طويل الساق حريمي بوت ستاتي بوتس ثياب عال نسائي ملابس أشياء أدوات	woman’s boot clothes clothing dress shoe shoes shopping woman objects tools
🪮	مشط عريض أفرو تصفيف شعر أفريقي كثافة يمشط يهندم أشياء أدوات	hair pick Afro comb groom objects tools
👑	تاج أسرة مالكة صراع العروش عائلة ملابس ملك ملكي أشياء أدوات	crown clothing family king medieval queen royal royalty win objects tools
👒	قبعة نسائية امرأة برنيطة سيدة حريمي ستاتية ملابس أشياء أدوات	woman’s hat clothes clothing garden hats party woman objects tools
🎩	قبعة رسمية برنيطة ترفيه سحر عالية أشياء أدوات	top hat clothes clothing fancy formal magic tophat objects tools
🎓	قبعة تخرج احتفال تعليم أشياء أدوات	graduation cap celebration clothing education hat scholar objects tools
🧢	قبعة رياضية طاقية بسبول بيسبول كاب كاسكيت أشياء أدوات	billed cap baseball bent dad hat objects tools
🪖	خوذة عسكرية أشياء جندي جيش زي عسكري محارب مقاتل مهنة واجب أدوات	military helmet army soldier war warrior objects tools
⛑️	خوذة رجل إنقاذ إسعاف بصليب أبيض صليب قبعة مساعدة مسعف وجه أشياء أدوات	rescue worker’s helmet aid cross face hat objects tools
📿	مسبحة صلاة تسبيح خرز دين قلادة ملابس أشياء أدوات	prayer beads clothing necklace religion objects tools
💄	أحمر شفاه تجميل حمرة روج مستحضرات أشياء أدوات	lipstick cosmetics date makeup objects tools
💍	خاتم ألماس بتتجوزيني براق تجوزني تجوزيني تزوجني تزوجيني تقدم خطبة خطوبة رومانس رومانسية رومنس زواج ماس مبروك متزوج مخطوب يلمع أشياء أدوات	ring diamond engaged engagement married romance shiny sparkling wedding objects tools
💎	جوهرة الماسة حجر كريم خطوبة رومانس رومانسية رومنس زفاف زواج عرس غني ماسة مال مجوهرات أشياء أدوات	gem stone diamond engagement jewel money romance wedding objects tools
🔇	ممنوع الحديث تسكيت تصميت رمز سبيكر سماعة وعلامة إلغاء صامت صمت ميوت هدوء أشياء أدوات	muted speaker mute quiet silent sound objects tools
🔈	صوت سماعة منخفض رمز سبيكر مجهر مكبّر جدا أشياء أدوات	speaker low volume soft sound objects tools
🔉	صوت معتدل رمز سبيكر سماعة بصوت منخفض متوسط أشياء أدوات	speaker medium volume sound objects tools
🔊	صوت سماعة مرتفع بصوت عالي أشياء أدوات	speaker high volume loud music sound objects tools
📢	مكبر صوت اعلان تواصل سماعة محمولة عال مرتفع مجهار مكرفون أشياء أدوات	loudspeaker address communication loud public sound objects tools
📣	مضخم الصوت تواصل ميغافون هتاف أشياء أدوات	megaphone cheering sound objects tools
📯	جرس بريد بوق نفخ أشياء أدوات	postal horn post objects tools
🔔	جرس صوت فرصة كنيسة أشياء أدوات	bell break church sound objects tools
🔕	ممنوع استخدام الجرس جرس عليه علامة إلغاء رمز سكوت عدم الازعاج الصوت هدوء أشياء أدوات	bell with slash forbidden mute no not prohibited quiet silent sound objects tools
🎼	علامة موسيقية أنغام سكور موسيقى نغم نغمة أشياء أدوات	musical score music note objects tools
🎵	نوتة موسيقية صوت موسيقى نغم أشياء أدوات	musical note music sound objects tools
🎶	نوتات موسيقية رمز صوت موسيقى نوتة أشياء أدوات	musical notes music note sound objects tools
🎙️	ميكروفون استوديو اذاعة استديو تسجيل صوتي مايك موسيقى أشياء أدوات	studio microphone mic music objects tools
🎚️	شريط منسوب مؤشر مزيكا مستوى موسيقى أشياء أدوات	level slider music objects tools
🎛️	أزرار تحكم كونترول موسيقى أشياء أدوات	control knobs music objects tools
🎤	ميكروفون صوت طرب غناء كاراوكي مايك موسيقى أشياء أدوات	microphone karaoke mic music sing sound objects tools
🎧	سماعة رأس ترفيه صوت هيدفون أشياء أدوات	headphone earbud sound objects tools
📻	راديو اذاعة ترفيه تسلية فيديو أشياء أدوات	radio entertainment tbt video objects tools
🎷	ساكسفون آلة موسيقية موسيقى أشياء أدوات	saxophone instrument music sax objects tools
🎺	آلة نفخ موسيقية ترومبت عزف موسيقى أشياء أدوات	trumpet instrument music objects tools
🪊	ترومبون آلات النفخ أداة جاز حزين موسيقى نحاس أشياء أدوات	trombone brass instrument jazz music sad slide objects tools
🪗	أكورديون آلة موسيقية أشياء أصابع بيانو احتفال عزف غناء فن موسيقى أدوات	accordion box concertina instrument music squeeze squeezebox objects tools
🎸	غيتار آلة موسيقية روك موسيقى نغم أشياء أدوات	guitar instrument music strat objects tools
🎹	بيانو عزف لوحة مفاتيح موسيقية موسيقى أشياء أدوات	musical keyboard instrument music piano objects tools
🎻	كمان آلة موسيقية عزف كمنجا موسيقى أشياء أدوات	violin instrument music objects tools
🪕	آلة بانجو أداة البانجو مزيكا موسيقى وتريات أشياء أدوات	banjo music stringed objects tools
🥁	طبلة تطبيل طبل عصا الطبلة موسيقى أشياء أدوات	drum drumsticks music objects tools
🪘	طبل طويل أداة أشياء احتفال دف دق رقص فرح كونغا لحن موسيقى أدوات	long drum beat conga instrument rhythm objects tools
🪇	مركاس آلة موسيقية تشا حفلة خشخيشة دق رجّاجة رقص شخشيخة شخلل موسيقى نقر هز أشياء أدوات	maracas cha dance instrument music party percussion rattle shake shaker objects tools
🪈	فلوت آلة موسيقية أداة أوركسترا عزف قصبة مزمار موسيقى نفخ أشياء أدوات	flute band fife flautist instrument marching music orchestra piccolo pipe recorder woodwind objects tools
🪉	قيثارة آلة أوركسترا كيوبيد موسيقى أشياء أدوات	harp cupid instrument love music orchestra objects tools
📱	هاتف جوال تليفون خلوي محمول موبايل نقال أشياء أدوات	mobile phone cell communication telephone objects tools
📲	هاتف جوال مع سهم إجراء مكالمة استقبال اتصال تليفون تواصل خلوي رد على سليلور موبايل أشياء أدوات	mobile phone with arrow build call cell communication receive telephone objects tools
☎️	هاتف أرضي تليفون أشياء أدوات	telephone phone objects tools
📞	سماعة هاتف تليفون تواصل أشياء أدوات	telephone receiver communication phone voip objects tools
📟	جهاز نداء آلي بيجر تواصل مناداة أشياء أدوات	pager communication objects tools
📠	فاكس تلفاكس تواصل ماكنة أشياء أدوات	fax machine communication objects tools
🔋	بطارية طاقة أشياء أدوات	battery objects tools
🪫	بطارية ضعيفة إلكتروني طاقة منخفضة مُستنزَف أشياء أدوات	low battery drained electronic energy power objects tools
🔌	فيشة كهرباء بريز فيش أشياء أدوات	electric plug electricity objects tools
💻	كمبيوتر محمول pc حاسوب شخصي كومبيوتر لابتوب مكتب أشياء أدوات	laptop computer office pc personal objects tools
🖥️	كمبيوتر ايكران ايكرون سطح مكتب سكرين شاشة شخصي أشياء أدوات	desktop computer monitor objects tools
🖨️	طابعة برنتر كمبيوتر أشياء أدوات	printer computer objects tools
⌨️	لوحة مفاتيح ازرار الكمبيوتر كمبيوتر كومبيوتر كيبورد أشياء أدوات	keyboard computer objects tools
🖱️	ماوس 3 ثلاثة زر فارة كمبيوتر كومبيوتر أشياء أدوات	computer mouse objects tools
🖲️	كرة مسار فارة كمبيوتر كومبيوتر ماوس أشياء أدوات	trackball computer objects tools
💽	قرص كمبيوتر بصري سي دس كومبيوتر ميني ديسك أشياء أدوات	computer disk minidisk optical objects tools
💾	قرص مرن فلوبي أشياء أدوات	floppy disk computer objects tools
💿	سي دي bluray cd dvd في قرص ضوئي كمبيوتر كومبيوتر أشياء أدوات	optical disk blu-ray CD computer dvd objects tools
📀	قرص Dvd cd dvd بصري بلو راي دي في ديسك سي كمبيوتر كومبيوتر أشياء أدوات	dvd Blu-ray cd computer disk DVD optical objects tools
🧮	معداد آلة حاسبة أباكوس تعداد حساب حسابات عداد خشبي محاسبة أشياء أدوات	abacus calculation calculator objects tools
🎥	كاميرا أفلام تسجيل سينما صناعة افلام فيلم هوليوود أشياء أدوات	movie camera bollywood cinema film hollywood record objects tools
🎞️	شريط سينمائي إطارات سينما فيلم أشياء أدوات	film frames cinema movie objects tools
📽️	جهاز عرض أفلام إسقاط فيديو بروجكتور سينما عارض فلم فيلم أشياء أدوات	film projector cinema movie video objects tools
🎬	كلاكيت أكشون أكشيون ترفيه فيلم موفي أشياء أدوات	clapper board action movie objects tools
📺	تليفزيون تلفزيون تي في سهرة فيديو مشاهدة أشياء أدوات	television tv video objects tools
📷	كاميرا التقاط انستاغرام تصوير سلفي سيلفي صورة فيديو لحظات أشياء أدوات	camera photo selfie snap tbt trip video objects tools
📸	كاميرا بفلاش تصوير فلاش فيديو أشياء أدوات	camera with flash video objects tools
📹	كاميرا فيديو ذكريات أشياء أدوات	video camera camcorder tbt objects tools
📼	شريط فيديو vcr أشياء أدوات	videocassette old school tape vcr vhs video objects tools
🔍	عدسة مكبرة اتجاه اليسار بحث تكبير لليسار علم مختبر مكبر أشياء أدوات	magnifying glass tilted left lab left-pointing science search tool objects tools
🔎	عدسة مكبرة اتجاه اليمين اداة بحث لليمين يسار علم مختبر مكبر أشياء أدوات	magnifying glass tilted right contact lab right-pointing science search tool objects tools
🕯️	شمعة اضاءة سلام ضوء أشياء أدوات	candle light objects tools
💡	مصباح مضاء فكرة كهرباء لمبة مضيئة أشياء أدوات	light bulb comic electric idea objects tools
🔦	ضوء فلاش اداة الكتريك كشاف كهربائي أشياء أدوات	flashlight electric light tool torch objects tools
🏮	فانوس بورق أحمر إزاكايا بار ضوء ورقي مطعم ياباني أشياء أدوات	red paper lantern bar light restaurant objects tools
🪔	مصباح ضياء أداة إضاءة زيت سراج شمعة مشكاة مطفأة سجائر منفضة أشياء أدوات	diya lamp light oil objects tools
📔	دفتر مزين تعليم مزخرف ملاحظات غلاف كتاب مدرسة أشياء أدوات	notebook with decorative cover book decorated education school writing objects tools
📕	كتاب مغلق تعليم ثقافة دراسة مكتبة أشياء أدوات	closed book education objects tools
📖	كتاب مفتوح امتحانات دراسة علم قراءة مدرسة معرفة أشياء أدوات	open book education fantasy knowledge library novels reading objects tools
📗	كتاب أخضر تعلم تعليم دراسة قراءة مكتبة أشياء أدوات	green book education fantasy library reading objects tools
📘	كتاب أزرق تعليم دراسة قراءة مدرسة مكتبة أشياء أدوات	blue book education fantasy library reading objects tools
📙	كتاب برتقالي تعليم دراسة قراءة مدرسة مكتبة أشياء أدوات	orange book education fantasy library reading objects tools
📚	كتب امتحانات تعليم جامعة دراسة درس قراءة كتاب مدرسة معرفة وظيفية أشياء أدوات	books book education fantasy knowledge library novels reading school study objects tools
📓	دفتر ملاحظات أشياء أدوات	notebook objects tools
📒	دفتر كراسة ملاحظات أشياء أدوات	ledger notebook objects tools
📃	صفحة ملفوفة صحيفة بطية مطوية مستند أشياء أدوات	page with curl document paper objects tools
📜	ورقة ملفوفة تاريخ رسالة مخطوطة أشياء أدوات	scroll paper objects tools
📄	مستند أعلى صفحة بوجه لأعلى فوق وجه ورق ورقة أشياء أدوات	page facing up document paper objects tools
📰	جريدة أخبار صحافة صحيفة أشياء أدوات	newspaper communication news paper objects tools
🗞️	صحيفة مطوية أخبار اخبار جريدة أشياء أدوات	rolled-up newspaper news paper rolled objects tools
📑	لصاقات علامات توقف قراءة بوك مارك تبويب علامة لصاقة مؤشر أشياء أدوات	bookmark tabs mark marker objects tools
🔖	علامة توقف قراءة بوك مارك أشياء أدوات	bookmark mark objects tools
🏷️	ملصق تاغ تاق تيكيت علامة أشياء أدوات	label tag objects tools
🪙	عملة معدنية أشياء ثري ذهب فضة كنز مال معدن أدوات	coin dollar euro gold metal money rich silver treasure objects tools
💰	حقيبة نقود أموال احتياط بنك دولارات دراهم دفع ذهب رهن شنطة غني فلوس كاش كيس مال مصاري مصرف أشياء أدوات	money bag bank bet billion cash cost dollar gold million moneybag paid paying pot rich win objects tools
🪎	صندوق كنز أشياء ثمينة أموال ثروة جائزة جواهر جوهرة ذهب غنيمة فضة أدوات	treasure chest gem gold jewels loot money prize silver valuables wealth objects tools
💴	ورقة ين أموال بانكنوت بنك عملة فلوس مصاري مصرف نقود أشياء أدوات	yen banknote bank bill currency money note objects tools
💵	ورقة دولار أموال بنك بنكنوت سيولة عملة فلوس مال مصاري مصرف نقود أشياء أدوات	dollar banknote bank bill currency money note objects tools
💶	ورقة يورو ١٠٠ أموال اموال بانكنوت مال مصاري نقود أشياء أدوات	euro banknote 100 bank bill currency money note rich objects tools
💷	ورقة جنيه أموال اموال بانكنوت باوند عملة فلوس كاش مال مصاري نقود أشياء أدوات	pound banknote bank bill billion cash currency money note pounds objects tools
💸	أموال تطير بأجنحة بانكنوت طائر بليون دولار مال باجنحة مصاري أشياء أدوات	money with wings bank banknote bill billion cash dollar fly million note pay objects tools
💳	بطاقة ائتمان بنك دفع كاش كردت كارد مال مصرف أشياء أدوات	credit card bank cash charge money pay objects tools
🧾	إيصال إثبات برهان حساب حسابات حفظ الدفاتر دليل ريسيت فاتورة فواتير محاسبة مستند وصْل أشياء أدوات	receipt accounting bookkeeping evidence invoice proof objects tools
💹	مخطط لبيانات متزايدة مع الين أسهم مرتفعة ارتفاع اسهم اقتصاد انتاج بنك بيانات رمز زيادة معدل سوق رائجة مال مصارف نمو أشياء أدوات	chart increasing with yen bank currency graph growth market money rise trend upward objects tools
✉️	ظرف ايميل بريد إلكتروني رسالة أشياء أدوات	envelope e-mail email letter objects tools
📧	بريد إلكتروني ايميل تواصل خطاب رسالة أشياء أدوات	e-mail email letter mail objects tools
📨	بريد وارد ايميل إلكتروني مستلم تواصل توصيل خطاب ظرف كمبيوتر مرسال مرسل أشياء أدوات	incoming envelope delivering e-mail email letter mail receive sent objects tools
📩	بريد صادر ايميل إلكتروني قادم مرسل وارد تواصل خطاب رسالة واردة ظرف أشياء أدوات	envelope with arrow communication down e-mail email letter mail outgoing send sent objects tools
📤	صندوق صادر ايميل بريد تواصل جارور رسالة الوارد علبة مرسل أشياء أدوات	outbox tray box email letter mail sent objects tools
📥	صندوق وارد ايميل بريد مستلم تواصل جارور صينية علبة لا توجد رسائل أشياء أدوات	inbox tray box email letter mail receive zero objects tools
📦	طرد بريد بضائع تسليم حزمة رزمة شحن علبة كرتونة أشياء أدوات	package box communication delivery parcel shipping objects tools
📫	صندوق بريد مغلق بإشارة مرفوعة بعلامة لأعلى علبة أشياء أدوات	closed mailbox with raised flag communication mail postbox objects tools
📪	صندوق بريد مغلق بإشارة لأسفل بعلامة علبة أشياء أدوات	closed mailbox with lowered flag mail postbox objects tools
📬	صندوق بريد مفتوح بإشارة مرفوعة بعلامة لأسفل علبة أشياء أدوات	open mailbox with raised flag mail postbox objects tools
📭	صندوق بريد مفتوح بإشارة لأسفل بعلامة لأعلى علبة أشياء أدوات	open mailbox with lowered flag mail postbox objects tools
📮	صندوق بريد أشياء أدوات	postbox mail mailbox objects tools
🗳️	صندوق اقتراع وورقة انتخابات أشياء أدوات	ballot box with objects tools
✏️	قلم رصاص تدوين كتابة أشياء أدوات	pencil objects tools
✒️	سن قلم أسود حبر اسود خط ستيلو كتابة أشياء أدوات	black nib pen objects tools
🖋️	قلم حبر ستيلو كتابة محبرة أشياء أدوات	fountain pen objects tools
🖊️	قلم جاف حبر أشياء أدوات	pen ballpoint objects tools
🖌️	فرشاة ألوان تلوين رسم أشياء أدوات	paintbrush painting objects tools
🖍️	قلم شمع ملون ألوان أشياء أدوات	crayon objects tools
📝	مذكرة تدوين تذكير تواصل قلم رصاص ملاحظة ميديا أشياء أدوات	memo communication media notes pencil objects tools
🪌	أشياء أدوات	eraser objects tools
💼	حقيبة كتب شنطة مكتب أشياء أدوات	briefcase office objects tools
📁	مجلد ملفات فولدر ملف أشياء أدوات	file folder objects tools
📂	مجلد مفتوح فولدر ملفات ملف أشياء أدوات	open file folder objects tools
🗂️	حاجز بطاقات بطاقة ترتيب حواجز فهرسة مؤشر أشياء أدوات	card index dividers objects tools
📅	تقويم رزنامة روزنامة أشياء أدوات	calendar date objects tools
📆	تقويم بأوراق للقطع رزنامة روزنامة أشياء أدوات	tear-off calendar objects tools
🗒️	ورقة ملاحظات حلزوني ملاحظة أشياء أدوات	spiral notepad note pad objects tools
🗓️	تقويم حلزوني رزنامة ورقة أشياء أدوات	spiral calendar pad objects tools
📇	فهرس بطاقات دقة قديمة كارت مدرسة أشياء أدوات	card index old rolodex school objects tools
📈	اتجاه لأعلى احصائيات ارتفاع بيانات زيادة مخطط نمو أشياء أدوات	chart increasing data graph growth right trend up upward objects tools
📉	مخطط بياني لأسفل اتجاه احصائيات انخفاض بيانات تراجع سقوط أشياء أدوات	chart decreasing data down downward graph negative trend objects tools
📊	مخطط بياني شريطي احصائيات بيانات تخطيط أشياء أدوات	bar chart data graph objects tools
📋	لوح كتابة مشبكي لائحة لوحة ملصقات ليسته مشبك أشياء أدوات	clipboard do list notes objects tools
📌	دبوس ضغط تثبيت أشياء أدوات	pushpin collage pin objects tools
📍	دبوس مستدير تثبيت مشبك موقع أشياء أدوات	round pushpin location map pin objects tools
📎	مشبك ورق اتاش أشياء أدوات	paperclip objects tools
🖇️	مشبك ورق مقترن أوراق اتاش أشياء أدوات	linked paperclips link paperclip objects tools
📏	مسطرة حافة مستوية أشياء أدوات	straight ruler angle edge math straightedge objects tools
📐	مسطرة مثلثة حساب رياضيات مثلث رسم أشياء أدوات	triangular ruler angle math rule set slide triangle objects tools
✂️	مقص أداة اداة قص ورق أشياء أدوات	scissors cut cutting paper tool objects tools
🗃️	صندوق بطاقات بطاقة ملف أشياء أدوات	card file box objects tools
🗄️	خزانة ملفات توثيق جارور جوارير ملف أشياء أدوات	file cabinet filing paper objects tools
🗑️	سلة نفايات مهملات أشياء أدوات	wastebasket can garbage trash waste objects tools
🔒	قفل خاص سري مغلق مقفل أشياء أدوات	locked closed lock private objects tools
🔓	قفل مفتوح فتح أشياء أدوات	unlocked cracked lock open unlock objects tools
🔏	قفل مغلق بقلم حبر خصوصية سرية عليه قلم مقفل أشياء أدوات	locked with pen ink lock nib privacy objects tools
🔐	قفل مغلق بمفتاح آمن امن دراجة هوائية عليه مفتاح أشياء أدوات	locked with key bike closed lock secure objects tools
🔑	مفتاح فتح قفل اساسي كلمة سر مرور أشياء أدوات	key keys lock major password unlock objects tools
🗝️	مفتاح قديم فكرة قفل لغز مساعدة أشياء أدوات	old key clue lock objects tools
🪍	أشياء أدوات	net with handle objects tools
🔨	مطرقة اداة اصلاح تصليح شاكوش عدة أشياء أدوات	hammer home improvement repairs tool objects tools
🪓	بلطة أداة أدوات تقسيم تقطيع خشب شاكوش عامل فأس فلاح معدات نجار أشياء	axe ax chop hatchet split wood objects tools
⛏️	فأس أداة اداة تنقيب شاكوش منجم أشياء أدوات	pick hammer mining tool objects tools
⚒️	مطرقة ومثقاب أداة ثقب دق شاكوش أشياء أدوات	hammer and pick tool objects tools
🛠️	شاكوش ومفتاح أداة اداة مفتاح أشياء أدوات	hammer and wrench spanner tool objects tools
🗡️	خنجر سكين سلاح سيف طعن أشياء أدوات	dagger knife weapon objects tools
⚔️	سيفان متصالبان سلاح معقوق أشياء أدوات	crossed swords weapon objects tools
💣	قنبلة انفجار بووم خطر رعب مشاعر أشياء أدوات	bomb boom comic dangerous explosion hot objects tools
🪃	خذوف مرتد أداة أستراليا أشياء ارتداد سلاح ضرب عصا مقوسة كيد هجوم أدوات	boomerang rebound repercussion weapon objects tools
🏹	قوس وسهم برج الرامي رامي سلاح سهم وتر أشياء أدوات	bow and arrow archer archery Sagittarius tool weapon zodiac objects tools
🛡️	درع حماية سلاح أشياء أدوات	shield weapon objects tools
🪚	منشار يدوي أداة أشياء خشب قطع نجار أدوات	carpentry saw carpenter cut lumber tool trim objects tools
🔧	مفتاح ربط اداة رانش رنش عدة مفك أشياء أدوات	wrench home improvement spanner tool objects tools
🪛	مفك براغي أداة أشياء إصلاح عادة أدوات	screwdriver flathead handy screw tool objects tools
🔩	صامولة ومسمار اصلاح برغي تصليح عدة عزقة مسمار أشياء أدوات	nut and bolt home improvement tool objects tools
⚙️	ترس أداة اعدادات بكرة مسننة أشياء أدوات	gear cog cogwheel tool objects tools
🗜️	آلة ضغط أداة سنكري ملزمة أشياء أدوات	clamp compress tool vice objects tools
⚖️	ميزان أداة برج الميزان توازن عدالة كفتان وزن أشياء أدوات	balance scale justice Libra scales tool weight zodiac objects tools
🦯	عصا سير أداة أعمى إمكانية الوصول احتياجات خاصة ضرير كفيف أشياء أدوات	white cane accessibility blind probing objects tools
🔗	علامة رابط حلقتان ربط روابط لينك أشياء أدوات	link links objects tools
⛓️‍💥	سلسلة مكسورة يكسر، كسر، سلسلة، أصفاد، حرية أشياء أدوات	broken chain break breaking cuffs freedom objects tools
⛓️	سلاسل جنزير سلسلة أشياء أدوات	chains chain objects tools
🪝	خطاف أداة أشياء إبزيم إلتقاط سمكة صنارة صيد طُعم كبشة كلاب مشبك نقطة شراء أدوات	hook catch crook curve ensnare point selling objects tools
🧰	صندوق أدوات أداة أدراج صدر أحمر عدة عِدة علبة معدات مفكات ميكانيكي أشياء	toolbox box chest mechanic red tool objects tools
🧲	مغناطيس U جاذبية جذب حدوة حرف u حصان شكل فرس مغناطيسي هورس شو أشياء أدوات	magnet attraction horseshoe magnetic negative positive shape u objects tools
🪜	سلّم أشياء تسلق درج سلم النجاح صعود عارضة متسلق وصولي أدوات	ladder climb rung step objects tools
🪏	جاروف حفر حفرة رفش مجراف أشياء أدوات	shovel bury dig garden hole plant scoop snow spade objects tools
⚗️	أمبيق أداة اداة انبيق تقطير جهاز كيمياء مختبر أشياء أدوات	alembic chemistry tool objects tools
🧪	أنبوب اختبار أنبوبة تجارب تجربة علوم كيمياء كيميائي معمل أشياء أدوات	test tube chemist chemistry experiment lab science objects tools
🧫	صحفة بتري أحياء أحيائي باكتيريا بكتيريا بيولوجي بيولوجيا تايه ثقافة طبق عامل دماغ عينة فحص مختبر مش مركز مشوش الذهن معمل أشياء أدوات	petri dish bacteria biologist biology culture lab objects tools
🧬	الحامض النووي dna أحيائي الجينوم الحياة بيولوجي تطور جين جينات جيني حلزون حياة دي إن إيه ان اي علم الجينات أشياء أدوات	dna biologist evolution gene genetics life objects tools
🔬	ميكروسكوب أداة بحث تجارب طب طبابة علم فحص مختبر أشياء أدوات	microscope experiment lab science tool objects tools
🔭	تليسكوب أداة سماء علم فضاء معاينة أشياء أدوات	telescope contact extraterrestrial science tool objects tools
📡	طبق قمر صناعي تواصل دش ساتلايت ستلايت صحن علم هوائي أشياء أدوات	satellite antenna aliens contact dish science objects tools
💉	إبرة حقن ابرة تلقيح جريب حقنة دواء سرنجة طب طبيب طعم لقاح مرض مريض مطاعيم مطعوم أشياء أدوات	syringe doctor flu medicine needle shot sick tool vaccination objects tools
🩸	قطرة دم تبرع بالدم جرح حيض طب طمث مختبر نزيف نقطة ينزف أشياء أدوات	drop of blood bleed donation injury medicine menstruation objects tools
💊	حبوب التهاب انتيبيوتيك جرعة حبة دواء طب طبيب فيتامين مرض مريض أشياء أدوات	pill doctor drugs medicated medicine pills sick vitamin objects tools
🩹	ضمادة لاصقة ألم إصابة جرح طب جروح أشياء أدوات	adhesive bandage objects tools
🩼	عكاز إصابة إعاقة ضرر عصا مساعدة وسيلة على الحركة أشياء أدوات	crutch aid cane disability help hurt injured mobility stick objects tools
🩺	سماعة طبيب أداة دكتور طبية ضربات القلب طب قلب كشف نبضات أشياء أدوات	stethoscope doctor heart medicine objects tools
🩻	أشعة سينية طبي طبيب عظام هيكل عظمي أشياء أدوات	x-ray bones doctor medical skeleton skull xray objects tools
🚪	باب امامي خلفي خزانة مدخل أشياء أدوات	door back closet front objects tools
🛗	مصعد أسانسير أشياء إمكانية الوصول رافع صعود نزول هبوط وصول أدوات	elevator accessibility hoist lift objects tools
🪞	مرآة أثاث أدوات أشياء انعكاس تجميل تزيين ديكور عاكس معدنية	mirror makeup reflection reflector speculum objects tools
🪟	نافذة أشياء إطار إطلالة زجاجي شباك شفاف فتحة منظر نجارة هواء منعش وندوز أدوات	window air frame fresh opening transparent view objects tools
🛏️	سرير اوتيل فندق نوم أشياء أدوات	bed hotel sleep objects tools
🛋️	كنبة ومصباح استراحة استرخاء اوتيل صوفه فندق مصباح أشياء أدوات	couch and lamp hotel objects tools
🪑	كرسي أثاث جلس جلوس خشب قعد قعود مقعد يقعد أشياء أدوات	chair seat sit objects tools
🚽	مرحاض تواليت حمام أشياء أدوات	toilet bathroom objects tools
🪠	مكبس غطاس أدوات أشياء امتصاص حمام سباك سباكة شفط ضغط مرحاض	plunger cup force plumber poop suction toilet objects tools
🚿	دوش استحمام شاور بخاخ أشياء أدوات	shower water objects tools
🛁	حوض استحمام استرخاء بانيو حمام دوش رغوة صابون مغطس أشياء أدوات	bathtub bath objects tools
🪤	مصيدة فئران أشياء أمسك جيري طعم فأر فخ كمين أدوات	mouse trap bait cheese lure mousetrap snare objects tools
🪒	موس حلاقة أداة حاد شفرة أشياء أدوات	razor sharp shave objects tools
🧴	زجاجة غسول بلسم شامبو لوشن مرطب واقي من أشعة الشمس أشياء أدوات	lotion bottle moisturizer shampoo sunscreen objects tools
🧷	دبوس أمان حفاضة حقيبة بانك روك آمن فرنجي مشبك أشياء أدوات	safety pin diaper punk rock objects tools
🧹	مكنسة تنظيف ساحر ساحرة شريرة كنس مسح مقشة طائرة أشياء أدوات	broom cleaning sweeping witch objects tools
🧺	سلة باسكت حصاد رحلة قصيرة زراعة سَبَت غسيل قش مزرعة يحصد أشياء أدوات	basket farming laundry picnic objects tools
🧻	لفة ورق بكرة كلينكس مناديل حمام مناشف ورقية تواليت أشياء أدوات	roll of paper toilet towels objects tools
🪣	دلو أدوات أشياء برميل تنظيف جردل خابية مسح وعاء	bucket cask pail vat objects tools
🧼	صابون استحمام اغتسال تنظيف تنظيفة جلد حمام دش دُش دوش رغوة شامبو شاور طبق قالب لوح نظافة أشياء أدوات	soap bar bathing clean cleaning lather soapdish objects tools
🫧	فقاعات تحت الماء تنظيف جشاء صابون طفو أشياء أدوات	bubbles bubble burp clean floating pearl soap underwater objects tools
🪥	فرشاة أسنان أداة أشياء تسوس تنظيف حمام غسيل فم نظافة أدوات	toothbrush bathroom brush clean dental hygiene teeth toiletry objects tools
🧽	اسفنجة إسفنج إسفنجة تنظيف حك دعك سفنج سفنجة فراغ فراغات ماص مسام مسامي نظافة نقع أشياء أدوات	sponge absorbing cleaning porous soak objects tools
🧯	مطفأة حريق إخماد إطفاء طفاية أشياء أدوات	fire extinguisher extinguish quench objects tools
🛒	عربة التسوق تروللي تسوق شراء أشياء أدوات	shopping cart trolley objects tools
🚬	سيجارة إشارة اشارة تدخين مسموح بالتدخين أشياء أدوات	cigarette smoking objects tools
⚰️	تابوت دفن مصاص دماء موت أشياء أدوات	coffin dead death vampire objects tools
🪦	حجر مقبرة أشياء أماكن شاهد القبر عزاء قبر موت ميت نصب تذكاري وفاة أدوات	headstone cemetery dead grave graveyard memorial rip tomb tombstone objects tools
⚱️	رماد موتى جنازة وفاة أشياء أدوات	funeral urn ashes death objects tools
🧿	الخرزة الزرقاء أزرق تعويذة تميمة حاسد حسد حسود حظ خرزة زرقاء سحر طلاسم طلسم عمل عين الحسود أشياء أدوات	nazar amulet bead blue charm evil-eye talisman objects tools
🪬	خمسة العذراء تحصين تعويذة حسد حظ حماية فاطمة كف مريم يد أشياء أدوات	hamsa amulet Fatima fortune guide hand Mary Miriam palm protect protection objects tools
🗿	تمثال أصنام سفر صنم مواي موياي وجه أشياء أدوات	moai face moyai statue stoneface travel objects tools
🪧	يافطة أشياء إعلان اعتصام تعليمات سبورة لافتة لوحة مظاهرة أدوات	placard card demonstration notice picket plaque protest sign objects tools
🪪	بطاقة الهوية أمان تعريف شخصية بيانات اعتماد تحديد تحقيق الشخصية رخصة أشياء أدوات	identification card credentials document ID license security objects tools
🏧	علامة ماكينة صرف آلي ATM بنك صراف فلوس كاش مال مصرف رموز قلوب	ATM sign automated bank cash money teller symbols hearts
🚮	إشارة صندوق النفايات اشارة رمز سلة المهملات نفايات ضع في مكانها رموز قلوب	litter in bin sign litterbin symbols hearts
🚰	مياه صالحة للشرب إشارة شرب حنفية عطش كوب ماء رموز قلوب	potable water drinking symbols hearts
♿	كرسي متحرك إشارة دخول رمز رموز قلوب	wheelchair symbol access handicap symbols hearts
🚹	للرجال إشارة تواليت علامة رجال غرفة مرحاض رموز قلوب	men’s room bathroom lavatory man restroom toilet WC symbols hearts
🚺	للسيدات wc إشارة حمام رمز علامة سيدات غرفة للبنات رموز قلوب	women’s room bathroom lavatory restroom toilet WC woman symbols hearts
🚻	دورة مياه wc إشارة مرحاض اشارة بيت الخلاء حمام خلاء رمز رموز قلوب	restroom bathroom lavatory toilet WC symbols hearts
🚼	إشارة طفل اشارة رمز داخل السيارة محطة تغيير ملابس أطفال ولد رموز قلوب	baby symbol changing symbols hearts
🚾	حمام WC بيت الخلاء خزانة خلاء دورة مياه رمز مرحاض رموز قلوب	water closet bathroom lavatory restroom toilet WC symbols hearts
🛂	مراقبة جوازات السفر باسبور جواز سفر رمز رموز قلوب	passport control symbols hearts
🛃	جمارك جمرك رمز رموز قلوب	customs packing symbols hearts
🛄	استرداد الحقائب حقائب شناط رموز قلوب	baggage claim arrived bags case checked journey packing plane ready travel trip symbols hearts
🛅	أمتعة امتعة تخزين حفظ حقائب سفر خدمة السفر خزانة رمز شنط مطار رموز قلوب	left luggage baggage case locker symbols hearts
⚠️	إشارة تحذير اشارة تنبيه رمز رموز قلوب	warning caution symbols hearts
🚸	عبور أطفال إشارة اشارة سير رمز ممر مشاة رموز قلوب	children crossing child pedestrian traffic symbols hearts
⛔	ممنوع الدخول اشارة حمراء بتاتا رمز غير مسموح كلا المرور رموز قلوب	no entry do fail forbidden not pass prohibited traffic symbols hearts
🚫	ممنوع إشارة رمز غير مسموح كلا الدخول رموز قلوب	prohibited entry forbidden no not smoke symbols hearts
🚳	ممنوع ركوب الدراجات بسكلات دراجة هوائية رمز مركبة البسكلتة رموز قلوب	no bicycles bicycle bike forbidden not prohibited symbols hearts
🚭	ممنوع التدخين إشارة اشارة رمز عدم رموز قلوب	no smoking forbidden not prohibited smoke symbols hearts
🚯	ممنوع وضع النفايات إشارة لا تضع نفايات حافظ على نظافة رمز ترم نقايات رموز قلوب	no littering forbidden litter not prohibited symbols hearts
🚱	مياه غير صالحة للشرب جفاف رموز قلوب	non-potable water dry non-drinking prohibited symbols hearts
🚷	ممنوع سير المشاة إشارة اشارة رمز ليس للمشاة مشاة رموز قلوب	no pedestrians forbidden not pedestrian prohibited symbols hearts
📵	ممنوع استخدام الهاتف الجوال جوال خلوي رمز عدم استعمال الخلوي الاتصال نقال هاتف رموز قلوب	no mobile phones cell forbidden not phone prohibited telephone symbols hearts
🔞	ممنوع لأقل من 18 عامًا أقل اقل ١٨ رمز غير مسموح للقاصرين قاصر رموز قلوب	no one under eighteen 18 age forbidden not prohibited restriction underage symbols hearts
☢️	إشعاع إشارة اشارة اشعة رمز مشع رموز قلوب	radioactive sign symbols hearts
☣️	خطورة بيولوجية إشارة اشارة خطر أحيائي رمز رموز قلوب	biohazard sign symbols hearts
⬆️	سهم لأعلى اتجاه رمز شمال كاردينال رموز قلوب	up arrow cardinal direction north symbols hearts
↗️	سهم لأعلى اليمين اتجاه رمز لاعلى شمال شرق رموز قلوب	up-right arrow direction intercardinal northeast symbols hearts
➡️	سهم لليمين اتجاه رمز شرق كاردينال رموز قلوب	right arrow cardinal direction east symbols hearts
↘️	سهم لأسفل اليمين اتجاه جنوب شرق رمز لاسفل رموز قلوب	down-right arrow direction intercardinal southeast symbols hearts
⬇️	سهم لأسفل اتجاه جنوب رمز كاردينال رموز قلوب	down arrow cardinal direction south symbols hearts
↙️	سهم لأسفل اليسار اتجاه جنوب غرب رمز لاسفل كاردينال رموز قلوب	down-left arrow direction intercardinal southwest symbols hearts
⬅️	سهم لليسار اتجاه غرب كاردينال رموز قلوب	left arrow cardinal direction west symbols hearts
↖️	سهم لأعلى اليسار اتجاه رمز لاعلى شمال غرب كاردينال رموز قلوب	up-left arrow direction intercardinal northwest symbols hearts
↕️	سهم لأعلى وأسفل رمز رموز قلوب	up-down arrow symbols hearts
↔️	سهم لليسار واليمين رمز رموز قلوب	left-right arrow symbols hearts
↩️	سهم أيمن بانحناء أيسر رمز باتجاه اليسار منحن رموز قلوب	right arrow curving left symbols hearts
↪️	سهم أيسر بانحناء أيمن رمز باتجاه اليمين منحن رموز قلوب	left arrow curving right symbols hearts
⤴️	سهم لأعلى من اليسار رمز باتجاه الشمال صاعد رموز قلوب	right arrow curving up symbols hearts
⤵️	سهم لأسفل من اليسار رمز باتجاه الجنوب رموز قلوب	right arrow curving down symbols hearts
🔃	سهمان رأسيان مع عقارب الساعة أسهم رأسية عمودية باتجاه اعادة تحميل رمز علامة إعادة رموز قلوب	clockwise vertical arrows arrow refresh reload symbols hearts
🔄	زر عكس اتجاه عقارب الساعة أسهم اعادة تحميل رمز سهم مجددا يعيد نفسه رموز قلوب	counterclockwise arrows button again anticlockwise arrow deja refresh rewindershins vu symbols hearts
🔙	سهم رجوع مع أيسر رموز قلوب	BACK arrow symbols hearts
🔚	سهم النهاية الى اليسار انتهاء مع أيسر ايسر رمز رموز قلوب	END arrow symbols hearts
🔛	سهم تشغيل مع علامة تعجب وسهم رمز رموز قلوب	ON! arrow mark symbols hearts
🔜	سهم علامة قريبًا راجع عودة قريباً مع أيمن رموز قلوب	SOON arrow brb omw symbols hearts
🔝	السهم لأعلى أعلى مع سهم اعلى توب رمز علامة موجب رموز قلوب	TOP arrow homie up symbols hearts
🛐	مكان عبادة دين رمز صلاة مصلى رموز قلوب	place of worship pray religion symbols hearts
⚛️	نووي إلحاد رمز نواة رموز قلوب	atom symbol atheist symbols hearts
🕉️	دين هندوسي رمز رموز قلوب	om Hindu religion symbols hearts
✡️	نجمة داوود دين رمز نجم يهود يهودي رموز قلوب	star of David Jew Jewish judaism religion symbols hearts
☸️	عجلة دارما بوذي دين رمز رموز قلوب	wheel of dharma Buddhist religion symbols hearts
☯️	نصفان متكاملان تكامل دين رمز صعب رموز قلوب	yin yang difficult lives religion tao taoist total yinyang symbols hearts
✝️	صليب لاتيني جلجلة دين رمز عيد الفصح فصح كاثوليك مسيح مسيحي رموز قلوب	latin cross christ Christian religion symbols hearts
☦️	صليب أرثوزوكس دين رمز مسيحية رموز قلوب	orthodox cross Christian religion symbols hearts
☪️	هلال ونجمة إسلام دين رمز مسلم رموز قلوب	star and crescent islam Muslim ramadan religion symbols hearts
☮️	رمز سلام شفاء رموز قلوب	peace symbol healing peaceful symbols hearts
🕎	شمعدان شعار اليهودية دين يهودي شموع هانوكا رموز قلوب	menorah candelabrum candlestick hanukkah jewish judaism religion symbols hearts
🔯	نجمة سداسية تنجيم حط رمز يهود رموز قلوب	dotted six-pointed star fortune jewish judaism symbols hearts
🪯	خندا إيمان سيخي السيخ ديانة ديغ تيغ فاتح عقيدة سيخية رموز قلوب	khanda Deg Fateh Khalsa Khanda religion Sikh Sikhism Tegh symbols hearts
♈	الحمل أبراج الأبراج برج رمز رموز قلوب	Aries horoscope ram zodiac symbols hearts
♉	الثور أبراج الأبراج برج رمز رموز قلوب	Taurus bull horoscope ox zodiac symbols hearts
♊	الجوزاء أبراج الأبراج برج توأم رمز رموز قلوب	Gemini horoscope twins zodiac symbols hearts
♋	السرطان أبراج الأبراج برج رمز رموز قلوب	Cancer crab horoscope zodiac symbols hearts
♌	الأسد أبراج الأبراج برج رمز رموز قلوب	Leo horoscope lion zodiac symbols hearts
♍	العذراء أبراج الأبراج برج رمز رموز قلوب	Virgo horoscope zodiac symbols hearts
♎	الميزان أبراج الأبراج برج رمز رموز قلوب	Libra balance horoscope justice scales zodiac symbols hearts
♏	العقرب أبراج الأبراج برج رموز قلوب	Scorpio horoscope scorpion Scorpius zodiac symbols hearts
♐	القوس أبراج الأبراج برج رمز رموز قلوب	Sagittarius archer horoscope zodiac symbols hearts
♑	الجدي أبراج الأبراج برج رمز عنزة ماعز معزاية رموز قلوب	Capricorn goat horoscope zodiac symbols hearts
♒	الدلو أبراج الأبراج برج رمز رموز قلوب	Aquarius bearer horoscope water zodiac symbols hearts
♓	الحوت أبراج الأبراج برج رمز رموز قلوب	Pisces fish horoscope zodiac symbols hearts
⛎	الحواء الأبراج برج رمز رموز قلوب	Ophiuchus bearer serpent snake zodiac symbols hearts
🔀	زر أسهم متداخلة يمنى خلط رموز قلوب	shuffle tracks button arrow crossed symbols hearts
🔁	زر تكرار أسهم اتجاه عقارب الساعة رموز قلوب	repeat button arrow clockwise symbols hearts
🔂	زر تكرار مرة واحدة أسهم باتجاه عقارب الساعة مع رقم 1 عقرب رمز سهم رموز قلوب	repeat single button arrow clockwise once symbols hearts
▶️	زر تشغيل سهم مثلث يمين رموز قلوب	play button arrow right triangle symbols hearts
⏩	زر تقديم سريع رمز سهم مزدوج لليمين يمين رموز قلوب	fast-forward button arrow double fast forward symbols hearts
⏭️	زر التالي المشهد المقطع رمز سهم مثلث رموز قلوب	next track button arrow scene triangle symbols hearts
⏯️	زر تشغيل أو إيقاف مؤقت رمز سهم مثلث يمين رموز قلوب	play or pause button arrow right triangle symbols hearts
◀️	زر ترجيع سهم مثلث يسار رموز قلوب	reverse button arrow left triangle symbols hearts
⏪	زر ترجيع سريع رمز سهم مزدوج لليسار يسار رموز قلوب	fast reverse button arrow double rewind symbols hearts
⏮️	زر آخر مقطع المشهد السابق المقطع رمز سهم مثلث رموز قلوب	last track button arrow previous scene triangle symbols hearts
🔼	زر لأعلى مثلث رموز قلوب	upwards button arrow red up symbols hearts
⏫	زر سريع لأعلى أعلى رمز سهم مزدوج رموز قلوب	fast up button arrow double symbols hearts
🔽	زر لأسفل رمز مثلث رموز قلوب	downwards button arrow down red symbols hearts
⏬	زر سريع لأسفل أسفل رمز سهم رموز قلوب	fast down button arrow double symbols hearts
⏸️	زر إيقاف مؤقت شريط ضعف متوازٍ وقف رموز قلوب	pause button bar double vertical symbols hearts
⏹️	زر إيقاف مربع رموز قلوب	stop button square symbols hearts
⏺️	زر تسجيل دائرة رموز قلوب	record button circle symbols hearts
⏏️	زر إخراج خروج رموز قلوب	eject button symbols hearts
🎦	سينما ترفيه فيلم كاميرا موفي رموز قلوب	cinema camera film movie symbols hearts
🔅	زر سطوع منخفض اقل رمز معتم رموز قلوب	dim button brightness low symbols hearts
🔆	زر سطوع مرتفع حرارة رمز السطوع ساطع شمس مشمس رموز قلوب	bright button brightness light symbols hearts
📶	إشارات هوائي أنتين الجوال إشارة الإشارة تواصل جوال خلوي شبكة قوة مؤشر بأشرطة هاتف رموز قلوب	antenna bars bar cell communication mobile phone signal telephone symbols hearts
🛜	اتصال لاسلكي wlan إنترنت شبكة كمبيوتر نطاق واسع نقطة هاتف ذكي واي فاي رموز قلوب	wireless broadband computer connectivity hotspot internet network router smartphone wi-fi wifi wlan symbols hearts
📳	وضع اهتزاز تليفون جوال رمز هاتف خلوي نقال رموز قلوب	vibration mode cell communication mobile phone telephone symbols hearts
📴	إغلاق الجوال اغلاق تليفون جوال رمز هاتف خلوي مطفي مغلق رموز قلوب	mobile phone off cell telephone symbols hearts
♀️	رمز أنثى مؤنث رموز قلوب	female sign woman symbols hearts
♂️	رمز ذكر مذكر رموز قلوب	male sign man symbols hearts
⚧️	رمز المتحوّلين جنسيًا متحوّل متحوّلة رموز قلوب	transgender symbol symbols hearts
✖️	علامة ضرب × x إلغاء خطا رمز سميكة مضاعفة رموز قلوب	multiply × cancel multiplication sign x symbols hearts
➕	علامة جمع + بلس رمز رياضيات زائد عريضة رموز قلوب	plus + symbols hearts
➖	علامة طرح − رمز رياضيات عريضة ناقص رموز قلوب	minus - − heavy math sign symbols hearts
➗	علامة قسمة ÷ تقسيم رمز رياضيات عريضة رموز قلوب	divide ÷ division heavy math sign symbols hearts
🟰	علامة يساوي قاتمة إجابة رياضيات التساوي رموز قلوب	heavy equals sign answer equal equality math symbols hearts
♾️	اللا نهاية إلى الأبد نهائية المالا مالا رموز قلوب	infinity forever unbounded universal symbols hearts
‼️	تعجب مزدوج رمز علامة ما هذا؟ مدهش رموز قلوب	double exclamation mark ! !! bangbang punctuation symbols hearts
⁉️	تعجب واستفهام استفهام التعجب ترقيم رمز علامة ماذا؟ رموز قلوب	exclamation question mark ! !? ? interrobang punctuation symbols hearts
❓	علامة استفهام حمراء ترقيم رمز سؤال رموز قلوب	red question mark ? punctuation symbols hearts
❔	علامة استفهام بيضاء ترقيم رمز سؤال رموز قلوب	white question mark ? outlined punctuation symbols hearts
❕	علامة تعجب بيضاء ترقيم رمز رموز قلوب	white exclamation mark ! outlined punctuation symbols hearts
❗	علامة تعجب حمراء ترقيم رمز رموز قلوب	red exclamation mark ! punctuation symbols hearts
〰️	شرطة مموجة رمز علامة صوت طويل مموج رموز قلوب	wavy dash punctuation symbols hearts
💱	صرف عملة أموال بنك تبديل عملات تغيير فلوس مال مصاري مصرف نقود رموز قلوب	currency exchange bank money symbols hearts
💲	علامة دولار أموال ثروة دفع فلوس كاش مال رموز قلوب	heavy dollar sign billion cash charge currency million money pay symbols hearts
⚕️	رمز طبي صيدلية طب فريق رموز قلوب	medical symbol aesculapius medicine staff symbols hearts
♻️	رمز تدوير إشارة اعادة صلبة علامة النفايات الصلبة رموز قلوب	recycling symbol recycle symbols hearts
⚜️	زنبقة رمز زهرة فارس كشاف رموز قلوب	fleur-de-lis knights symbols hearts
🔱	رمز ثلاثي الشعب اداة سفينة شعار علم مرساة رموز قلوب	trident emblem anchor poseidon ship tool symbols hearts
📛	ملصق اسم رمز ستيكر رموز قلوب	name badge symbols hearts
🔰	ورقة خضراء وصفراء أخضر وأصفر شوفرون مبتدئ ياباني رموز قلوب	Japanese symbol for beginner chevron green leaf tool yellow symbols hearts
⭕	دائرة كبيرة سميكة o شكل هندسي رموز قلوب	hollow red circle heavy large o symbols hearts
✅	زر علامة تحديد تم صح بيضاء رموز قلوب	check mark button ✓ checked checkmark complete completed done fixed tick symbols hearts
☑️	مربع اختيار محدد اشارة صح اقتراع رمز رموز قلوب	check box with ✓ ballot checked done off tick symbols hearts
✔️	علامة صح تحديد تم رمز مشي الحال رموز قلوب	check mark ✓ checked checkmark done heavy tick symbols hearts
❌	علامة X x إلغاء اكس رمز ضرب مضاعفة رموز قلوب	cross mark × cancel multiplication multiply x symbols hearts
❎	علامة X في مربع رمز ضرب مضاعفة رموز قلوب	cross mark button × multiplication multiply square x symbols hearts
➰	عقدة أنشوطة رمز رموز قلوب	curly loop curl symbols hearts
➿	عقدة مزدوجة اتصال مجاني اليابان رمز رموز قلوب	double curly loop curl symbols hearts
〽️	بديل جزء رمز علامة رموز قلوب	part alternation mark symbols hearts
✳️	نجمة ثمانية * رمز رموز قلوب	eight-spoked asterisk * symbols hearts
✴️	نجمة بثمان نقاط * رمز رؤوس رموز قلوب	eight-pointed star * symbols hearts
❇️	ومضة رمز شرارة لامع رموز قلوب	sparkle * symbols hearts
©️	علامة حقوق نشر طبع رمز رموز قلوب	copyright C symbols hearts
®️	مسجَّل رمز علامة التسجيل مسجل رموز قلوب	registered R symbols hearts
™️	إشارة علامة تجارية رمز رموز قلوب	trade mark TM trademark symbols hearts
🫟	بقعة انسكاب بخ بقع حبر دهان سائل سكب طلاء رموز قلوب	splatter drip holi ink liquid mess paint spill stain symbols hearts
#️⃣	مفتاح: # مفتاح رموز قلوب	keycap: # keycap symbols hearts
*️⃣	مفتاح: * مفتاح رموز قلوب	keycap: * keycap symbols hearts
0️⃣	مفتاح: 0 صفر مفتاح رموز قلوب	keycap: 0 keycap zero symbols hearts
1️⃣	مفتاح: 1 مفتاح واحد رموز قلوب	keycap: 1 keycap one symbols hearts
2️⃣	مفتاح: 2 إثنان مفتاح رموز قلوب	keycap: 2 keycap two symbols hearts
3️⃣	مفتاح: 3 ثلاثة مفتاح رموز قلوب	keycap: 3 keycap three symbols hearts
4️⃣	مفتاح: 4 أربعة مفتاح رموز قلوب	keycap: 4 four keycap symbols hearts
5️⃣	مفتاح: 5 خمسة مفتاح رموز قلوب	keycap: 5 five keycap symbols hearts
6️⃣	مفتاح: 6 ستة مفتاح رموز قلوب	keycap: 6 keycap six symbols hearts
7️⃣	مفتاح: 7 سبعة مفتاح رموز قلوب	keycap: 7 keycap seven symbols hearts
8️⃣	مفتاح: 8 ثمانية مفتاح رموز قلوب	keycap: 8 eight keycap symbols hearts
9️⃣	مفتاح: 9 تسعة مفتاح رموز قلوب	keycap: 9 keycap nine symbols hearts
🔟	مفتاح: 10 مفتاح رموز قلوب	keycap: 10 keycap symbols hearts
🔠	أحرف كبيرة ابجدية انجليزية انكليزية احرف الابجدية حرف لاتيني كبير رمز زر رموز قلوب	input latin uppercase ABCD letters symbols hearts
🔡	أحرف صغيرة حرف لاتيني صغير رموز قلوب	input latin lowercase abcd letters symbols hearts
🔢	أرقام ١٢٣٤ إدخال أعداد ارقام رقم رمز زر ادخال عدد رموز قلوب	input numbers 1234 symbols hearts
🔣	رموز &٪ ادخال اشارة حساب رمز إدخال زر قلوب	input symbols & % ♪ 〒 hearts
🔤	أبجدية لاتينية ABC إدخال إنجليزي ابجدية انجليزية احرف الابجدية الانكليزية ادخال اي بي سي رمز زر لاتيني رموز قلوب	input latin letters abc alphabet symbols hearts
🅰️	زر A إيه رمز فئة دم فصيلة رموز قلوب	A button (blood type) blood type symbols hearts
🆎	زر AB (فئة الدم) إيه بي رمز فئة دم فصيلة رموز قلوب	AB button (blood type) blood type symbols hearts
🅱️	زر B بي دم فصيلة رموز قلوب	B button (blood type) blood type symbols hearts
🆑	مسح داخل مربع زر رموز قلوب	CL button symbols hearts
🆒	بارد داخل مربع حلو رائع لطيف يا عين رموز قلوب	COOL button symbols hearts
🆓	زر "مجاني" free حر كلمة في مربع مجاني رموز قلوب	FREE button symbols hearts
ℹ️	مصدر معلومات رمز رموز قلوب	information I symbols hearts
🆔	زر "معرّف الهويّة" id ID في مربع رمز هوية رموز قلوب	ID button identity symbols hearts
Ⓜ️	حرف إم ام ميم دائرة رموز قلوب	circled M circle symbols hearts
🆕	زر "جديد" new جديد رمز كلمة في مربع رموز قلوب	NEW button symbols hearts
🆖	زر "غير جيد" ng في مربع رمز غير جيد صالح ما زابط مش منيح مو رموز قلوب	NG button symbols hearts
🅾️	زر O رمز فئة دم فصيلة أو رموز قلوب	O button (blood type) blood type symbols hearts
🆗	زر "موافق" ok في مربع اوكي رمز موافق رموز قلوب	OK button okay symbols hearts
🅿️	انتظار سيارات رمز زر كاراج موقف رموز قلوب	P button parking symbols hearts
🆘	زر "طوارئ" sos في مربع أنقذوني إسعاف النجدة مساعدة نجدة رموز قلوب	SOS button help symbols hearts
🆙	أعلى رمز علامة فوق رموز قلوب	UP! button mark UP symbols hearts
🆚	ضد زر في مقابل رموز قلوب	VS button versus symbols hearts
🈁	هنا بالياباني في مربع رمز ياباني رموز قلوب	Japanese “here” button here katakana symbols hearts
🈂️	الزر /خدمة برسوم/ باليابانية مجاناً مجاني ياباني رموز قلوب	Japanese “service charge” button charge katakana service symbols hearts
🈷️	الزر /مبلغ شهري/ باليابانية اليابانية رمز رموز بالصينية زر قيمة الشهرية ياباني قلوب	Japanese “monthly amount” button amount ideograph monthly symbols hearts
🈶	الزر /غير مجاني/ باليابانية رمز رموز بالصينية زر ليس مجانيا مجانا يابان ياباني قلوب	Japanese “not free of charge” button charge ideograph not symbols hearts
🈯	الزر /محجوز/ باليابانية الياباني رمز محجوز رموز قلوب	Japanese “reserved” button ideograph reserved symbols hearts
🉐	الزر /صفقة/ باليابانية اليابان رمز ميزة رموز قلوب	Japanese “bargain” button bargain ideograph symbols hearts
🈹	الزر /خصم/ باليابانية حسم رمز رموز بالصينية زر قلوب	Japanese “discount” button discount ideograph symbols hearts
🈚	الزر /مجاناً/ باليابانية الياباني مجاني ياباتي رموز قلوب	Japanese “free of charge” button charge free ideograph symbols hearts
🈲	الزر /ممنوع/ باليابانية رمز منع ياباني رموز قلوب	Japanese “prohibited” button ideograph prohibited symbols hearts
🉑	الزر /مقبول/ باليابانية صينية مقبول ياباني رموز قلوب	Japanese “acceptable” button acceptable ideograph symbols hearts
🈸	الزر /تطبيق/ باليابانية تطبيق رمز رموز بالصينية زر صيني ياباني قلوب	Japanese “application” button application ideograph symbols hearts
🈴	الزر /درجة النجاح/ باليابانية الصينية رمز رموز صينية زر نجحنا معا ياباني قلوب	Japanese “passing grade” button grade ideograph passing symbols hearts
🈳	الزر /خالٍ/ باليابانية رمز صيني فارغ ياباني رموز قلوب	Japanese “vacancy” button ideograph vacancy symbols hearts
㊗️	الزر /تهانينا/ باليابانية تهانينا صينية مبروك رموز قلوب	Japanese “congratulations” button congratulations ideograph symbols hearts
㊙️	الزر /سر/ باليابانية سر صيني رموز قلوب	Japanese “secret” button ideograph secret symbols hearts
🈺	الزر /عمل/ باليابانية المحل مفتوح رمز صيني ياباني يعمل رموز قلوب	Japanese “open for business” button business ideograph open symbols hearts
🈵	الزر /غير خالٍ/ باليابانية الصينية امتلاء بالصينية رمز زر ياباني رموز قلوب	Japanese “no vacancy” button ideograph no vacancy symbols hearts
🔴	دائرة حمراء أحمر كبيرة شكل هندسي رموز قلوب	red circle geometric symbols hearts
🟠	دائرة برتقالية أشكال برتقالي شكل شمس طابة كرة رموز قلوب	orange circle symbols hearts
🟡	دائرة صفراء أشكال أصفر إشارة شكل شمس كرة رموز قلوب	yellow circle symbols hearts
🟢	دائرة خضراء أخضر أشكال إشارة شكل طابة كرة رموز قلوب	green circle symbols hearts
🔵	دائرة زرقاء أزرق كبيرة شكل هندسي رموز قلوب	blue circle geometric symbols hearts
🟣	دائرة بنفسجية أرجواني أشكال بنفسجي أرجوانية شكل طابة كرة رموز قلوب	purple circle symbols hearts
🟤	دائرة بنية أشكال بني شكل طابة كرة رموز قلوب	brown circle symbols hearts
⚫	دائرة سوداء شكل هندسي هندسية رموز قلوب	black circle geometric symbols hearts
⚪	دائرة بيضاء شكل هندسي رموز قلوب	white circle geometric symbols hearts
🟥	مربع أحمر أشكال بطاقة حمراء شكل كارت رموز قلوب	red square card penalty symbols hearts
🟧	مربع برتقالي أشكال أورونج بطاقة صفراء شكل رموز قلوب	orange square symbols hearts
🟨	مربع أصفر أشكال إنذار بطاقة صفراء شكل كارت رموز قلوب	yellow square card penalty symbols hearts
🟩	مربع أخضر أشكال بطاقة خضراء شكل رموز قلوب	green square symbols hearts
🟦	مربع أزرق أشكال بطاقة زرقاء شكل رموز قلوب	blue square symbols hearts
🟪	مربع بنفسجي أشكال شكل موف رموز قلوب	purple square symbols hearts
🟫	مربع بني أشكال شكل رموز قلوب	brown square symbols hearts
⬛	مربع كبير أسود شكل هندسي رموز قلوب	black large square geometric symbols hearts
⬜	مربع كبير أبيض شكل هندسي رموز قلوب	white large square geometric symbols hearts
◼️	مربع متوسط أسود شكل هندسي رموز قلوب	black medium square geometric symbols hearts
◻️	مربع متوسط أبيض شكل هندسي رموز قلوب	white medium square geometric symbols hearts
◾	مربع صغير متوسط أسود شكل هندسي رموز قلوب	black medium-small square geometric symbols hearts
◽	مربع صغير متوسط أبيض شكل هندسي رموز قلوب	white medium-small square geometric symbols hearts
▪️	مربع صغير أسود شكل هندسي رموز قلوب	black small square geometric symbols hearts
▫️	مربع صغير أبيض شكل هندسي هندسة رموز قلوب	white small square geometric symbols hearts
🔶	ماسة برتقالي كبيرة شكل هندسي برتقالية مُعني رموز قلوب	large orange diamond geometric symbols hearts
🔷	ماسة زرقاء كبيرة أزرق رمز شكل هندسي معين رموز قلوب	large blue diamond geometric symbols hearts
🔸	ماسة برتقالي صغيرة رباعي شكل هندسي برتقالية مُعيـن رموز قلوب	small orange diamond geometric symbols hearts
🔹	ماسة زرقاء صغيرة أزرق الماسة رمز رموز قلوب	small blue diamond geometric symbols hearts
🔺	مثلث لأعلى أحمر رموز قلوب	red triangle pointed up geometric symbols hearts
🔻	مثلث لأسفل أحمر رمز شكل هندسي رموز قلوب	red triangle pointed down geometric symbols hearts
💠	ماسة مع نقطة جذاب شكل هندسي مشاعر مُعين ورد رموز قلوب	diamond with a dot comic geometric symbols hearts
🔘	زر تبادلي راديو شكل هندسي رموز قلوب	radio button geometric symbols hearts
🔳	زر مربع أبيض شكل هندسي رموز قلوب	white square button geometric outlined symbols hearts
🔲	زر مربع أسود شكل هندسي رموز قلوب	black square button geometric symbols hearts
🏁	علم مربعات العاب اولمبيك خط النهاية راية ربح رياضة سباق سبق فوز مباراة أعلام دول	chequered flag checkered finish flags game race racing sport win countries
🚩	علم مثلث اشغال جولف راية معلومات موقع غولف ورشة أعلام دول	triangular flag construction golf post flags countries
🎌	علمان متقاطعان أعلام متقاطعة لليابان احتفال راية علم ياباني دول	crossed flags celebration cross Japanese countries
🏴	علم أسود يرفرف راية اسود أعلام دول	black flag waving flags countries
🏳️	علم أبيض يرفرف راية رفرفة سلام أعلام دول	white flag waving flags countries
🏳️‍🌈	علم ألوان طيف الطيف إل جي بي تي ثنائي الميول راية قوس قزح متحول مثلي مثليات مثلية مثليين مسيرة الفخر أعلام دول	rainbow flag bisexual gay genderqueer glbt glbtq lesbian lgbt lgbtq lgbtqia pride queer trans transgender flags countries
🏳️‍⚧️	علم المتحولين جنسيًا أبيض أزرق خفيف المتحولون زهري وردي أعلام دول	transgender flag blue light pink white flags countries
🏴‍☠️	علم قراصنة جولي روجر قرصنة كنز كنوز أعلام دول	pirate flag Jolly plunder Roger treasure flags countries
🇦🇨	علم: جزيرة أسينشيون علم أعلام دول	flag: Ascension Island flag flags countries
🇦🇩	علم: أندورا علم أعلام دول	flag: Andorra flag flags countries
🇦🇪	علم: الإمارات العربية المتحدة علم أعلام دول	flag: United Arab Emirates flag flags countries
🇦🇫	علم: أفغانستان علم أعلام دول	flag: Afghanistan flag flags countries
🇦🇬	علم: أنتيغوا وبربودا علم أعلام دول	flag: Antigua & Barbuda flag flags countries
🇦🇮	علم: أنغويلا علم أعلام دول	flag: Anguilla flag flags countries
🇦🇱	علم: ألبانيا علم أعلام دول	flag: Albania flag flags countries
🇦🇲	علم: أرمينيا علم أعلام دول	flag: Armenia flag flags countries
🇦🇴	علم: أنغولا علم أعلام دول	flag: Angola flag flags countries
🇦🇶	علم: أنتاركتيكا علم أعلام دول	flag: Antarctica flag flags countries
🇦🇷	علم: الأرجنتين علم أعلام دول	flag: Argentina flag flags countries
🇦🇸	علم: ساموا الأمريكية علم أعلام دول	flag: American Samoa flag flags countries
🇦🇹	علم: النمسا علم أعلام دول	flag: Austria flag flags countries
🇦🇺	علم: أستراليا علم أعلام دول	flag: Australia flag flags countries
🇦🇼	علم: أروبا علم أعلام دول	flag: Aruba flag flags countries
🇦🇽	علم: جزر آلاند علم أعلام دول	flag: Åland Islands flag flags countries
🇦🇿	علم: أذربيجان علم أعلام دول	flag: Azerbaijan flag flags countries
🇧🇦	علم: البوسنة والهرسك علم أعلام دول	flag: Bosnia & Herzegovina flag flags countries
🇧🇧	علم: بربادوس علم أعلام دول	flag: Barbados flag flags countries
🇧🇩	علم: بنغلاديش علم أعلام دول	flag: Bangladesh flag flags countries
🇧🇪	علم: بلجيكا علم أعلام دول	flag: Belgium flag flags countries
🇧🇫	علم: بوركينا فاسو علم أعلام دول	flag: Burkina Faso flag flags countries
🇧🇬	علم: بلغاريا علم أعلام دول	flag: Bulgaria flag flags countries
🇧🇭	علم: البحرين علم أعلام دول	flag: Bahrain flag flags countries
🇧🇮	علم: بوروندي علم أعلام دول	flag: Burundi flag flags countries
🇧🇯	علم: بنين علم أعلام دول	flag: Benin flag flags countries
🇧🇱	علم: سان بارتليمي علم أعلام دول	flag: St. Barthélemy flag flags countries
🇧🇲	علم: برمودا علم أعلام دول	flag: Bermuda flag flags countries
🇧🇳	علم: بروناي علم أعلام دول	flag: Brunei flag flags countries
🇧🇴	علم: بوليفيا علم أعلام دول	flag: Bolivia flag flags countries
🇧🇶	علم: هولندا الكاريبية علم أعلام دول	flag: Caribbean Netherlands flag flags countries
🇧🇷	علم: البرازيل علم أعلام دول	flag: Brazil flag flags countries
🇧🇸	علم: جزر البهاما علم أعلام دول	flag: Bahamas flag flags countries
🇧🇹	علم: بوتان علم أعلام دول	flag: Bhutan flag flags countries
🇧🇻	علم: جزيرة بوفيه علم أعلام دول	flag: Bouvet Island flag flags countries
🇧🇼	علم: بوتسوانا علم أعلام دول	flag: Botswana flag flags countries
🇧🇾	علم: بيلاروس علم أعلام دول	flag: Belarus flag flags countries
🇧🇿	علم: بليز علم أعلام دول	flag: Belize flag flags countries
🇨🇦	علم: كندا علم أعلام دول	flag: Canada flag flags countries
🇨🇨	علم: جزر كوكوس (كيلينغ) علم أعلام دول	flag: Cocos (Keeling) Islands flag flags countries
🇨🇩	علم: الكونغو - كينشاسا علم أعلام دول	flag: Congo - Kinshasa flag flags countries
🇨🇫	علم: جمهورية أفريقيا الوسطى علم أعلام دول	flag: Central African Republic flag flags countries
🇨🇬	علم: الكونغو - برازافيل علم أعلام دول	flag: Congo - Brazzaville flag flags countries
🇨🇭	علم: سويسرا علم أعلام دول	flag: Switzerland flag flags countries
🇨🇮	علم: ساحل العاج علم أعلام دول	flag: Côte d’Ivoire flag flags countries
🇨🇰	علم: جزر كوك علم أعلام دول	flag: Cook Islands flag flags countries
🇨🇱	علم: تشيلي علم أعلام دول	flag: Chile flag flags countries
🇨🇲	علم: الكاميرون علم أعلام دول	flag: Cameroon flag flags countries
🇨🇳	علم: الصين علم أعلام دول	flag: China flag flags countries
🇨🇴	علم: كولومبيا علم أعلام دول	flag: Colombia flag flags countries
🇨🇵	علم: جزيرة كليبيرتون علم أعلام دول	flag: Clipperton Island flag flags countries
🇨🇶	علم: سارك علم أعلام دول	flag: Sark flag flags countries
🇨🇷	علم: كوستاريكا علم أعلام دول	flag: Costa Rica flag flags countries
🇨🇺	علم: كوبا علم أعلام دول	flag: Cuba flag flags countries
🇨🇻	علم: الرأس الأخضر علم أعلام دول	flag: Cape Verde flag flags countries
🇨🇼	علم: كوراساو علم أعلام دول	flag: Curaçao flag flags countries
🇨🇽	علم: جزيرة كريسماس علم أعلام دول	flag: Christmas Island flag flags countries
🇨🇾	علم: قبرص علم أعلام دول	flag: Cyprus flag flags countries
🇨🇿	علم: التشيك علم أعلام دول	flag: Czechia flag flags countries
🇩🇪	علم: ألمانيا علم أعلام دول	flag: Germany flag flags countries
🇩🇬	علم: دييغو غارسيا علم أعلام دول	flag: Diego Garcia flag flags countries
🇩🇯	علم: جيبوتي علم أعلام دول	flag: Djibouti flag flags countries
🇩🇰	علم: الدانمرك علم أعلام دول	flag: Denmark flag flags countries
🇩🇲	علم: دومينيكا علم أعلام دول	flag: Dominica flag flags countries
🇩🇴	علم: جمهورية الدومينيكان علم أعلام دول	flag: Dominican Republic flag flags countries
🇩🇿	علم: الجزائر علم أعلام دول	flag: Algeria flag flags countries
🇪🇦	علم: سيوتا وميليلا علم أعلام دول	flag: Ceuta & Melilla flag flags countries
🇪🇨	علم: الإكوادور علم أعلام دول	flag: Ecuador flag flags countries
🇪🇪	علم: إستونيا علم أعلام دول	flag: Estonia flag flags countries
🇪🇬	علم: مصر علم أعلام دول	flag: Egypt flag flags countries
🇪🇭	علم: الصحراء الغربية علم أعلام دول	flag: Western Sahara flag flags countries
🇪🇷	علم: إريتريا علم أعلام دول	flag: Eritrea flag flags countries
🇪🇸	علم: إسبانيا علم أعلام دول	flag: Spain flag flags countries
🇪🇹	علم: إثيوبيا علم أعلام دول	flag: Ethiopia flag flags countries
🇪🇺	علم: الاتحاد الأوروبي علم أعلام دول	flag: European Union flag flags countries
🇫🇮	علم: فنلندا علم أعلام دول	flag: Finland flag flags countries
🇫🇯	علم: فيجي علم أعلام دول	flag: Fiji flag flags countries
🇫🇰	علم: جزر فوكلاند علم أعلام دول	flag: Falkland Islands flag flags countries
🇫🇲	علم: ميكرونيزيا علم أعلام دول	flag: Micronesia flag flags countries
🇫🇴	علم: جزر فارو علم أعلام دول	flag: Faroe Islands flag flags countries
🇫🇷	علم: فرنسا علم أعلام دول	flag: France flag flags countries
🇬🇦	علم: الغابون علم أعلام دول	flag: Gabon flag flags countries
🇬🇧	علم: المملكة المتحدة علم أعلام دول	flag: United Kingdom flag flags countries
🇬🇩	علم: غرينادا علم أعلام دول	flag: Grenada flag flags countries
🇬🇪	علم: جورجيا علم أعلام دول	flag: Georgia flag flags countries
🇬🇫	علم: غويانا الفرنسية علم أعلام دول	flag: French Guiana flag flags countries
🇬🇬	علم: غيرنزي علم أعلام دول	flag: Guernsey flag flags countries
🇬🇭	علم: غانا علم أعلام دول	flag: Ghana flag flags countries
🇬🇮	علم: جبل طارق علم أعلام دول	flag: Gibraltar flag flags countries
🇬🇱	علم: غرينلاند علم أعلام دول	flag: Greenland flag flags countries
🇬🇲	علم: غامبيا علم أعلام دول	flag: Gambia flag flags countries
🇬🇳	علم: غينيا علم أعلام دول	flag: Guinea flag flags countries
🇬🇵	علم: غوادلوب علم أعلام دول	flag: Guadeloupe flag flags countries
🇬🇶	علم: غينيا الاستوائية علم أعلام دول	flag: Equatorial Guinea flag flags countries
🇬🇷	علم: اليونان علم أعلام دول	flag: Greece flag flags countries
🇬🇸	علم: جورجيا الجنوبية وجزر ساندويتش علم أعلام دول	flag: South Georgia & Sandwich Islands flag flags countries
🇬🇹	علم: غواتيمالا علم أعلام دول	flag: Guatemala flag flags countries
🇬🇺	علم: غوام علم أعلام دول	flag: Guam flag flags countries
🇬🇼	علم: غينيا بيساو علم أعلام دول	flag: Guinea-Bissau flag flags countries
🇬🇾	علم: غيانا علم أعلام دول	flag: Guyana flag flags countries
🇭🇰	علم: هونغ كونغ الصينية (منطقة إدارية خاصة) علم أعلام دول	flag: Hong Kong SAR China flag flags countries
🇭🇲	علم: جزيرة هيرد وجزر ماكدونالد علم أعلام دول	flag: Heard Island & McDonald Islands flag flags countries
🇭🇳	علم: هندوراس علم أعلام دول	flag: Honduras flag flags countries
🇭🇷	علم: كرواتيا علم أعلام دول	flag: Croatia flag flags countries
🇭🇹	علم: هايتي علم أعلام دول	flag: Haiti flag flags countries
🇭🇺	علم: هنغاريا علم أعلام دول	flag: Hungary flag flags countries
🇮🇨	علم: جزر الكناري علم أعلام دول	flag: Canary Islands flag flags countries
🇮🇩	علم: إندونيسيا علم أعلام دول	flag: Indonesia flag flags countries
🇮🇪	علم: أيرلندا علم أعلام دول	flag: Ireland flag flags countries
🇮🇱	علم: إسرائيل علم أعلام دول	flag: Israel flag flags countries
🇮🇲	علم: جزيرة مان علم أعلام دول	flag: Isle of Man flag flags countries
🇮🇳	علم: الهند علم أعلام دول	flag: India flag flags countries
🇮🇴	علم: الإقليم البريطاني في المحيط الهندي علم أعلام دول	flag: British Indian Ocean Territory flag flags countries
🇮🇶	علم: العراق علم أعلام دول	flag: Iraq flag flags countries
🇮🇷	علم: إيران علم أعلام دول	flag: Iran flag flags countries
🇮🇸	علم: آيسلندا علم أعلام دول	flag: Iceland flag flags countries
🇮🇹	علم: إيطاليا علم أعلام دول	flag: Italy flag flags countries
🇯🇪	علم: جيرسي علم أعلام دول	flag: Jersey flag flags countries
🇯🇲	علم: جامايكا علم أعلام دول	flag: Jamaica flag flags countries
🇯🇴	علم: الأردن علم أعلام دول	flag: Jordan flag flags countries
🇯🇵	علم: اليابان علم أعلام دول	flag: Japan flag flags countries
🇰🇪	علم: كينيا علم أعلام دول	flag: Kenya flag flags countries
🇰🇬	علم: قيرغيزستان علم أعلام دول	flag: Kyrgyzstan flag flags countries
🇰🇭	علم: كمبوديا علم أعلام دول	flag: Cambodia flag flags countries
🇰🇮	علم: كيريباتي علم أعلام دول	flag: Kiribati flag flags countries
🇰🇲	علم: جزر القمر علم أعلام دول	flag: Comoros flag flags countries
🇰🇳	علم: سانت كيتس ونيفيس علم أعلام دول	flag: St. Kitts & Nevis flag flags countries
🇰🇵	علم: كوريا الشمالية علم أعلام دول	flag: North Korea flag flags countries
🇰🇷	علم: كوريا الجنوبية علم أعلام دول	flag: South Korea flag flags countries
🇰🇼	علم: الكويت علم أعلام دول	flag: Kuwait flag flags countries
🇰🇾	علم: جزر كايمان علم أعلام دول	flag: Cayman Islands flag flags countries
🇰🇿	علم: كازاخستان علم أعلام دول	flag: Kazakhstan flag flags countries
🇱🇦	علم: لاوس علم أعلام دول	flag: Laos flag flags countries
🇱🇧	علم: لبنان علم أعلام دول	flag: Lebanon flag flags countries
🇱🇨	علم: سانت لوسيا علم أعلام دول	flag: St. Lucia flag flags countries
🇱🇮	علم: ليختنشتاين علم أعلام دول	flag: Liechtenstein flag flags countries
🇱🇰	علم: سريلانكا علم أعلام دول	flag: Sri Lanka flag flags countries
🇱🇷	علم: ليبيريا علم أعلام دول	flag: Liberia flag flags countries
🇱🇸	علم: ليسوتو علم أعلام دول	flag: Lesotho flag flags countries
🇱🇹	علم: ليتوانيا علم أعلام دول	flag: Lithuania flag flags countries
🇱🇺	علم: لوكسمبورغ علم أعلام دول	flag: Luxembourg flag flags countries
🇱🇻	علم: لاتفيا علم أعلام دول	flag: Latvia flag flags countries
🇱🇾	علم: ليبيا علم أعلام دول	flag: Libya flag flags countries
🇲🇦	علم: المغرب علم أعلام دول	flag: Morocco flag flags countries
🇲🇨	علم: موناكو علم أعلام دول	flag: Monaco flag flags countries
🇲🇩	علم: مولدوفا علم أعلام دول	flag: Moldova flag flags countries
🇲🇪	علم: الجبل الأسود علم أعلام دول	flag: Montenegro flag flags countries
🇲🇫	علم: سان مارتن علم أعلام دول	flag: St. Martin flag flags countries
🇲🇬	علم: مدغشقر علم أعلام دول	flag: Madagascar flag flags countries
🇲🇭	علم: جزر مارشال علم أعلام دول	flag: Marshall Islands flag flags countries
🇲🇰	علم: مقدونيا الشمالية علم أعلام دول	flag: North Macedonia flag flags countries
🇲🇱	علم: مالي علم أعلام دول	flag: Mali flag flags countries
🇲🇲	علم: ميانمار (بورما) علم أعلام دول	flag: Myanmar (Burma) flag flags countries
🇲🇳	علم: منغوليا علم أعلام دول	flag: Mongolia flag flags countries
🇲🇴	علم: منطقة ماكاو الإدارية الخاصة علم أعلام دول	flag: Macao SAR China flag flags countries
🇲🇵	علم: جزر ماريانا الشمالية علم أعلام دول	flag: Northern Mariana Islands flag flags countries
🇲🇶	علم: جزر المارتينيك علم أعلام دول	flag: Martinique flag flags countries
🇲🇷	علم: موريتانيا علم أعلام دول	flag: Mauritania flag flags countries
🇲🇸	علم: مونتسرات علم أعلام دول	flag: Montserrat flag flags countries
🇲🇹	علم: مالطا علم أعلام دول	flag: Malta flag flags countries
🇲🇺	علم: موريشيوس علم أعلام دول	flag: Mauritius flag flags countries
🇲🇻	علم: جزر المالديف علم أعلام دول	flag: Maldives flag flags countries
🇲🇼	علم: ملاوي علم أعلام دول	flag: Malawi flag flags countries
🇲🇽	علم: المكسيك علم أعلام دول	flag: Mexico flag flags countries
🇲🇾	علم: ماليزيا علم أعلام دول	flag: Malaysia flag flags countries
🇲🇿	علم: موزمبيق علم أعلام دول	flag: Mozambique flag flags countries
🇳🇦	علم: ناميبيا علم أعلام دول	flag: Namibia flag flags countries
🇳🇨	علم: كاليدونيا الجديدة علم أعلام دول	flag: New Caledonia flag flags countries
🇳🇪	علم: النيجر علم أعلام دول	flag: Niger flag flags countries
🇳🇫	علم: جزيرة نورفولك علم أعلام دول	flag: Norfolk Island flag flags countries
🇳🇬	علم: نيجيريا علم أعلام دول	flag: Nigeria flag flags countries
🇳🇮	علم: نيكاراغوا علم أعلام دول	flag: Nicaragua flag flags countries
🇳🇱	علم: هولندا علم أعلام دول	flag: Netherlands flag flags countries
🇳🇴	علم: النرويج علم أعلام دول	flag: Norway flag flags countries
🇳🇵	علم: نيبال علم أعلام دول	flag: Nepal flag flags countries
🇳🇷	علم: ناورو علم أعلام دول	flag: Nauru flag flags countries
🇳🇺	علم: نيوي علم أعلام دول	flag: Niue flag flags countries
🇳🇿	علم: نيوزيلندا علم أعلام دول	flag: New Zealand flag flags countries
🇴🇲	علم: عُمان علم أعلام دول	flag: Oman flag flags countries
🇵🇦	علم: بنما علم أعلام دول	flag: Panama flag flags countries
🇵🇪	علم: بيرو علم أعلام دول	flag: Peru flag flags countries
🇵🇫	علم: بولينيزيا الفرنسية علم أعلام دول	flag: French Polynesia flag flags countries
🇵🇬	علم: بابوا غينيا الجديدة علم أعلام دول	flag: Papua New Guinea flag flags countries
🇵🇭	علم: الفلبين علم أعلام دول	flag: Philippines flag flags countries
🇵🇰	علم: باكستان علم أعلام دول	flag: Pakistan flag flags countries
🇵🇱	علم: بولندا علم أعلام دول	flag: Poland flag flags countries
🇵🇲	علم: سان بيير ومكويلون علم أعلام دول	flag: St. Pierre & Miquelon flag flags countries
🇵🇳	علم: جزر بيتكيرن علم أعلام دول	flag: Pitcairn Islands flag flags countries
🇵🇷	علم: بورتوريكو علم أعلام دول	flag: Puerto Rico flag flags countries
🇵🇸	علم: الأراضي الفلسطينية علم أعلام دول	flag: Palestinian Territories flag flags countries
🇵🇹	علم: البرتغال علم أعلام دول	flag: Portugal flag flags countries
🇵🇼	علم: بالاو علم أعلام دول	flag: Palau flag flags countries
🇵🇾	علم: باراغواي علم أعلام دول	flag: Paraguay flag flags countries
🇶🇦	علم: قطر علم أعلام دول	flag: Qatar flag flags countries
🇷🇪	علم: روينيون علم أعلام دول	flag: Réunion flag flags countries
🇷🇴	علم: رومانيا علم أعلام دول	flag: Romania flag flags countries
🇷🇸	علم: صربيا علم أعلام دول	flag: Serbia flag flags countries
🇷🇺	علم: روسيا علم أعلام دول	flag: Russia flag flags countries
🇷🇼	علم: رواندا علم أعلام دول	flag: Rwanda flag flags countries
🇸🇦	علم: المملكة العربية السعودية علم أعلام دول	flag: Saudi Arabia flag flags countries
🇸🇧	علم: جزر سليمان علم أعلام دول	flag: Solomon Islands flag flags countries
🇸🇨	علم: سيشل علم أعلام دول	flag: Seychelles flag flags countries
🇸🇩	علم: السودان علم أعلام دول	flag: Sudan flag flags countries
🇸🇪	علم: السويد علم أعلام دول	flag: Sweden flag flags countries
🇸🇬	علم: سنغافورة علم أعلام دول	flag: Singapore flag flags countries
🇸🇭	علم: سانت هيلينا علم أعلام دول	flag: St. Helena, Ascension & Tristan da Cunha Helena flag flags countries
🇸🇮	علم: سلوفينيا علم أعلام دول	flag: Slovenia flag flags countries
🇸🇯	علم: سفالبارد وجان ماين علم أعلام دول	flag: Svalbard & Jan Mayen flag flags countries
🇸🇰	علم: سلوفاكيا علم أعلام دول	flag: Slovakia flag flags countries
🇸🇱	علم: سيراليون علم أعلام دول	flag: Sierra Leone flag flags countries
🇸🇲	علم: سان مارينو علم أعلام دول	flag: San Marino flag flags countries
🇸🇳	علم: السنغال علم أعلام دول	flag: Senegal flag flags countries
🇸🇴	علم: الصومال علم أعلام دول	flag: Somalia flag flags countries
🇸🇷	علم: سورينام علم أعلام دول	flag: Suriname flag flags countries
🇸🇸	علم: جنوب السودان علم أعلام دول	flag: South Sudan flag flags countries
🇸🇹	علم: ساو تومي وبرينسيبي علم أعلام دول	flag: São Tomé & Príncipe flag flags countries
🇸🇻	علم: السلفادور علم أعلام دول	flag: El Salvador flag flags countries
🇸🇽	علم: سانت مارتن علم أعلام دول	flag: Sint Maarten flag flags countries
🇸🇾	علم: سوريا علم أعلام دول	flag: Syria flag flags countries
🇸🇿	علم: إسواتيني علم أعلام دول	flag: Eswatini flag flags countries
🇹🇦	علم: تريستان دا كونا علم أعلام دول	flag: Tristan da Cunha flag flags countries
🇹🇨	علم: جزر توركس وكايكوس علم أعلام دول	flag: Turks & Caicos Islands flag flags countries
🇹🇩	علم: تشاد علم أعلام دول	flag: Chad flag flags countries
🇹🇫	علم: الأقاليم الجنوبية الفرنسية علم أعلام دول	flag: French Southern and Antarctic Lands Territories flag flags countries
🇹🇬	علم: توغو علم أعلام دول	flag: Togo flag flags countries
🇹🇭	علم: تايلاند علم أعلام دول	flag: Thailand flag flags countries
🇹🇯	علم: طاجيكستان علم أعلام دول	flag: Tajikistan flag flags countries
🇹🇰	علم: توكيلاو علم أعلام دول	flag: Tokelau flag flags countries
🇹🇱	علم: تيمور - ليشتي علم أعلام دول	flag: Timor-Leste flag flags countries
🇹🇲	علم: تركمانستان علم أعلام دول	flag: Turkmenistan flag flags countries
🇹🇳	علم: تونس علم أعلام دول	flag: Tunisia flag flags countries
🇹🇴	علم: تونغا علم أعلام دول	flag: Tonga flag flags countries
🇹🇷	علم: تركيا علم أعلام دول	flag: Türkiye flag flags countries
🇹🇹	علم: ترينيداد وتوباغو علم أعلام دول	flag: Trinidad & Tobago flag flags countries
🇹🇻	علم: توفالو علم أعلام دول	flag: Tuvalu flag flags countries
🇹🇼	علم: تايوان علم أعلام دول	flag: Taiwan flag flags countries
🇹🇿	علم: تنزانيا علم أعلام دول	flag: Tanzania flag flags countries
🇺🇦	علم: أوكرانيا علم أعلام دول	flag: Ukraine flag flags countries
🇺🇬	علم: أوغندا علم أعلام دول	flag: Uganda flag flags countries
🇺🇲	علم: جزر الولايات المتحدة النائية علم أعلام دول	flag: U.S. Outlying Islands flag flags countries
🇺🇳	علم: الأمم المتحدة علم أعلام دول	flag: United Nations flag flags countries
🇺🇸	علم: الولايات المتحدة علم أعلام دول	flag: United States flag flags countries
🇺🇾	علم: أورغواي علم أعلام دول	flag: Uruguay flag flags countries
🇺🇿	علم: أوزبكستان علم أعلام دول	flag: Uzbekistan flag flags countries
🇻🇦	علم: الفاتيكان علم أعلام دول	flag: Vatican City flag flags countries
🇻🇨	علم: سانت فنسنت وجزر غرينادين علم أعلام دول	flag: St. Vincent & Grenadines flag flags countries
🇻🇪	علم: فنزويلا علم أعلام دول	flag: Venezuela flag flags countries
🇻🇬	علم: جزر فيرجن البريطانية علم أعلام دول	flag: British Virgin Islands flag flags countries
🇻🇮	علم: جزر فيرجن الأمريكية علم أعلام دول	flag: U.S. Virgin Islands flag flags countries
🇻🇳	علم: فيتنام علم أعلام دول	flag: Vietnam flag flags countries
🇻🇺	علم: فانواتو علم أعلام دول	flag: Vanuatu flag flags countries
🇼🇫	علم: جزر والس وفوتونا علم أعلام دول	flag: Wallis & Futuna flag flags countries
🇼🇸	علم: ساموا علم أعلام دول	flag: Samoa flag flags countries
🇽🇰	علم: كوسوفو علم أعلام دول	flag: Kosovo flag flags countries
🇾🇪	علم: اليمن علم أعلام دول	flag: Yemen flag flags countries
🇾🇹	علم: مايوت علم أعلام دول	flag: Mayotte flag flags countries
🇿🇦	علم: جنوب أفريقيا علم أعلام دول	flag: South Africa flag flags countries
🇿🇲	علم: زامبيا علم أعلام دول	flag: Zambia flag flags countries
🇿🇼	علم: زيمبابوي علم أعلام دول	flag: Zimbabwe flag flags countries
🏴󠁧󠁢󠁥󠁮󠁧󠁿	علم: إنجلترا علم أعلام دول	flag: England flag flags countries
🏴󠁧󠁢󠁳󠁣󠁴󠁿	علم: اسكتلندا علم أعلام دول	flag: Scotland flag flags countries
🏴󠁧󠁢󠁷󠁬󠁳󠁿	علم: ويلز علم أعلام دول	flag: Wales flag flags countries
