faces	😀	grinning face
faces	😃	grinning face with big eyes
faces	😄	grinning face with smiling eyes
faces	😁	beaming face with smiling eyes
faces	😆	grinning squinting face
faces	😅	grinning face with sweat
faces	🤣	rolling on the floor laughing
faces	😂	face with tears of joy
faces	🙂	slightly smiling face
faces	🙃	upside-down face
faces	🫠	melting face
faces	🫫	cracking face
faces	😉	winking face
faces	😊	smiling face with smiling eyes
faces	😇	smiling face with halo
faces	🥰	smiling face with hearts
faces	😍	smiling face with heart-eyes
faces	🤩	star-struck
faces	😘	face blowing a kiss
faces	😗	kissing face
faces	☺️	smiling face
faces	😚	kissing face with closed eyes
faces	😙	kissing face with smiling eyes
faces	🥲	smiling face with tear
faces	😋	face savoring food
faces	😛	face with tongue
faces	😜	winking face with tongue
faces	🤪	zany face
faces	😝	squinting face with tongue
faces	🤑	money-mouth face
faces	🤗	smiling face with open hands
faces	🤭	face with hand over mouth
faces	🫢	face with open eyes and hand over mouth
faces	🫣	face with peeking eye
faces	🤫	shushing face
faces	🤔	thinking face
faces	🫡	saluting face
faces	🤐	zipper-mouth face
faces	🤨	face with raised eyebrow
faces	😐	neutral face
faces	😑	expressionless face
faces	😶	face without mouth
faces	🫥	dotted line face
faces	😶‍🌫️	face in clouds
faces	😏	smirking face
faces	😒	unamused face
faces	🙄	face with rolling eyes
faces	😬	grimacing face
faces	😮‍💨	face exhaling
faces	🤥	lying face
faces	🫨	shaking face
faces	🙂‍↔️	head shaking horizontally
faces	🙂‍↕️	head shaking vertically
faces	😌	relieved face
faces	😔	pensive face
faces	😪	sleepy face
faces	🤤	drooling face
faces	😴	sleeping face
faces	🫩	face with bags under eyes
faces	😷	face with medical mask
faces	🤒	face with thermometer
faces	🤕	face with head-bandage
faces	🤢	nauseated face
faces	🤮	face vomiting
faces	🤧	sneezing face
faces	🥵	hot face
faces	🥶	cold face
faces	🥴	woozy face
faces	😵	face with crossed-out eyes
faces	😵‍💫	face with spiral eyes
faces	🤯	exploding head
faces	🤠	cowboy hat face
faces	🥳	partying face
faces	🥸	disguised face
faces	😎	smiling face with sunglasses
faces	🤓	nerd face
faces	🧐	face with monocle
faces	😕	confused face
faces	🫤	face with diagonal mouth
faces	😟	worried face
faces	🙁	slightly frowning face
faces	☹️	frowning face
faces	😮	face with open mouth
faces	😯	hushed face
faces	😲	astonished face
faces	😳	flushed face
faces	🫪	distorted face
faces	🥺	pleading face
faces	🥹	face holding back tears
faces	😦	frowning face with open mouth
faces	😧	anguished face
faces	😨	fearful face
faces	😰	anxious face with sweat
faces	😥	sad but relieved face
faces	😢	crying face
faces	😭	loudly crying face
faces	😱	face screaming in fear
faces	😖	confounded face
faces	😣	persevering face
faces	😞	disappointed face
faces	😓	downcast face with sweat
faces	😩	weary face
faces	😫	tired face
faces	🥱	yawning face
faces	😤	face with steam from nose
faces	😡	enraged face
faces	😠	angry face
faces	🤬	face with symbols on mouth
faces	😈	smiling face with horns
faces	👿	angry face with horns
faces	💀	skull
faces	☠️	skull and crossbones
faces	💩	pile of poo
faces	🤡	clown face
faces	👹	ogre
faces	👺	goblin
faces	👻	ghost
faces	👽	alien
faces	👾	alien monster
faces	🤖	robot
faces	😺	grinning cat
faces	😸	grinning cat with smiling eyes
faces	😹	cat with tears of joy
faces	😻	smiling cat with heart-eyes
faces	😼	cat with wry smile
faces	😽	kissing cat
faces	🙀	weary cat
faces	😿	crying cat
faces	😾	pouting cat
faces	🙈	see-no-evil monkey
faces	🙉	hear-no-evil monkey
faces	🙊	speak-no-evil monkey
faces	💌	love letter
faces	💘	heart with arrow
faces	💝	heart with ribbon
faces	💖	sparkling heart
faces	💗	growing heart
faces	💓	beating heart
faces	💞	revolving hearts
faces	💕	two hearts
faces	💟	heart decoration
faces	❣️	heart exclamation
faces	💔	broken heart
faces	❤️‍🔥	heart on fire
faces	❤️‍🩹	mending heart
faces	❤️	red heart
faces	🩷	pink heart
faces	🧡	orange heart
faces	💛	yellow heart
faces	💚	green heart
faces	💙	blue heart
faces	🩵	light blue heart
faces	💜	purple heart
faces	🤎	brown heart
faces	🖤	black heart
faces	🩶	grey heart
faces	🤍	white heart
faces	💋	kiss mark
faces	💯	hundred points
faces	💢	anger symbol
faces	🫯	fight cloud
faces	💥	collision
faces	💫	dizzy
faces	💦	sweat droplets
faces	💨	dashing away
faces	🕳️	hole
faces	💬	speech balloon
faces	👁️‍🗨️	eye in speech bubble
faces	🗨️	left speech bubble
faces	🗯️	right anger bubble
faces	💭	thought balloon
faces	💤	ZZZ
people	👋	waving hand
people	👋🏻	waving hand: light skin tone
people	👋🏼	waving hand: medium-light skin tone
people	👋🏽	waving hand: medium skin tone
people	👋🏾	waving hand: medium-dark skin tone
people	👋🏿	waving hand: dark skin tone
people	🤚	raised back of hand
people	🤚🏻	raised back of hand: light skin tone
people	🤚🏼	raised back of hand: medium-light skin tone
people	🤚🏽	raised back of hand: medium skin tone
people	🤚🏾	raised back of hand: medium-dark skin tone
people	🤚🏿	raised back of hand: dark skin tone
people	🖐️	hand with fingers splayed
people	🖐🏻	hand with fingers splayed: light skin tone
people	🖐🏼	hand with fingers splayed: medium-light skin tone
people	🖐🏽	hand with fingers splayed: medium skin tone
people	🖐🏾	hand with fingers splayed: medium-dark skin tone
people	🖐🏿	hand with fingers splayed: dark skin tone
people	✋	raised hand
people	✋🏻	raised hand: light skin tone
people	✋🏼	raised hand: medium-light skin tone
people	✋🏽	raised hand: medium skin tone
people	✋🏾	raised hand: medium-dark skin tone
people	✋🏿	raised hand: dark skin tone
people	🖖	vulcan salute
people	🖖🏻	vulcan salute: light skin tone
people	🖖🏼	vulcan salute: medium-light skin tone
people	🖖🏽	vulcan salute: medium skin tone
people	🖖🏾	vulcan salute: medium-dark skin tone
people	🖖🏿	vulcan salute: dark skin tone
people	🫱	rightwards hand
people	🫱🏻	rightwards hand: light skin tone
people	🫱🏼	rightwards hand: medium-light skin tone
people	🫱🏽	rightwards hand: medium skin tone
people	🫱🏾	rightwards hand: medium-dark skin tone
people	🫱🏿	rightwards hand: dark skin tone
people	🫲	leftwards hand
people	🫲🏻	leftwards hand: light skin tone
people	🫲🏼	leftwards hand: medium-light skin tone
people	🫲🏽	leftwards hand: medium skin tone
people	🫲🏾	leftwards hand: medium-dark skin tone
people	🫲🏿	leftwards hand: dark skin tone
people	🫳	palm down hand
people	🫳🏻	palm down hand: light skin tone
people	🫳🏼	palm down hand: medium-light skin tone
people	🫳🏽	palm down hand: medium skin tone
people	🫳🏾	palm down hand: medium-dark skin tone
people	🫳🏿	palm down hand: dark skin tone
people	🫴	palm up hand
people	🫴🏻	palm up hand: light skin tone
people	🫴🏼	palm up hand: medium-light skin tone
people	🫴🏽	palm up hand: medium skin tone
people	🫴🏾	palm up hand: medium-dark skin tone
people	🫴🏿	palm up hand: dark skin tone
people	🫷	leftwards pushing hand
people	🫷🏻	leftwards pushing hand: light skin tone
people	🫷🏼	leftwards pushing hand: medium-light skin tone
people	🫷🏽	leftwards pushing hand: medium skin tone
people	🫷🏾	leftwards pushing hand: medium-dark skin tone
people	🫷🏿	leftwards pushing hand: dark skin tone
people	🫸	rightwards pushing hand
people	🫸🏻	rightwards pushing hand: light skin tone
people	🫸🏼	rightwards pushing hand: medium-light skin tone
people	🫸🏽	rightwards pushing hand: medium skin tone
people	🫸🏾	rightwards pushing hand: medium-dark skin tone
people	🫸🏿	rightwards pushing hand: dark skin tone
people	👌	OK hand
people	👌🏻	OK hand: light skin tone
people	👌🏼	OK hand: medium-light skin tone
people	👌🏽	OK hand: medium skin tone
people	👌🏾	OK hand: medium-dark skin tone
people	👌🏿	OK hand: dark skin tone
people	🤌	pinched fingers
people	🤌🏻	pinched fingers: light skin tone
people	🤌🏼	pinched fingers: medium-light skin tone
people	🤌🏽	pinched fingers: medium skin tone
people	🤌🏾	pinched fingers: medium-dark skin tone
people	🤌🏿	pinched fingers: dark skin tone
people	🤏	pinching hand
people	🤏🏻	pinching hand: light skin tone
people	🤏🏼	pinching hand: medium-light skin tone
people	🤏🏽	pinching hand: medium skin tone
people	🤏🏾	pinching hand: medium-dark skin tone
people	🤏🏿	pinching hand: dark skin tone
people	✌️	victory hand
people	✌🏻	victory hand: light skin tone
people	✌🏼	victory hand: medium-light skin tone
people	✌🏽	victory hand: medium skin tone
people	✌🏾	victory hand: medium-dark skin tone
people	✌🏿	victory hand: dark skin tone
people	🤞	crossed fingers
people	🤞🏻	crossed fingers: light skin tone
people	🤞🏼	crossed fingers: medium-light skin tone
people	🤞🏽	crossed fingers: medium skin tone
people	🤞🏾	crossed fingers: medium-dark skin tone
people	🤞🏿	crossed fingers: dark skin tone
people	🫰	hand with index finger and thumb crossed
people	🫰🏻	hand with index finger and thumb crossed: light skin tone
people	🫰🏼	hand with index finger and thumb crossed: medium-light skin tone
people	🫰🏽	hand with index finger and thumb crossed: medium skin tone
people	🫰🏾	hand with index finger and thumb crossed: medium-dark skin tone
people	🫰🏿	hand with index finger and thumb crossed: dark skin tone
people	🤟	love-you gesture
people	🤟🏻	love-you gesture: light skin tone
people	🤟🏼	love-you gesture: medium-light skin tone
people	🤟🏽	love-you gesture: medium skin tone
people	🤟🏾	love-you gesture: medium-dark skin tone
people	🤟🏿	love-you gesture: dark skin tone
people	🤘	sign of the horns
people	🤘🏻	sign of the horns: light skin tone
people	🤘🏼	sign of the horns: medium-light skin tone
people	🤘🏽	sign of the horns: medium skin tone
people	🤘🏾	sign of the horns: medium-dark skin tone
people	🤘🏿	sign of the horns: dark skin tone
people	🤙	call me hand
people	🤙🏻	call me hand: light skin tone
people	🤙🏼	call me hand: medium-light skin tone
people	🤙🏽	call me hand: medium skin tone
people	🤙🏾	call me hand: medium-dark skin tone
people	🤙🏿	call me hand: dark skin tone
people	👈	backhand index pointing left
people	👈🏻	backhand index pointing left: light skin tone
people	👈🏼	backhand index pointing left: medium-light skin tone
people	👈🏽	backhand index pointing left: medium skin tone
people	👈🏾	backhand index pointing left: medium-dark skin tone
people	👈🏿	backhand index pointing left: dark skin tone
people	👉	backhand index pointing right
people	👉🏻	backhand index pointing right: light skin tone
people	👉🏼	backhand index pointing right: medium-light skin tone
people	👉🏽	backhand index pointing right: medium skin tone
people	👉🏾	backhand index pointing right: medium-dark skin tone
people	👉🏿	backhand index pointing right: dark skin tone
people	👆	backhand index pointing up
people	👆🏻	backhand index pointing up: light skin tone
people	👆🏼	backhand index pointing up: medium-light skin tone
people	👆🏽	backhand index pointing up: medium skin tone
people	👆🏾	backhand index pointing up: medium-dark skin tone
people	👆🏿	backhand index pointing up: dark skin tone
people	🖕	middle finger
people	🖕🏻	middle finger: light skin tone
people	🖕🏼	middle finger: medium-light skin tone
people	🖕🏽	middle finger: medium skin tone
people	🖕🏾	middle finger: medium-dark skin tone
people	🖕🏿	middle finger: dark skin tone
people	👇	backhand index pointing down
people	👇🏻	backhand index pointing down: light skin tone
people	👇🏼	backhand index pointing down: medium-light skin tone
people	👇🏽	backhand index pointing down: medium skin tone
people	👇🏾	backhand index pointing down: medium-dark skin tone
people	👇🏿	backhand index pointing down: dark skin tone
people	☝️	index pointing up
people	☝🏻	index pointing up: light skin tone
people	☝🏼	index pointing up: medium-light skin tone
people	☝🏽	index pointing up: medium skin tone
people	☝🏾	index pointing up: medium-dark skin tone
people	☝🏿	index pointing up: dark skin tone
people	🫵	index pointing at the viewer
people	🫵🏻	index pointing at the viewer: light skin tone
people	🫵🏼	index pointing at the viewer: medium-light skin tone
people	🫵🏽	index pointing at the viewer: medium skin tone
people	🫵🏾	index pointing at the viewer: medium-dark skin tone
people	🫵🏿	index pointing at the viewer: dark skin tone
people	👍	thumbs up
people	👍🏻	thumbs up: light skin tone
people	👍🏼	thumbs up: medium-light skin tone
people	👍🏽	thumbs up: medium skin tone
people	👍🏾	thumbs up: medium-dark skin tone
people	👍🏿	thumbs up: dark skin tone
people	👎	thumbs down
people	👎🏻	thumbs down: light skin tone
people	👎🏼	thumbs down: medium-light skin tone
people	👎🏽	thumbs down: medium skin tone
people	👎🏾	thumbs down: medium-dark skin tone
people	👎🏿	thumbs down: dark skin tone
people	🫹	leftwards thumb sign
people	🫹🏻	leftwards thumb sign: light skin tone
people	🫹🏼	leftwards thumb sign: medium-light skin tone
people	🫹🏽	leftwards thumb sign: medium skin tone
people	🫹🏾	leftwards thumb sign: medium-dark skin tone
people	🫹🏿	leftwards thumb sign: dark skin tone
people	🫺	rightwards thumb sign
people	🫺🏻	rightwards thumb sign: light skin tone
people	🫺🏼	rightwards thumb sign: medium-light skin tone
people	🫺🏽	rightwards thumb sign: medium skin tone
people	🫺🏾	rightwards thumb sign: medium-dark skin tone
people	🫺🏿	rightwards thumb sign: dark skin tone
people	✊	raised fist
people	✊🏻	raised fist: light skin tone
people	✊🏼	raised fist: medium-light skin tone
people	✊🏽	raised fist: medium skin tone
people	✊🏾	raised fist: medium-dark skin tone
people	✊🏿	raised fist: dark skin tone
people	👊	oncoming fist
people	👊🏻	oncoming fist: light skin tone
people	👊🏼	oncoming fist: medium-light skin tone
people	👊🏽	oncoming fist: medium skin tone
people	👊🏾	oncoming fist: medium-dark skin tone
people	👊🏿	oncoming fist: dark skin tone
people	🤛	left-facing fist
people	🤛🏻	left-facing fist: light skin tone
people	🤛🏼	left-facing fist: medium-light skin tone
people	🤛🏽	left-facing fist: medium skin tone
people	🤛🏾	left-facing fist: medium-dark skin tone
people	🤛🏿	left-facing fist: dark skin tone
people	🤜	right-facing fist
people	🤜🏻	right-facing fist: light skin tone
people	🤜🏼	right-facing fist: medium-light skin tone
people	🤜🏽	right-facing fist: medium skin tone
people	🤜🏾	right-facing fist: medium-dark skin tone
people	🤜🏿	right-facing fist: dark skin tone
people	👏	clapping hands
people	👏🏻	clapping hands: light skin tone
people	👏🏼	clapping hands: medium-light skin tone
people	👏🏽	clapping hands: medium skin tone
people	👏🏾	clapping hands: medium-dark skin tone
people	👏🏿	clapping hands: dark skin tone
people	🙌	raising hands
people	🙌🏻	raising hands: light skin tone
people	🙌🏼	raising hands: medium-light skin tone
people	🙌🏽	raising hands: medium skin tone
people	🙌🏾	raising hands: medium-dark skin tone
people	🙌🏿	raising hands: dark skin tone
people	🫶	heart hands
people	🫶🏻	heart hands: light skin tone
people	🫶🏼	heart hands: medium-light skin tone
people	🫶🏽	heart hands: medium skin tone
people	🫶🏾	heart hands: medium-dark skin tone
people	🫶🏿	heart hands: dark skin tone
people	👐	open hands
people	👐🏻	open hands: light skin tone
people	👐🏼	open hands: medium-light skin tone
people	👐🏽	open hands: medium skin tone
people	👐🏾	open hands: medium-dark skin tone
people	👐🏿	open hands: dark skin tone
people	🤲	palms up together
people	🤲🏻	palms up together: light skin tone
people	🤲🏼	palms up together: medium-light skin tone
people	🤲🏽	palms up together: medium skin tone
people	🤲🏾	palms up together: medium-dark skin tone
people	🤲🏿	palms up together: dark skin tone
people	🤝	handshake
people	🤝🏻	handshake: light skin tone
people	🤝🏼	handshake: medium-light skin tone
people	🤝🏽	handshake: medium skin tone
people	🤝🏾	handshake: medium-dark skin tone
people	🤝🏿	handshake: dark skin tone
people	🫱🏻‍🫲🏼	handshake: light skin tone, medium-light skin tone
people	🫱🏻‍🫲🏽	handshake: light skin tone, medium skin tone
people	🫱🏻‍🫲🏾	handshake: light skin tone, medium-dark skin tone
people	🫱🏻‍🫲🏿	handshake: light skin tone, dark skin tone
people	🫱🏼‍🫲🏻	handshake: medium-light skin tone, light skin tone
people	🫱🏼‍🫲🏽	handshake: medium-light skin tone, medium skin tone
people	🫱🏼‍🫲🏾	handshake: medium-light skin tone, medium-dark skin tone
people	🫱🏼‍🫲🏿	handshake: medium-light skin tone, dark skin tone
people	🫱🏽‍🫲🏻	handshake: medium skin tone, light skin tone
people	🫱🏽‍🫲🏼	handshake: medium skin tone, medium-light skin tone
people	🫱🏽‍🫲🏾	handshake: medium skin tone, medium-dark skin tone
people	🫱🏽‍🫲🏿	handshake: medium skin tone, dark skin tone
people	🫱🏾‍🫲🏻	handshake: medium-dark skin tone, light skin tone
people	🫱🏾‍🫲🏼	handshake: medium-dark skin tone, medium-light skin tone
people	🫱🏾‍🫲🏽	handshake: medium-dark skin tone, medium skin tone
people	🫱🏾‍🫲🏿	handshake: medium-dark skin tone, dark skin tone
people	🫱🏿‍🫲🏻	handshake: dark skin tone, light skin tone
people	🫱🏿‍🫲🏼	handshake: dark skin tone, medium-light skin tone
people	🫱🏿‍🫲🏽	handshake: dark skin tone, medium skin tone
people	🫱🏿‍🫲🏾	handshake: dark skin tone, medium-dark skin tone
people	🙏	folded hands
people	🙏🏻	folded hands: light skin tone
people	🙏🏼	folded hands: medium-light skin tone
people	🙏🏽	folded hands: medium skin tone
people	🙏🏾	folded hands: medium-dark skin tone
people	🙏🏿	folded hands: dark skin tone
people	✍️	writing hand
people	✍🏻	writing hand: light skin tone
people	✍🏼	writing hand: medium-light skin tone
people	✍🏽	writing hand: medium skin tone
people	✍🏾	writing hand: medium-dark skin tone
people	✍🏿	writing hand: dark skin tone
people	💅	nail polish
people	💅🏻	nail polish: light skin tone
people	💅🏼	nail polish: medium-light skin tone
people	💅🏽	nail polish: medium skin tone
people	💅🏾	nail polish: medium-dark skin tone
people	💅🏿	nail polish: dark skin tone
people	🤳	selfie
people	🤳🏻	selfie: light skin tone
people	🤳🏼	selfie: medium-light skin tone
people	🤳🏽	selfie: medium skin tone
people	🤳🏾	selfie: medium-dark skin tone
people	🤳🏿	selfie: dark skin tone
people	💪	flexed biceps
people	💪🏻	flexed biceps: light skin tone
people	💪🏼	flexed biceps: medium-light skin tone
people	💪🏽	flexed biceps: medium skin tone
people	💪🏾	flexed biceps: medium-dark skin tone
people	💪🏿	flexed biceps: dark skin tone
people	🦾	mechanical arm
people	🦿	mechanical leg
people	🦵	leg
people	🦵🏻	leg: light skin tone
people	🦵🏼	leg: medium-light skin tone
people	🦵🏽	leg: medium skin tone
people	🦵🏾	leg: medium-dark skin tone
people	🦵🏿	leg: dark skin tone
people	🦶	foot
people	🦶🏻	foot: light skin tone
people	🦶🏼	foot: medium-light skin tone
people	🦶🏽	foot: medium skin tone
people	🦶🏾	foot: medium-dark skin tone
people	🦶🏿	foot: dark skin tone
people	👂	ear
people	👂🏻	ear: light skin tone
people	👂🏼	ear: medium-light skin tone
people	👂🏽	ear: medium skin tone
people	👂🏾	ear: medium-dark skin tone
people	👂🏿	ear: dark skin tone
people	🦻	ear with hearing aid
people	🦻🏻	ear with hearing aid: light skin tone
people	🦻🏼	ear with hearing aid: medium-light skin tone
people	🦻🏽	ear with hearing aid: medium skin tone
people	🦻🏾	ear with hearing aid: medium-dark skin tone
people	🦻🏿	ear with hearing aid: dark skin tone
people	👃	nose
people	👃🏻	nose: light skin tone
people	👃🏼	nose: medium-light skin tone
people	👃🏽	nose: medium skin tone
people	👃🏾	nose: medium-dark skin tone
people	👃🏿	nose: dark skin tone
people	🧠	brain
people	🫀	anatomical heart
people	🫁	lungs
people	🦷	tooth
people	🦴	bone
people	👀	eyes
people	👁️	eye
people	👅	tongue
people	👄	mouth
people	🫦	biting lip
people	👶	baby
people	👶🏻	baby: light skin tone
people	👶🏼	baby: medium-light skin tone
people	👶🏽	baby: medium skin tone
people	👶🏾	baby: medium-dark skin tone
people	👶🏿	baby: dark skin tone
people	🧒	child
people	🧒🏻	child: light skin tone
people	🧒🏼	child: medium-light skin tone
people	🧒🏽	child: medium skin tone
people	🧒🏾	child: medium-dark skin tone
people	🧒🏿	child: dark skin tone
people	👦	boy
people	👦🏻	boy: light skin tone
people	👦🏼	boy: medium-light skin tone
people	👦🏽	boy: medium skin tone
people	👦🏾	boy: medium-dark skin tone
people	👦🏿	boy: dark skin tone
people	👧	girl
people	👧🏻	girl: light skin tone
people	👧🏼	girl: medium-light skin tone
people	👧🏽	girl: medium skin tone
people	👧🏾	girl: medium-dark skin tone
people	👧🏿	girl: dark skin tone
people	🧑	person
people	🧑🏻	person: light skin tone
people	🧑🏼	person: medium-light skin tone
people	🧑🏽	person: medium skin tone
people	🧑🏾	person: medium-dark skin tone
people	🧑🏿	person: dark skin tone
people	👱	person: blond hair
people	👱🏻	person: light skin tone, blond hair
people	👱🏼	person: medium-light skin tone, blond hair
people	👱🏽	person: medium skin tone, blond hair
people	👱🏾	person: medium-dark skin tone, blond hair
people	👱🏿	person: dark skin tone, blond hair
people	👨	man
people	👨🏻	man: light skin tone
people	👨🏼	man: medium-light skin tone
people	👨🏽	man: medium skin tone
people	👨🏾	man: medium-dark skin tone
people	👨🏿	man: dark skin tone
people	🧔	person: beard
people	🧔🏻	person: light skin tone, beard
people	🧔🏼	person: medium-light skin tone, beard
people	🧔🏽	person: medium skin tone, beard
people	🧔🏾	person: medium-dark skin tone, beard
people	🧔🏿	person: dark skin tone, beard
people	🧔‍♂️	man: beard
people	🧔🏻‍♂️	man: light skin tone, beard
people	🧔🏼‍♂️	man: medium-light skin tone, beard
people	🧔🏽‍♂️	man: medium skin tone, beard
people	🧔🏾‍♂️	man: medium-dark skin tone, beard
people	🧔🏿‍♂️	man: dark skin tone, beard
people	🧔‍♀️	woman: beard
people	🧔🏻‍♀️	woman: light skin tone, beard
people	🧔🏼‍♀️	woman: medium-light skin tone, beard
people	🧔🏽‍♀️	woman: medium skin tone, beard
people	🧔🏾‍♀️	woman: medium-dark skin tone, beard
people	🧔🏿‍♀️	woman: dark skin tone, beard
people	👨‍🦰	man: red hair
people	👨🏻‍🦰	man: light skin tone, red hair
people	👨🏼‍🦰	man: medium-light skin tone, red hair
people	👨🏽‍🦰	man: medium skin tone, red hair
people	👨🏾‍🦰	man: medium-dark skin tone, red hair
people	👨🏿‍🦰	man: dark skin tone, red hair
people	👨‍🦱	man: curly hair
people	👨🏻‍🦱	man: light skin tone, curly hair
people	👨🏼‍🦱	man: medium-light skin tone, curly hair
people	👨🏽‍🦱	man: medium skin tone, curly hair
people	👨🏾‍🦱	man: medium-dark skin tone, curly hair
people	👨🏿‍🦱	man: dark skin tone, curly hair
people	👨‍🦳	man: white hair
people	👨🏻‍🦳	man: light skin tone, white hair
people	👨🏼‍🦳	man: medium-light skin tone, white hair
people	👨🏽‍🦳	man: medium skin tone, white hair
people	👨🏾‍🦳	man: medium-dark skin tone, white hair
people	👨🏿‍🦳	man: dark skin tone, white hair
people	👨‍🦲	man: bald
people	👨🏻‍🦲	man: light skin tone, bald
people	👨🏼‍🦲	man: medium-light skin tone, bald
people	👨🏽‍🦲	man: medium skin tone, bald
people	👨🏾‍🦲	man: medium-dark skin tone, bald
people	👨🏿‍🦲	man: dark skin tone, bald
people	👩	woman
people	👩🏻	woman: light skin tone
people	👩🏼	woman: medium-light skin tone
people	👩🏽	woman: medium skin tone
people	👩🏾	woman: medium-dark skin tone
people	👩🏿	woman: dark skin tone
people	👩‍🦰	woman: red hair
people	👩🏻‍🦰	woman: light skin tone, red hair
people	👩🏼‍🦰	woman: medium-light skin tone, red hair
people	👩🏽‍🦰	woman: medium skin tone, red hair
people	👩🏾‍🦰	woman: medium-dark skin tone, red hair
people	👩🏿‍🦰	woman: dark skin tone, red hair
people	🧑‍🦰	person: red hair
people	🧑🏻‍🦰	person: light skin tone, red hair
people	🧑🏼‍🦰	person: medium-light skin tone, red hair
people	🧑🏽‍🦰	person: medium skin tone, red hair
people	🧑🏾‍🦰	person: medium-dark skin tone, red hair
people	🧑🏿‍🦰	person: dark skin tone, red hair
people	👩‍🦱	woman: curly hair
people	👩🏻‍🦱	woman: light skin tone, curly hair
people	👩🏼‍🦱	woman: medium-light skin tone, curly hair
people	👩🏽‍🦱	woman: medium skin tone, curly hair
people	👩🏾‍🦱	woman: medium-dark skin tone, curly hair
people	👩🏿‍🦱	woman: dark skin tone, curly hair
people	🧑‍🦱	person: curly hair
people	🧑🏻‍🦱	person: light skin tone, curly hair
people	🧑🏼‍🦱	person: medium-light skin tone, curly hair
people	🧑🏽‍🦱	person: medium skin tone, curly hair
people	🧑🏾‍🦱	person: medium-dark skin tone, curly hair
people	🧑🏿‍🦱	person: dark skin tone, curly hair
people	👩‍🦳	woman: white hair
people	👩🏻‍🦳	woman: light skin tone, white hair
people	👩🏼‍🦳	woman: medium-light skin tone, white hair
people	👩🏽‍🦳	woman: medium skin tone, white hair
people	👩🏾‍🦳	woman: medium-dark skin tone, white hair
people	👩🏿‍🦳	woman: dark skin tone, white hair
people	🧑‍🦳	person: white hair
people	🧑🏻‍🦳	person: light skin tone, white hair
people	🧑🏼‍🦳	person: medium-light skin tone, white hair
people	🧑🏽‍🦳	person: medium skin tone, white hair
people	🧑🏾‍🦳	person: medium-dark skin tone, white hair
people	🧑🏿‍🦳	person: dark skin tone, white hair
people	👩‍🦲	woman: bald
people	👩🏻‍🦲	woman: light skin tone, bald
people	👩🏼‍🦲	woman: medium-light skin tone, bald
people	👩🏽‍🦲	woman: medium skin tone, bald
people	👩🏾‍🦲	woman: medium-dark skin tone, bald
people	👩🏿‍🦲	woman: dark skin tone, bald
people	🧑‍🦲	person: bald
people	🧑🏻‍🦲	person: light skin tone, bald
people	🧑🏼‍🦲	person: medium-light skin tone, bald
people	🧑🏽‍🦲	person: medium skin tone, bald
people	🧑🏾‍🦲	person: medium-dark skin tone, bald
people	🧑🏿‍🦲	person: dark skin tone, bald
people	👱‍♀️	woman: blond hair
people	👱🏻‍♀️	woman: light skin tone, blond hair
people	👱🏼‍♀️	woman: medium-light skin tone, blond hair
people	👱🏽‍♀️	woman: medium skin tone, blond hair
people	👱🏾‍♀️	woman: medium-dark skin tone, blond hair
people	👱🏿‍♀️	woman: dark skin tone, blond hair
people	👱‍♂️	man: blond hair
people	👱🏻‍♂️	man: light skin tone, blond hair
people	👱🏼‍♂️	man: medium-light skin tone, blond hair
people	👱🏽‍♂️	man: medium skin tone, blond hair
people	👱🏾‍♂️	man: medium-dark skin tone, blond hair
people	👱🏿‍♂️	man: dark skin tone, blond hair
people	🧓	older person
people	🧓🏻	older person: light skin tone
people	🧓🏼	older person: medium-light skin tone
people	🧓🏽	older person: medium skin tone
people	🧓🏾	older person: medium-dark skin tone
people	🧓🏿	older person: dark skin tone
people	👴	old man
people	👴🏻	old man: light skin tone
people	👴🏼	old man: medium-light skin tone
people	👴🏽	old man: medium skin tone
people	👴🏾	old man: medium-dark skin tone
people	👴🏿	old man: dark skin tone
people	👵	old woman
people	👵🏻	old woman: light skin tone
people	👵🏼	old woman: medium-light skin tone
people	👵🏽	old woman: medium skin tone
people	👵🏾	old woman: medium-dark skin tone
people	👵🏿	old woman: dark skin tone
people	🙍	person frowning
people	🙍🏻	person frowning: light skin tone
people	🙍🏼	person frowning: medium-light skin tone
people	🙍🏽	person frowning: medium skin tone
people	🙍🏾	person frowning: medium-dark skin tone
people	🙍🏿	person frowning: dark skin tone
people	🙍‍♂️	man frowning
people	🙍🏻‍♂️	man frowning: light skin tone
people	🙍🏼‍♂️	man frowning: medium-light skin tone
people	🙍🏽‍♂️	man frowning: medium skin tone
people	🙍🏾‍♂️	man frowning: medium-dark skin tone
people	🙍🏿‍♂️	man frowning: dark skin tone
people	🙍‍♀️	woman frowning
people	🙍🏻‍♀️	woman frowning: light skin tone
people	🙍🏼‍♀️	woman frowning: medium-light skin tone
people	🙍🏽‍♀️	woman frowning: medium skin tone
people	🙍🏾‍♀️	woman frowning: medium-dark skin tone
people	🙍🏿‍♀️	woman frowning: dark skin tone
people	🙎	person pouting
people	🙎🏻	person pouting: light skin tone
people	🙎🏼	person pouting: medium-light skin tone
people	🙎🏽	person pouting: medium skin tone
people	🙎🏾	person pouting: medium-dark skin tone
people	🙎🏿	person pouting: dark skin tone
people	🙎‍♂️	man pouting
people	🙎🏻‍♂️	man pouting: light skin tone
people	🙎🏼‍♂️	man pouting: medium-light skin tone
people	🙎🏽‍♂️	man pouting: medium skin tone
people	🙎🏾‍♂️	man pouting: medium-dark skin tone
people	🙎🏿‍♂️	man pouting: dark skin tone
people	🙎‍♀️	woman pouting
people	🙎🏻‍♀️	woman pouting: light skin tone
people	🙎🏼‍♀️	woman pouting: medium-light skin tone
people	🙎🏽‍♀️	woman pouting: medium skin tone
people	🙎🏾‍♀️	woman pouting: medium-dark skin tone
people	🙎🏿‍♀️	woman pouting: dark skin tone
people	🙅	person gesturing NO
people	🙅🏻	person gesturing NO: light skin tone
people	🙅🏼	person gesturing NO: medium-light skin tone
people	🙅🏽	person gesturing NO: medium skin tone
people	🙅🏾	person gesturing NO: medium-dark skin tone
people	🙅🏿	person gesturing NO: dark skin tone
people	🙅‍♂️	man gesturing NO
people	🙅🏻‍♂️	man gesturing NO: light skin tone
people	🙅🏼‍♂️	man gesturing NO: medium-light skin tone
people	🙅🏽‍♂️	man gesturing NO: medium skin tone
people	🙅🏾‍♂️	man gesturing NO: medium-dark skin tone
people	🙅🏿‍♂️	man gesturing NO: dark skin tone
people	🙅‍♀️	woman gesturing NO
people	🙅🏻‍♀️	woman gesturing NO: light skin tone
people	🙅🏼‍♀️	woman gesturing NO: medium-light skin tone
people	🙅🏽‍♀️	woman gesturing NO: medium skin tone
people	🙅🏾‍♀️	woman gesturing NO: medium-dark skin tone
people	🙅🏿‍♀️	woman gesturing NO: dark skin tone
people	🙆	person gesturing OK
people	🙆🏻	person gesturing OK: light skin tone
people	🙆🏼	person gesturing OK: medium-light skin tone
people	🙆🏽	person gesturing OK: medium skin tone
people	🙆🏾	person gesturing OK: medium-dark skin tone
people	🙆🏿	person gesturing OK: dark skin tone
people	🙆‍♂️	man gesturing OK
people	🙆🏻‍♂️	man gesturing OK: light skin tone
people	🙆🏼‍♂️	man gesturing OK: medium-light skin tone
people	🙆🏽‍♂️	man gesturing OK: medium skin tone
people	🙆🏾‍♂️	man gesturing OK: medium-dark skin tone
people	🙆🏿‍♂️	man gesturing OK: dark skin tone
people	🙆‍♀️	woman gesturing OK
people	🙆🏻‍♀️	woman gesturing OK: light skin tone
people	🙆🏼‍♀️	woman gesturing OK: medium-light skin tone
people	🙆🏽‍♀️	woman gesturing OK: medium skin tone
people	🙆🏾‍♀️	woman gesturing OK: medium-dark skin tone
people	🙆🏿‍♀️	woman gesturing OK: dark skin tone
people	💁	person tipping hand
people	💁🏻	person tipping hand: light skin tone
people	💁🏼	person tipping hand: medium-light skin tone
people	💁🏽	person tipping hand: medium skin tone
people	💁🏾	person tipping hand: medium-dark skin tone
people	💁🏿	person tipping hand: dark skin tone
people	💁‍♂️	man tipping hand
people	💁🏻‍♂️	man tipping hand: light skin tone
people	💁🏼‍♂️	man tipping hand: medium-light skin tone
people	💁🏽‍♂️	man tipping hand: medium skin tone
people	💁🏾‍♂️	man tipping hand: medium-dark skin tone
people	💁🏿‍♂️	man tipping hand: dark skin tone
people	💁‍♀️	woman tipping hand
people	💁🏻‍♀️	woman tipping hand: light skin tone
people	💁🏼‍♀️	woman tipping hand: medium-light skin tone
people	💁🏽‍♀️	woman tipping hand: medium skin tone
people	💁🏾‍♀️	woman tipping hand: medium-dark skin tone
people	💁🏿‍♀️	woman tipping hand: dark skin tone
people	🙋	person raising hand
people	🙋🏻	person raising hand: light skin tone
people	🙋🏼	person raising hand: medium-light skin tone
people	🙋🏽	person raising hand: medium skin tone
people	🙋🏾	person raising hand: medium-dark skin tone
people	🙋🏿	person raising hand: dark skin tone
people	🙋‍♂️	man raising hand
people	🙋🏻‍♂️	man raising hand: light skin tone
people	🙋🏼‍♂️	man raising hand: medium-light skin tone
people	🙋🏽‍♂️	man raising hand: medium skin tone
people	🙋🏾‍♂️	man raising hand: medium-dark skin tone
people	🙋🏿‍♂️	man raising hand: dark skin tone
people	🙋‍♀️	woman raising hand
people	🙋🏻‍♀️	woman raising hand: light skin tone
people	🙋🏼‍♀️	woman raising hand: medium-light skin tone
people	🙋🏽‍♀️	woman raising hand: medium skin tone
people	🙋🏾‍♀️	woman raising hand: medium-dark skin tone
people	🙋🏿‍♀️	woman raising hand: dark skin tone
people	🧏	deaf person
people	🧏🏻	deaf person: light skin tone
people	🧏🏼	deaf person: medium-light skin tone
people	🧏🏽	deaf person: medium skin tone
people	🧏🏾	deaf person: medium-dark skin tone
people	🧏🏿	deaf person: dark skin tone
people	🧏‍♂️	deaf man
people	🧏🏻‍♂️	deaf man: light skin tone
people	🧏🏼‍♂️	deaf man: medium-light skin tone
people	🧏🏽‍♂️	deaf man: medium skin tone
people	🧏🏾‍♂️	deaf man: medium-dark skin tone
people	🧏🏿‍♂️	deaf man: dark skin tone
people	🧏‍♀️	deaf woman
people	🧏🏻‍♀️	deaf woman: light skin tone
people	🧏🏼‍♀️	deaf woman: medium-light skin tone
people	🧏🏽‍♀️	deaf woman: medium skin tone
people	🧏🏾‍♀️	deaf woman: medium-dark skin tone
people	🧏🏿‍♀️	deaf woman: dark skin tone
people	🙇	person bowing
people	🙇🏻	person bowing: light skin tone
people	🙇🏼	person bowing: medium-light skin tone
people	🙇🏽	person bowing: medium skin tone
people	🙇🏾	person bowing: medium-dark skin tone
people	🙇🏿	person bowing: dark skin tone
people	🙇‍♂️	man bowing
people	🙇🏻‍♂️	man bowing: light skin tone
people	🙇🏼‍♂️	man bowing: medium-light skin tone
people	🙇🏽‍♂️	man bowing: medium skin tone
people	🙇🏾‍♂️	man bowing: medium-dark skin tone
people	🙇🏿‍♂️	man bowing: dark skin tone
people	🙇‍♀️	woman bowing
people	🙇🏻‍♀️	woman bowing: light skin tone
people	🙇🏼‍♀️	woman bowing: medium-light skin tone
people	🙇🏽‍♀️	woman bowing: medium skin tone
people	🙇🏾‍♀️	woman bowing: medium-dark skin tone
people	🙇🏿‍♀️	woman bowing: dark skin tone
people	🤦	person facepalming
people	🤦🏻	person facepalming: light skin tone
people	🤦🏼	person facepalming: medium-light skin tone
people	🤦🏽	person facepalming: medium skin tone
people	🤦🏾	person facepalming: medium-dark skin tone
people	🤦🏿	person facepalming: dark skin tone
people	🤦‍♂️	man facepalming
people	🤦🏻‍♂️	man facepalming: light skin tone
people	🤦🏼‍♂️	man facepalming: medium-light skin tone
people	🤦🏽‍♂️	man facepalming: medium skin tone
people	🤦🏾‍♂️	man facepalming: medium-dark skin tone
people	🤦🏿‍♂️	man facepalming: dark skin tone
people	🤦‍♀️	woman facepalming
people	🤦🏻‍♀️	woman facepalming: light skin tone
people	🤦🏼‍♀️	woman facepalming: medium-light skin tone
people	🤦🏽‍♀️	woman facepalming: medium skin tone
people	🤦🏾‍♀️	woman facepalming: medium-dark skin tone
people	🤦🏿‍♀️	woman facepalming: dark skin tone
people	🤷	person shrugging
people	🤷🏻	person shrugging: light skin tone
people	🤷🏼	person shrugging: medium-light skin tone
people	🤷🏽	person shrugging: medium skin tone
people	🤷🏾	person shrugging: medium-dark skin tone
people	🤷🏿	person shrugging: dark skin tone
people	🤷‍♂️	man shrugging
people	🤷🏻‍♂️	man shrugging: light skin tone
people	🤷🏼‍♂️	man shrugging: medium-light skin tone
people	🤷🏽‍♂️	man shrugging: medium skin tone
people	🤷🏾‍♂️	man shrugging: medium-dark skin tone
people	🤷🏿‍♂️	man shrugging: dark skin tone
people	🤷‍♀️	woman shrugging
people	🤷🏻‍♀️	woman shrugging: light skin tone
people	🤷🏼‍♀️	woman shrugging: medium-light skin tone
people	🤷🏽‍♀️	woman shrugging: medium skin tone
people	🤷🏾‍♀️	woman shrugging: medium-dark skin tone
people	🤷🏿‍♀️	woman shrugging: dark skin tone
people	🧑‍⚕️	health worker
people	🧑🏻‍⚕️	health worker: light skin tone
people	🧑🏼‍⚕️	health worker: medium-light skin tone
people	🧑🏽‍⚕️	health worker: medium skin tone
people	🧑🏾‍⚕️	health worker: medium-dark skin tone
people	🧑🏿‍⚕️	health worker: dark skin tone
people	👨‍⚕️	man health worker
people	👨🏻‍⚕️	man health worker: light skin tone
people	👨🏼‍⚕️	man health worker: medium-light skin tone
people	👨🏽‍⚕️	man health worker: medium skin tone
people	👨🏾‍⚕️	man health worker: medium-dark skin tone
people	👨🏿‍⚕️	man health worker: dark skin tone
people	👩‍⚕️	woman health worker
people	👩🏻‍⚕️	woman health worker: light skin tone
people	👩🏼‍⚕️	woman health worker: medium-light skin tone
people	👩🏽‍⚕️	woman health worker: medium skin tone
people	👩🏾‍⚕️	woman health worker: medium-dark skin tone
people	👩🏿‍⚕️	woman health worker: dark skin tone
people	🧑‍🎓	student
people	🧑🏻‍🎓	student: light skin tone
people	🧑🏼‍🎓	student: medium-light skin tone
people	🧑🏽‍🎓	student: medium skin tone
people	🧑🏾‍🎓	student: medium-dark skin tone
people	🧑🏿‍🎓	student: dark skin tone
people	👨‍🎓	man student
people	👨🏻‍🎓	man student: light skin tone
people	👨🏼‍🎓	man student: medium-light skin tone
people	👨🏽‍🎓	man student: medium skin tone
people	👨🏾‍🎓	man student: medium-dark skin tone
people	👨🏿‍🎓	man student: dark skin tone
people	👩‍🎓	woman student
people	👩🏻‍🎓	woman student: light skin tone
people	👩🏼‍🎓	woman student: medium-light skin tone
people	👩🏽‍🎓	woman student: medium skin tone
people	👩🏾‍🎓	woman student: medium-dark skin tone
people	👩🏿‍🎓	woman student: dark skin tone
people	🧑‍🏫	teacher
people	🧑🏻‍🏫	teacher: light skin tone
people	🧑🏼‍🏫	teacher: medium-light skin tone
people	🧑🏽‍🏫	teacher: medium skin tone
people	🧑🏾‍🏫	teacher: medium-dark skin tone
people	🧑🏿‍🏫	teacher: dark skin tone
people	👨‍🏫	man teacher
people	👨🏻‍🏫	man teacher: light skin tone
people	👨🏼‍🏫	man teacher: medium-light skin tone
people	👨🏽‍🏫	man teacher: medium skin tone
people	👨🏾‍🏫	man teacher: medium-dark skin tone
people	👨🏿‍🏫	man teacher: dark skin tone
people	👩‍🏫	woman teacher
people	👩🏻‍🏫	woman teacher: light skin tone
people	👩🏼‍🏫	woman teacher: medium-light skin tone
people	👩🏽‍🏫	woman teacher: medium skin tone
people	👩🏾‍🏫	woman teacher: medium-dark skin tone
people	👩🏿‍🏫	woman teacher: dark skin tone
people	🧑‍⚖️	judge
people	🧑🏻‍⚖️	judge: light skin tone
people	🧑🏼‍⚖️	judge: medium-light skin tone
people	🧑🏽‍⚖️	judge: medium skin tone
people	🧑🏾‍⚖️	judge: medium-dark skin tone
people	🧑🏿‍⚖️	judge: dark skin tone
people	👨‍⚖️	man judge
people	👨🏻‍⚖️	man judge: light skin tone
people	👨🏼‍⚖️	man judge: medium-light skin tone
people	👨🏽‍⚖️	man judge: medium skin tone
people	👨🏾‍⚖️	man judge: medium-dark skin tone
people	👨🏿‍⚖️	man judge: dark skin tone
people	👩‍⚖️	woman judge
people	👩🏻‍⚖️	woman judge: light skin tone
people	👩🏼‍⚖️	woman judge: medium-light skin tone
people	👩🏽‍⚖️	woman judge: medium skin tone
people	👩🏾‍⚖️	woman judge: medium-dark skin tone
people	👩🏿‍⚖️	woman judge: dark skin tone
people	🧑‍🌾	farmer
people	🧑🏻‍🌾	farmer: light skin tone
people	🧑🏼‍🌾	farmer: medium-light skin tone
people	🧑🏽‍🌾	farmer: medium skin tone
people	🧑🏾‍🌾	farmer: medium-dark skin tone
people	🧑🏿‍🌾	farmer: dark skin tone
people	👨‍🌾	man farmer
people	👨🏻‍🌾	man farmer: light skin tone
people	👨🏼‍🌾	man farmer: medium-light skin tone
people	👨🏽‍🌾	man farmer: medium skin tone
people	👨🏾‍🌾	man farmer: medium-dark skin tone
people	👨🏿‍🌾	man farmer: dark skin tone
people	👩‍🌾	woman farmer
people	👩🏻‍🌾	woman farmer: light skin tone
people	👩🏼‍🌾	woman farmer: medium-light skin tone
people	👩🏽‍🌾	woman farmer: medium skin tone
people	👩🏾‍🌾	woman farmer: medium-dark skin tone
people	👩🏿‍🌾	woman farmer: dark skin tone
people	🧑‍🍳	cook
people	🧑🏻‍🍳	cook: light skin tone
people	🧑🏼‍🍳	cook: medium-light skin tone
people	🧑🏽‍🍳	cook: medium skin tone
people	🧑🏾‍🍳	cook: medium-dark skin tone
people	🧑🏿‍🍳	cook: dark skin tone
people	👨‍🍳	man cook
people	👨🏻‍🍳	man cook: light skin tone
people	👨🏼‍🍳	man cook: medium-light skin tone
people	👨🏽‍🍳	man cook: medium skin tone
people	👨🏾‍🍳	man cook: medium-dark skin tone
people	👨🏿‍🍳	man cook: dark skin tone
people	👩‍🍳	woman cook
people	👩🏻‍🍳	woman cook: light skin tone
people	👩🏼‍🍳	woman cook: medium-light skin tone
people	👩🏽‍🍳	woman cook: medium skin tone
people	👩🏾‍🍳	woman cook: medium-dark skin tone
people	👩🏿‍🍳	woman cook: dark skin tone
people	🧑‍🔧	mechanic
people	🧑🏻‍🔧	mechanic: light skin tone
people	🧑🏼‍🔧	mechanic: medium-light skin tone
people	🧑🏽‍🔧	mechanic: medium skin tone
people	🧑🏾‍🔧	mechanic: medium-dark skin tone
people	🧑🏿‍🔧	mechanic: dark skin tone
people	👨‍🔧	man mechanic
people	👨🏻‍🔧	man mechanic: light skin tone
people	👨🏼‍🔧	man mechanic: medium-light skin tone
people	👨🏽‍🔧	man mechanic: medium skin tone
people	👨🏾‍🔧	man mechanic: medium-dark skin tone
people	👨🏿‍🔧	man mechanic: dark skin tone
people	👩‍🔧	woman mechanic
people	👩🏻‍🔧	woman mechanic: light skin tone
people	👩🏼‍🔧	woman mechanic: medium-light skin tone
people	👩🏽‍🔧	woman mechanic: medium skin tone
people	👩🏾‍🔧	woman mechanic: medium-dark skin tone
people	👩🏿‍🔧	woman mechanic: dark skin tone
people	🧑‍🏭	factory worker
people	🧑🏻‍🏭	factory worker: light skin tone
people	🧑🏼‍🏭	factory worker: medium-light skin tone
people	🧑🏽‍🏭	factory worker: medium skin tone
people	🧑🏾‍🏭	factory worker: medium-dark skin tone
people	🧑🏿‍🏭	factory worker: dark skin tone
people	👨‍🏭	man factory worker
people	👨🏻‍🏭	man factory worker: light skin tone
people	👨🏼‍🏭	man factory worker: medium-light skin tone
people	👨🏽‍🏭	man factory worker: medium skin tone
people	👨🏾‍🏭	man factory worker: medium-dark skin tone
people	👨🏿‍🏭	man factory worker: dark skin tone
people	👩‍🏭	woman factory worker
people	👩🏻‍🏭	woman factory worker: light skin tone
people	👩🏼‍🏭	woman factory worker: medium-light skin tone
people	👩🏽‍🏭	woman factory worker: medium skin tone
people	👩🏾‍🏭	woman factory worker: medium-dark skin tone
people	👩🏿‍🏭	woman factory worker: dark skin tone
people	🧑‍💼	office worker
people	🧑🏻‍💼	office worker: light skin tone
people	🧑🏼‍💼	office worker: medium-light skin tone
people	🧑🏽‍💼	office worker: medium skin tone
people	🧑🏾‍💼	office worker: medium-dark skin tone
people	🧑🏿‍💼	office worker: dark skin tone
people	👨‍💼	man office worker
people	👨🏻‍💼	man office worker: light skin tone
people	👨🏼‍💼	man office worker: medium-light skin tone
people	👨🏽‍💼	man office worker: medium skin tone
people	👨🏾‍💼	man office worker: medium-dark skin tone
people	👨🏿‍💼	man office worker: dark skin tone
people	👩‍💼	woman office worker
people	👩🏻‍💼	woman office worker: light skin tone
people	👩🏼‍💼	woman office worker: medium-light skin tone
people	👩🏽‍💼	woman office worker: medium skin tone
people	👩🏾‍💼	woman office worker: medium-dark skin tone
people	👩🏿‍💼	woman office worker: dark skin tone
people	🧑‍🔬	scientist
people	🧑🏻‍🔬	scientist: light skin tone
people	🧑🏼‍🔬	scientist: medium-light skin tone
people	🧑🏽‍🔬	scientist: medium skin tone
people	🧑🏾‍🔬	scientist: medium-dark skin tone
people	🧑🏿‍🔬	scientist: dark skin tone
people	👨‍🔬	man scientist
people	👨🏻‍🔬	man scientist: light skin tone
people	👨🏼‍🔬	man scientist: medium-light skin tone
people	👨🏽‍🔬	man scientist: medium skin tone
people	👨🏾‍🔬	man scientist: medium-dark skin tone
people	👨🏿‍🔬	man scientist: dark skin tone
people	👩‍🔬	woman scientist
people	👩🏻‍🔬	woman scientist: light skin tone
people	👩🏼‍🔬	woman scientist: medium-light skin tone
people	👩🏽‍🔬	woman scientist: medium skin tone
people	👩🏾‍🔬	woman scientist: medium-dark skin tone
people	👩🏿‍🔬	woman scientist: dark skin tone
people	🧑‍💻	technologist
people	🧑🏻‍💻	technologist: light skin tone
people	🧑🏼‍💻	technologist: medium-light skin tone
people	🧑🏽‍💻	technologist: medium skin tone
people	🧑🏾‍💻	technologist: medium-dark skin tone
people	🧑🏿‍💻	technologist: dark skin tone
people	👨‍💻	man technologist
people	👨🏻‍💻	man technologist: light skin tone
people	👨🏼‍💻	man technologist: medium-light skin tone
people	👨🏽‍💻	man technologist: medium skin tone
people	👨🏾‍💻	man technologist: medium-dark skin tone
people	👨🏿‍💻	man technologist: dark skin tone
people	👩‍💻	woman technologist
people	👩🏻‍💻	woman technologist: light skin tone
people	👩🏼‍💻	woman technologist: medium-light skin tone
people	👩🏽‍💻	woman technologist: medium skin tone
people	👩🏾‍💻	woman technologist: medium-dark skin tone
people	👩🏿‍💻	woman technologist: dark skin tone
people	🧑‍🎤	singer
people	🧑🏻‍🎤	singer: light skin tone
people	🧑🏼‍🎤	singer: medium-light skin tone
people	🧑🏽‍🎤	singer: medium skin tone
people	🧑🏾‍🎤	singer: medium-dark skin tone
people	🧑🏿‍🎤	singer: dark skin tone
people	👨‍🎤	man singer
people	👨🏻‍🎤	man singer: light skin tone
people	👨🏼‍🎤	man singer: medium-light skin tone
people	👨🏽‍🎤	man singer: medium skin tone
people	👨🏾‍🎤	man singer: medium-dark skin tone
people	👨🏿‍🎤	man singer: dark skin tone
people	👩‍🎤	woman singer
people	👩🏻‍🎤	woman singer: light skin tone
people	👩🏼‍🎤	woman singer: medium-light skin tone
people	👩🏽‍🎤	woman singer: medium skin tone
people	👩🏾‍🎤	woman singer: medium-dark skin tone
people	👩🏿‍🎤	woman singer: dark skin tone
people	🧑‍🎨	artist
people	🧑🏻‍🎨	artist: light skin tone
people	🧑🏼‍🎨	artist: medium-light skin tone
people	🧑🏽‍🎨	artist: medium skin tone
people	🧑🏾‍🎨	artist: medium-dark skin tone
people	🧑🏿‍🎨	artist: dark skin tone
people	👨‍🎨	man artist
people	👨🏻‍🎨	man artist: light skin tone
people	👨🏼‍🎨	man artist: medium-light skin tone
people	👨🏽‍🎨	man artist: medium skin tone
people	👨🏾‍🎨	man artist: medium-dark skin tone
people	👨🏿‍🎨	man artist: dark skin tone
people	👩‍🎨	woman artist
people	👩🏻‍🎨	woman artist: light skin tone
people	👩🏼‍🎨	woman artist: medium-light skin tone
people	👩🏽‍🎨	woman artist: medium skin tone
people	👩🏾‍🎨	woman artist: medium-dark skin tone
people	👩🏿‍🎨	woman artist: dark skin tone
people	🧑‍✈️	pilot
people	🧑🏻‍✈️	pilot: light skin tone
people	🧑🏼‍✈️	pilot: medium-light skin tone
people	🧑🏽‍✈️	pilot: medium skin tone
people	🧑🏾‍✈️	pilot: medium-dark skin tone
people	🧑🏿‍✈️	pilot: dark skin tone
people	👨‍✈️	man pilot
people	👨🏻‍✈️	man pilot: light skin tone
people	👨🏼‍✈️	man pilot: medium-light skin tone
people	👨🏽‍✈️	man pilot: medium skin tone
people	👨🏾‍✈️	man pilot: medium-dark skin tone
people	👨🏿‍✈️	man pilot: dark skin tone
people	👩‍✈️	woman pilot
people	👩🏻‍✈️	woman pilot: light skin tone
people	👩🏼‍✈️	woman pilot: medium-light skin tone
people	👩🏽‍✈️	woman pilot: medium skin tone
people	👩🏾‍✈️	woman pilot: medium-dark skin tone
people	👩🏿‍✈️	woman pilot: dark skin tone
people	🧑‍🚀	astronaut
people	🧑🏻‍🚀	astronaut: light skin tone
people	🧑🏼‍🚀	astronaut: medium-light skin tone
people	🧑🏽‍🚀	astronaut: medium skin tone
people	🧑🏾‍🚀	astronaut: medium-dark skin tone
people	🧑🏿‍🚀	astronaut: dark skin tone
people	👨‍🚀	man astronaut
people	👨🏻‍🚀	man astronaut: light skin tone
people	👨🏼‍🚀	man astronaut: medium-light skin tone
people	👨🏽‍🚀	man astronaut: medium skin tone
people	👨🏾‍🚀	man astronaut: medium-dark skin tone
people	👨🏿‍🚀	man astronaut: dark skin tone
people	👩‍🚀	woman astronaut
people	👩🏻‍🚀	woman astronaut: light skin tone
people	👩🏼‍🚀	woman astronaut: medium-light skin tone
people	👩🏽‍🚀	woman astronaut: medium skin tone
people	👩🏾‍🚀	woman astronaut: medium-dark skin tone
people	👩🏿‍🚀	woman astronaut: dark skin tone
people	🧑‍🚒	firefighter
people	🧑🏻‍🚒	firefighter: light skin tone
people	🧑🏼‍🚒	firefighter: medium-light skin tone
people	🧑🏽‍🚒	firefighter: medium skin tone
people	🧑🏾‍🚒	firefighter: medium-dark skin tone
people	🧑🏿‍🚒	firefighter: dark skin tone
people	👨‍🚒	man firefighter
people	👨🏻‍🚒	man firefighter: light skin tone
people	👨🏼‍🚒	man firefighter: medium-light skin tone
people	👨🏽‍🚒	man firefighter: medium skin tone
people	👨🏾‍🚒	man firefighter: medium-dark skin tone
people	👨🏿‍🚒	man firefighter: dark skin tone
people	👩‍🚒	woman firefighter
people	👩🏻‍🚒	woman firefighter: light skin tone
people	👩🏼‍🚒	woman firefighter: medium-light skin tone
people	👩🏽‍🚒	woman firefighter: medium skin tone
people	👩🏾‍🚒	woman firefighter: medium-dark skin tone
people	👩🏿‍🚒	woman firefighter: dark skin tone
people	👮	police officer
people	👮🏻	police officer: light skin tone
people	👮🏼	police officer: medium-light skin tone
people	👮🏽	police officer: medium skin tone
people	👮🏾	police officer: medium-dark skin tone
people	👮🏿	police officer: dark skin tone
people	👮‍♂️	man police officer
people	👮🏻‍♂️	man police officer: light skin tone
people	👮🏼‍♂️	man police officer: medium-light skin tone
people	👮🏽‍♂️	man police officer: medium skin tone
people	👮🏾‍♂️	man police officer: medium-dark skin tone
people	👮🏿‍♂️	man police officer: dark skin tone
people	👮‍♀️	woman police officer
people	👮🏻‍♀️	woman police officer: light skin tone
people	👮🏼‍♀️	woman police officer: medium-light skin tone
people	👮🏽‍♀️	woman police officer: medium skin tone
people	👮🏾‍♀️	woman police officer: medium-dark skin tone
people	👮🏿‍♀️	woman police officer: dark skin tone
people	🕵️	detective
people	🕵🏻	detective: light skin tone
people	🕵🏼	detective: medium-light skin tone
people	🕵🏽	detective: medium skin tone
people	🕵🏾	detective: medium-dark skin tone
people	🕵🏿	detective: dark skin tone
people	🕵️‍♂️	man detective
people	🕵🏻‍♂️	man detective: light skin tone
people	🕵🏼‍♂️	man detective: medium-light skin tone
people	🕵🏽‍♂️	man detective: medium skin tone
people	🕵🏾‍♂️	man detective: medium-dark skin tone
people	🕵🏿‍♂️	man detective: dark skin tone
people	🕵️‍♀️	woman detective
people	🕵🏻‍♀️	woman detective: light skin tone
people	🕵🏼‍♀️	woman detective: medium-light skin tone
people	🕵🏽‍♀️	woman detective: medium skin tone
people	🕵🏾‍♀️	woman detective: medium-dark skin tone
people	🕵🏿‍♀️	woman detective: dark skin tone
people	💂	guard
people	💂🏻	guard: light skin tone
people	💂🏼	guard: medium-light skin tone
people	💂🏽	guard: medium skin tone
people	💂🏾	guard: medium-dark skin tone
people	💂🏿	guard: dark skin tone
people	💂‍♂️	man guard
people	💂🏻‍♂️	man guard: light skin tone
people	💂🏼‍♂️	man guard: medium-light skin tone
people	💂🏽‍♂️	man guard: medium skin tone
people	💂🏾‍♂️	man guard: medium-dark skin tone
people	💂🏿‍♂️	man guard: dark skin tone
people	💂‍♀️	woman guard
people	💂🏻‍♀️	woman guard: light skin tone
people	💂🏼‍♀️	woman guard: medium-light skin tone
people	💂🏽‍♀️	woman guard: medium skin tone
people	💂🏾‍♀️	woman guard: medium-dark skin tone
people	💂🏿‍♀️	woman guard: dark skin tone
people	🥷	ninja
people	🥷🏻	ninja: light skin tone
people	🥷🏼	ninja: medium-light skin tone
people	🥷🏽	ninja: medium skin tone
people	🥷🏾	ninja: medium-dark skin tone
people	🥷🏿	ninja: dark skin tone
people	👷	construction worker
people	👷🏻	construction worker: light skin tone
people	👷🏼	construction worker: medium-light skin tone
people	👷🏽	construction worker: medium skin tone
people	👷🏾	construction worker: medium-dark skin tone
people	👷🏿	construction worker: dark skin tone
people	👷‍♂️	man construction worker
people	👷🏻‍♂️	man construction worker: light skin tone
people	👷🏼‍♂️	man construction worker: medium-light skin tone
people	👷🏽‍♂️	man construction worker: medium skin tone
people	👷🏾‍♂️	man construction worker: medium-dark skin tone
people	👷🏿‍♂️	man construction worker: dark skin tone
people	👷‍♀️	woman construction worker
people	👷🏻‍♀️	woman construction worker: light skin tone
people	👷🏼‍♀️	woman construction worker: medium-light skin tone
people	👷🏽‍♀️	woman construction worker: medium skin tone
people	👷🏾‍♀️	woman construction worker: medium-dark skin tone
people	👷🏿‍♀️	woman construction worker: dark skin tone
people	🫅	person with crown
people	🫅🏻	person with crown: light skin tone
people	🫅🏼	person with crown: medium-light skin tone
people	🫅🏽	person with crown: medium skin tone
people	🫅🏾	person with crown: medium-dark skin tone
people	🫅🏿	person with crown: dark skin tone
people	🤴	prince
people	🤴🏻	prince: light skin tone
people	🤴🏼	prince: medium-light skin tone
people	🤴🏽	prince: medium skin tone
people	🤴🏾	prince: medium-dark skin tone
people	🤴🏿	prince: dark skin tone
people	👸	princess
people	👸🏻	princess: light skin tone
people	👸🏼	princess: medium-light skin tone
people	👸🏽	princess: medium skin tone
people	👸🏾	princess: medium-dark skin tone
people	👸🏿	princess: dark skin tone
people	👳	person wearing turban
people	👳🏻	person wearing turban: light skin tone
people	👳🏼	person wearing turban: medium-light skin tone
people	👳🏽	person wearing turban: medium skin tone
people	👳🏾	person wearing turban: medium-dark skin tone
people	👳🏿	person wearing turban: dark skin tone
people	👳‍♂️	man wearing turban
people	👳🏻‍♂️	man wearing turban: light skin tone
people	👳🏼‍♂️	man wearing turban: medium-light skin tone
people	👳🏽‍♂️	man wearing turban: medium skin tone
people	👳🏾‍♂️	man wearing turban: medium-dark skin tone
people	👳🏿‍♂️	man wearing turban: dark skin tone
people	👳‍♀️	woman wearing turban
people	👳🏻‍♀️	woman wearing turban: light skin tone
people	👳🏼‍♀️	woman wearing turban: medium-light skin tone
people	👳🏽‍♀️	woman wearing turban: medium skin tone
people	👳🏾‍♀️	woman wearing turban: medium-dark skin tone
people	👳🏿‍♀️	woman wearing turban: dark skin tone
people	👲	person with skullcap
people	👲🏻	person with skullcap: light skin tone
people	👲🏼	person with skullcap: medium-light skin tone
people	👲🏽	person with skullcap: medium skin tone
people	👲🏾	person with skullcap: medium-dark skin tone
people	👲🏿	person with skullcap: dark skin tone
people	🧕	woman with headscarf
people	🧕🏻	woman with headscarf: light skin tone
people	🧕🏼	woman with headscarf: medium-light skin tone
people	🧕🏽	woman with headscarf: medium skin tone
people	🧕🏾	woman with headscarf: medium-dark skin tone
people	🧕🏿	woman with headscarf: dark skin tone
people	🤵	person in tuxedo
people	🤵🏻	person in tuxedo: light skin tone
people	🤵🏼	person in tuxedo: medium-light skin tone
people	🤵🏽	person in tuxedo: medium skin tone
people	🤵🏾	person in tuxedo: medium-dark skin tone
people	🤵🏿	person in tuxedo: dark skin tone
people	🤵‍♂️	man in tuxedo
people	🤵🏻‍♂️	man in tuxedo: light skin tone
people	🤵🏼‍♂️	man in tuxedo: medium-light skin tone
people	🤵🏽‍♂️	man in tuxedo: medium skin tone
people	🤵🏾‍♂️	man in tuxedo: medium-dark skin tone
people	🤵🏿‍♂️	man in tuxedo: dark skin tone
people	🤵‍♀️	woman in tuxedo
people	🤵🏻‍♀️	woman in tuxedo: light skin tone
people	🤵🏼‍♀️	woman in tuxedo: medium-light skin tone
people	🤵🏽‍♀️	woman in tuxedo: medium skin tone
people	🤵🏾‍♀️	woman in tuxedo: medium-dark skin tone
people	🤵🏿‍♀️	woman in tuxedo: dark skin tone
people	👰	person with veil
people	👰🏻	person with veil: light skin tone
people	👰🏼	person with veil: medium-light skin tone
people	👰🏽	person with veil: medium skin tone
people	👰🏾	person with veil: medium-dark skin tone
people	👰🏿	person with veil: dark skin tone
people	👰‍♂️	man with veil
people	👰🏻‍♂️	man with veil: light skin tone
people	👰🏼‍♂️	man with veil: medium-light skin tone
people	👰🏽‍♂️	man with veil: medium skin tone
people	👰🏾‍♂️	man with veil: medium-dark skin tone
people	👰🏿‍♂️	man with veil: dark skin tone
people	👰‍♀️	woman with veil
people	👰🏻‍♀️	woman with veil: light skin tone
people	👰🏼‍♀️	woman with veil: medium-light skin tone
people	👰🏽‍♀️	woman with veil: medium skin tone
people	👰🏾‍♀️	woman with veil: medium-dark skin tone
people	👰🏿‍♀️	woman with veil: dark skin tone
people	🤰	pregnant woman
people	🤰🏻	pregnant woman: light skin tone
people	🤰🏼	pregnant woman: medium-light skin tone
people	🤰🏽	pregnant woman: medium skin tone
people	🤰🏾	pregnant woman: medium-dark skin tone
people	🤰🏿	pregnant woman: dark skin tone
people	🫃	pregnant man
people	🫃🏻	pregnant man: light skin tone
people	🫃🏼	pregnant man: medium-light skin tone
people	🫃🏽	pregnant man: medium skin tone
people	🫃🏾	pregnant man: medium-dark skin tone
people	🫃🏿	pregnant man: dark skin tone
people	🫄	pregnant person
people	🫄🏻	pregnant person: light skin tone
people	🫄🏼	pregnant person: medium-light skin tone
people	🫄🏽	pregnant person: medium skin tone
people	🫄🏾	pregnant person: medium-dark skin tone
people	🫄🏿	pregnant person: dark skin tone
people	🤱	breast-feeding
people	🤱🏻	breast-feeding: light skin tone
people	🤱🏼	breast-feeding: medium-light skin tone
people	🤱🏽	breast-feeding: medium skin tone
people	🤱🏾	breast-feeding: medium-dark skin tone
people	🤱🏿	breast-feeding: dark skin tone
people	👩‍🍼	woman feeding baby
people	👩🏻‍🍼	woman feeding baby: light skin tone
people	👩🏼‍🍼	woman feeding baby: medium-light skin tone
people	👩🏽‍🍼	woman feeding baby: medium skin tone
people	👩🏾‍🍼	woman feeding baby: medium-dark skin tone
people	👩🏿‍🍼	woman feeding baby: dark skin tone
people	👨‍🍼	man feeding baby
people	👨🏻‍🍼	man feeding baby: light skin tone
people	👨🏼‍🍼	man feeding baby: medium-light skin tone
people	👨🏽‍🍼	man feeding baby: medium skin tone
people	👨🏾‍🍼	man feeding baby: medium-dark skin tone
people	👨🏿‍🍼	man feeding baby: dark skin tone
people	🧑‍🍼	person feeding baby
people	🧑🏻‍🍼	person feeding baby: light skin tone
people	🧑🏼‍🍼	person feeding baby: medium-light skin tone
people	🧑🏽‍🍼	person feeding baby: medium skin tone
people	🧑🏾‍🍼	person feeding baby: medium-dark skin tone
people	🧑🏿‍🍼	person feeding baby: dark skin tone
people	👼	baby angel
people	👼🏻	baby angel: light skin tone
people	👼🏼	baby angel: medium-light skin tone
people	👼🏽	baby angel: medium skin tone
people	👼🏾	baby angel: medium-dark skin tone
people	👼🏿	baby angel: dark skin tone
people	🎅	Santa Claus
people	🎅🏻	Santa Claus: light skin tone
people	🎅🏼	Santa Claus: medium-light skin tone
people	🎅🏽	Santa Claus: medium skin tone
people	🎅🏾	Santa Claus: medium-dark skin tone
people	🎅🏿	Santa Claus: dark skin tone
people	🤶	Mrs. Claus
people	🤶🏻	Mrs. Claus: light skin tone
people	🤶🏼	Mrs. Claus: medium-light skin tone
people	🤶🏽	Mrs. Claus: medium skin tone
people	🤶🏾	Mrs. Claus: medium-dark skin tone
people	🤶🏿	Mrs. Claus: dark skin tone
people	🧑‍🎄	Mx Claus
people	🧑🏻‍🎄	Mx Claus: light skin tone
people	🧑🏼‍🎄	Mx Claus: medium-light skin tone
people	🧑🏽‍🎄	Mx Claus: medium skin tone
people	🧑🏾‍🎄	Mx Claus: medium-dark skin tone
people	🧑🏿‍🎄	Mx Claus: dark skin tone
people	🦸	superhero
people	🦸🏻	superhero: light skin tone
people	🦸🏼	superhero: medium-light skin tone
people	🦸🏽	superhero: medium skin tone
people	🦸🏾	superhero: medium-dark skin tone
people	🦸🏿	superhero: dark skin tone
people	🦸‍♂️	man superhero
people	🦸🏻‍♂️	man superhero: light skin tone
people	🦸🏼‍♂️	man superhero: medium-light skin tone
people	🦸🏽‍♂️	man superhero: medium skin tone
people	🦸🏾‍♂️	man superhero: medium-dark skin tone
people	🦸🏿‍♂️	man superhero: dark skin tone
people	🦸‍♀️	woman superhero
people	🦸🏻‍♀️	woman superhero: light skin tone
people	🦸🏼‍♀️	woman superhero: medium-light skin tone
people	🦸🏽‍♀️	woman superhero: medium skin tone
people	🦸🏾‍♀️	woman superhero: medium-dark skin tone
people	🦸🏿‍♀️	woman superhero: dark skin tone
people	🦹	supervillain
people	🦹🏻	supervillain: light skin tone
people	🦹🏼	supervillain: medium-light skin tone
people	🦹🏽	supervillain: medium skin tone
people	🦹🏾	supervillain: medium-dark skin tone
people	🦹🏿	supervillain: dark skin tone
people	🦹‍♂️	man supervillain
people	🦹🏻‍♂️	man supervillain: light skin tone
people	🦹🏼‍♂️	man supervillain: medium-light skin tone
people	🦹🏽‍♂️	man supervillain: medium skin tone
people	🦹🏾‍♂️	man supervillain: medium-dark skin tone
people	🦹🏿‍♂️	man supervillain: dark skin tone
people	🦹‍♀️	woman supervillain
people	🦹🏻‍♀️	woman supervillain: light skin tone
people	🦹🏼‍♀️	woman supervillain: medium-light skin tone
people	🦹🏽‍♀️	woman supervillain: medium skin tone
people	🦹🏾‍♀️	woman supervillain: medium-dark skin tone
people	🦹🏿‍♀️	woman supervillain: dark skin tone
people	🧙	mage
people	🧙🏻	mage: light skin tone
people	🧙🏼	mage: medium-light skin tone
people	🧙🏽	mage: medium skin tone
people	🧙🏾	mage: medium-dark skin tone
people	🧙🏿	mage: dark skin tone
people	🧙‍♂️	man mage
people	🧙🏻‍♂️	man mage: light skin tone
people	🧙🏼‍♂️	man mage: medium-light skin tone
people	🧙🏽‍♂️	man mage: medium skin tone
people	🧙🏾‍♂️	man mage: medium-dark skin tone
people	🧙🏿‍♂️	man mage: dark skin tone
people	🧙‍♀️	woman mage
people	🧙🏻‍♀️	woman mage: light skin tone
people	🧙🏼‍♀️	woman mage: medium-light skin tone
people	🧙🏽‍♀️	woman mage: medium skin tone
people	🧙🏾‍♀️	woman mage: medium-dark skin tone
people	🧙🏿‍♀️	woman mage: dark skin tone
people	🧚	fairy
people	🧚🏻	fairy: light skin tone
people	🧚🏼	fairy: medium-light skin tone
people	🧚🏽	fairy: medium skin tone
people	🧚🏾	fairy: medium-dark skin tone
people	🧚🏿	fairy: dark skin tone
people	🧚‍♂️	man fairy
people	🧚🏻‍♂️	man fairy: light skin tone
people	🧚🏼‍♂️	man fairy: medium-light skin tone
people	🧚🏽‍♂️	man fairy: medium skin tone
people	🧚🏾‍♂️	man fairy: medium-dark skin tone
people	🧚🏿‍♂️	man fairy: dark skin tone
people	🧚‍♀️	woman fairy
people	🧚🏻‍♀️	woman fairy: light skin tone
people	🧚🏼‍♀️	woman fairy: medium-light skin tone
people	🧚🏽‍♀️	woman fairy: medium skin tone
people	🧚🏾‍♀️	woman fairy: medium-dark skin tone
people	🧚🏿‍♀️	woman fairy: dark skin tone
people	🧛	vampire
people	🧛🏻	vampire: light skin tone
people	🧛🏼	vampire: medium-light skin tone
people	🧛🏽	vampire: medium skin tone
people	🧛🏾	vampire: medium-dark skin tone
people	🧛🏿	vampire: dark skin tone
people	🧛‍♂️	man vampire
people	🧛🏻‍♂️	man vampire: light skin tone
people	🧛🏼‍♂️	man vampire: medium-light skin tone
people	🧛🏽‍♂️	man vampire: medium skin tone
people	🧛🏾‍♂️	man vampire: medium-dark skin tone
people	🧛🏿‍♂️	man vampire: dark skin tone
people	🧛‍♀️	woman vampire
people	🧛🏻‍♀️	woman vampire: light skin tone
people	🧛🏼‍♀️	woman vampire: medium-light skin tone
people	🧛🏽‍♀️	woman vampire: medium skin tone
people	🧛🏾‍♀️	woman vampire: medium-dark skin tone
people	🧛🏿‍♀️	woman vampire: dark skin tone
people	🧜	merperson
people	🧜🏻	merperson: light skin tone
people	🧜🏼	merperson: medium-light skin tone
people	🧜🏽	merperson: medium skin tone
people	🧜🏾	merperson: medium-dark skin tone
people	🧜🏿	merperson: dark skin tone
people	🧜‍♂️	merman
people	🧜🏻‍♂️	merman: light skin tone
people	🧜🏼‍♂️	merman: medium-light skin tone
people	🧜🏽‍♂️	merman: medium skin tone
people	🧜🏾‍♂️	merman: medium-dark skin tone
people	🧜🏿‍♂️	merman: dark skin tone
people	🧜‍♀️	mermaid
people	🧜🏻‍♀️	mermaid: light skin tone
people	🧜🏼‍♀️	mermaid: medium-light skin tone
people	🧜🏽‍♀️	mermaid: medium skin tone
people	🧜🏾‍♀️	mermaid: medium-dark skin tone
people	🧜🏿‍♀️	mermaid: dark skin tone
people	🧝	elf
people	🧝🏻	elf: light skin tone
people	🧝🏼	elf: medium-light skin tone
people	🧝🏽	elf: medium skin tone
people	🧝🏾	elf: medium-dark skin tone
people	🧝🏿	elf: dark skin tone
people	🧝‍♂️	man elf
people	🧝🏻‍♂️	man elf: light skin tone
people	🧝🏼‍♂️	man elf: medium-light skin tone
people	🧝🏽‍♂️	man elf: medium skin tone
people	🧝🏾‍♂️	man elf: medium-dark skin tone
people	🧝🏿‍♂️	man elf: dark skin tone
people	🧝‍♀️	woman elf
people	🧝🏻‍♀️	woman elf: light skin tone
people	🧝🏼‍♀️	woman elf: medium-light skin tone
people	🧝🏽‍♀️	woman elf: medium skin tone
people	🧝🏾‍♀️	woman elf: medium-dark skin tone
people	🧝🏿‍♀️	woman elf: dark skin tone
people	🧞	genie
people	🧞‍♂️	man genie
people	🧞‍♀️	woman genie
people	🧟	zombie
people	🧟‍♂️	man zombie
people	🧟‍♀️	woman zombie
people	🧌	troll
people	🫈	hairy creature
people	💆	person getting massage
people	💆🏻	person getting massage: light skin tone
people	💆🏼	person getting massage: medium-light skin tone
people	💆🏽	person getting massage: medium skin tone
people	💆🏾	person getting massage: medium-dark skin tone
people	💆🏿	person getting massage: dark skin tone
people	💆‍♂️	man getting massage
people	💆🏻‍♂️	man getting massage: light skin tone
people	💆🏼‍♂️	man getting massage: medium-light skin tone
people	💆🏽‍♂️	man getting massage: medium skin tone
people	💆🏾‍♂️	man getting massage: medium-dark skin tone
people	💆🏿‍♂️	man getting massage: dark skin tone
people	💆‍♀️	woman getting massage
people	💆🏻‍♀️	woman getting massage: light skin tone
people	💆🏼‍♀️	woman getting massage: medium-light skin tone
people	💆🏽‍♀️	woman getting massage: medium skin tone
people	💆🏾‍♀️	woman getting massage: medium-dark skin tone
people	💆🏿‍♀️	woman getting massage: dark skin tone
people	💇	person getting haircut
people	💇🏻	person getting haircut: light skin tone
people	💇🏼	person getting haircut: medium-light skin tone
people	💇🏽	person getting haircut: medium skin tone
people	💇🏾	person getting haircut: medium-dark skin tone
people	💇🏿	person getting haircut: dark skin tone
people	💇‍♂️	man getting haircut
people	💇🏻‍♂️	man getting haircut: light skin tone
people	💇🏼‍♂️	man getting haircut: medium-light skin tone
people	💇🏽‍♂️	man getting haircut: medium skin tone
people	💇🏾‍♂️	man getting haircut: medium-dark skin tone
people	💇🏿‍♂️	man getting haircut: dark skin tone
people	💇‍♀️	woman getting haircut
people	💇🏻‍♀️	woman getting haircut: light skin tone
people	💇🏼‍♀️	woman getting haircut: medium-light skin tone
people	💇🏽‍♀️	woman getting haircut: medium skin tone
people	💇🏾‍♀️	woman getting haircut: medium-dark skin tone
people	💇🏿‍♀️	woman getting haircut: dark skin tone
people	🚶	person walking
people	🚶🏻	person walking: light skin tone
people	🚶🏼	person walking: medium-light skin tone
people	🚶🏽	person walking: medium skin tone
people	🚶🏾	person walking: medium-dark skin tone
people	🚶🏿	person walking: dark skin tone
people	🚶‍♂️	man walking
people	🚶🏻‍♂️	man walking: light skin tone
people	🚶🏼‍♂️	man walking: medium-light skin tone
people	🚶🏽‍♂️	man walking: medium skin tone
people	🚶🏾‍♂️	man walking: medium-dark skin tone
people	🚶🏿‍♂️	man walking: dark skin tone
people	🚶‍♀️	woman walking
people	🚶🏻‍♀️	woman walking: light skin tone
people	🚶🏼‍♀️	woman walking: medium-light skin tone
people	🚶🏽‍♀️	woman walking: medium skin tone
people	🚶🏾‍♀️	woman walking: medium-dark skin tone
people	🚶🏿‍♀️	woman walking: dark skin tone
people	🚶‍➡️	person walking facing right
people	🚶🏻‍➡️	person walking facing right: light skin tone
people	🚶🏼‍➡️	person walking facing right: medium-light skin tone
people	🚶🏽‍➡️	person walking facing right: medium skin tone
people	🚶🏾‍➡️	person walking facing right: medium-dark skin tone
people	🚶🏿‍➡️	person walking facing right: dark skin tone
people	🚶‍♀️‍➡️	woman walking facing right
people	🚶🏻‍♀️‍➡️	woman walking facing right: light skin tone
people	🚶🏼‍♀️‍➡️	woman walking facing right: medium-light skin tone
people	🚶🏽‍♀️‍➡️	woman walking facing right: medium skin tone
people	🚶🏾‍♀️‍➡️	woman walking facing right: medium-dark skin tone
people	🚶🏿‍♀️‍➡️	woman walking facing right: dark skin tone
people	🚶‍♂️‍➡️	man walking facing right
people	🚶🏻‍♂️‍➡️	man walking facing right: light skin tone
people	🚶🏼‍♂️‍➡️	man walking facing right: medium-light skin tone
people	🚶🏽‍♂️‍➡️	man walking facing right: medium skin tone
people	🚶🏾‍♂️‍➡️	man walking facing right: medium-dark skin tone
people	🚶🏿‍♂️‍➡️	man walking facing right: dark skin tone
people	🧍	person standing
people	🧍🏻	person standing: light skin tone
people	🧍🏼	person standing: medium-light skin tone
people	🧍🏽	person standing: medium skin tone
people	🧍🏾	person standing: medium-dark skin tone
people	🧍🏿	person standing: dark skin tone
people	🧍‍♂️	man standing
people	🧍🏻‍♂️	man standing: light skin tone
people	🧍🏼‍♂️	man standing: medium-light skin tone
people	🧍🏽‍♂️	man standing: medium skin tone
people	🧍🏾‍♂️	man standing: medium-dark skin tone
people	🧍🏿‍♂️	man standing: dark skin tone
people	🧍‍♀️	woman standing
people	🧍🏻‍♀️	woman standing: light skin tone
people	🧍🏼‍♀️	woman standing: medium-light skin tone
people	🧍🏽‍♀️	woman standing: medium skin tone
people	🧍🏾‍♀️	woman standing: medium-dark skin tone
people	🧍🏿‍♀️	woman standing: dark skin tone
people	🧎	person kneeling
people	🧎🏻	person kneeling: light skin tone
people	🧎🏼	person kneeling: medium-light skin tone
people	🧎🏽	person kneeling: medium skin tone
people	🧎🏾	person kneeling: medium-dark skin tone
people	🧎🏿	person kneeling: dark skin tone
people	🧎‍♂️	man kneeling
people	🧎🏻‍♂️	man kneeling: light skin tone
people	🧎🏼‍♂️	man kneeling: medium-light skin tone
people	🧎🏽‍♂️	man kneeling: medium skin tone
people	🧎🏾‍♂️	man kneeling: medium-dark skin tone
people	🧎🏿‍♂️	man kneeling: dark skin tone
people	🧎‍♀️	woman kneeling
people	🧎🏻‍♀️	woman kneeling: light skin tone
people	🧎🏼‍♀️	woman kneeling: medium-light skin tone
people	🧎🏽‍♀️	woman kneeling: medium skin tone
people	🧎🏾‍♀️	woman kneeling: medium-dark skin tone
people	🧎🏿‍♀️	woman kneeling: dark skin tone
people	🧎‍➡️	person kneeling facing right
people	🧎🏻‍➡️	person kneeling facing right: light skin tone
people	🧎🏼‍➡️	person kneeling facing right: medium-light skin tone
people	🧎🏽‍➡️	person kneeling facing right: medium skin tone
people	🧎🏾‍➡️	person kneeling facing right: medium-dark skin tone
people	🧎🏿‍➡️	person kneeling facing right: dark skin tone
people	🧎‍♀️‍➡️	woman kneeling facing right
people	🧎🏻‍♀️‍➡️	woman kneeling facing right: light skin tone
people	🧎🏼‍♀️‍➡️	woman kneeling facing right: medium-light skin tone
people	🧎🏽‍♀️‍➡️	woman kneeling facing right: medium skin tone
people	🧎🏾‍♀️‍➡️	woman kneeling facing right: medium-dark skin tone
people	🧎🏿‍♀️‍➡️	woman kneeling facing right: dark skin tone
people	🧎‍♂️‍➡️	man kneeling facing right
people	🧎🏻‍♂️‍➡️	man kneeling facing right: light skin tone
people	🧎🏼‍♂️‍➡️	man kneeling facing right: medium-light skin tone
people	🧎🏽‍♂️‍➡️	man kneeling facing right: medium skin tone
people	🧎🏾‍♂️‍➡️	man kneeling facing right: medium-dark skin tone
people	🧎🏿‍♂️‍➡️	man kneeling facing right: dark skin tone
people	🧑‍🦯	person with white cane
people	🧑🏻‍🦯	person with white cane: light skin tone
people	🧑🏼‍🦯	person with white cane: medium-light skin tone
people	🧑🏽‍🦯	person with white cane: medium skin tone
people	🧑🏾‍🦯	person with white cane: medium-dark skin tone
people	🧑🏿‍🦯	person with white cane: dark skin tone
people	🧑‍🦯‍➡️	person with white cane facing right
people	🧑🏻‍🦯‍➡️	person with white cane facing right: light skin tone
people	🧑🏼‍🦯‍➡️	person with white cane facing right: medium-light skin tone
people	🧑🏽‍🦯‍➡️	person with white cane facing right: medium skin tone
people	🧑🏾‍🦯‍➡️	person with white cane facing right: medium-dark skin tone
people	🧑🏿‍🦯‍➡️	person with white cane facing right: dark skin tone
people	👨‍🦯	man with white cane
people	👨🏻‍🦯	man with white cane: light skin tone
people	👨🏼‍🦯	man with white cane: medium-light skin tone
people	👨🏽‍🦯	man with white cane: medium skin tone
people	👨🏾‍🦯	man with white cane: medium-dark skin tone
people	👨🏿‍🦯	man with white cane: dark skin tone
people	👨‍🦯‍➡️	man with white cane facing right
people	👨🏻‍🦯‍➡️	man with white cane facing right: light skin tone
people	👨🏼‍🦯‍➡️	man with white cane facing right: medium-light skin tone
people	👨🏽‍🦯‍➡️	man with white cane facing right: medium skin tone
people	👨🏾‍🦯‍➡️	man with white cane facing right: medium-dark skin tone
people	👨🏿‍🦯‍➡️	man with white cane facing right: dark skin tone
people	👩‍🦯	woman with white cane
people	👩🏻‍🦯	woman with white cane: light skin tone
people	👩🏼‍🦯	woman with white cane: medium-light skin tone
people	👩🏽‍🦯	woman with white cane: medium skin tone
people	👩🏾‍🦯	woman with white cane: medium-dark skin tone
people	👩🏿‍🦯	woman with white cane: dark skin tone
people	👩‍🦯‍➡️	woman with white cane facing right
people	👩🏻‍🦯‍➡️	woman with white cane facing right: light skin tone
people	👩🏼‍🦯‍➡️	woman with white cane facing right: medium-light skin tone
people	👩🏽‍🦯‍➡️	woman with white cane facing right: medium skin tone
people	👩🏾‍🦯‍➡️	woman with white cane facing right: medium-dark skin tone
people	👩🏿‍🦯‍➡️	woman with white cane facing right: dark skin tone
people	🧑‍🦼	person in motorized wheelchair
people	🧑🏻‍🦼	person in motorized wheelchair: light skin tone
people	🧑🏼‍🦼	person in motorized wheelchair: medium-light skin tone
people	🧑🏽‍🦼	person in motorized wheelchair: medium skin tone
people	🧑🏾‍🦼	person in motorized wheelchair: medium-dark skin tone
people	🧑🏿‍🦼	person in motorized wheelchair: dark skin tone
people	🧑‍🦼‍➡️	person in motorized wheelchair facing right
people	🧑🏻‍🦼‍➡️	person in motorized wheelchair facing right: light skin tone
people	🧑🏼‍🦼‍➡️	person in motorized wheelchair facing right: medium-light skin tone
people	🧑🏽‍🦼‍➡️	person in motorized wheelchair facing right: medium skin tone
people	🧑🏾‍🦼‍➡️	person in motorized wheelchair facing right: medium-dark skin tone
people	🧑🏿‍🦼‍➡️	person in motorized wheelchair facing right: dark skin tone
people	👨‍🦼	man in motorized wheelchair
people	👨🏻‍🦼	man in motorized wheelchair: light skin tone
people	👨🏼‍🦼	man in motorized wheelchair: medium-light skin tone
people	👨🏽‍🦼	man in motorized wheelchair: medium skin tone
people	👨🏾‍🦼	man in motorized wheelchair: medium-dark skin tone
people	👨🏿‍🦼	man in motorized wheelchair: dark skin tone
people	👨‍🦼‍➡️	man in motorized wheelchair facing right
people	👨🏻‍🦼‍➡️	man in motorized wheelchair facing right: light skin tone
people	👨🏼‍🦼‍➡️	man in motorized wheelchair facing right: medium-light skin tone
people	👨🏽‍🦼‍➡️	man in motorized wheelchair facing right: medium skin tone
people	👨🏾‍🦼‍➡️	man in motorized wheelchair facing right: medium-dark skin tone
people	👨🏿‍🦼‍➡️	man in motorized wheelchair facing right: dark skin tone
people	👩‍🦼	woman in motorized wheelchair
people	👩🏻‍🦼	woman in motorized wheelchair: light skin tone
people	👩🏼‍🦼	woman in motorized wheelchair: medium-light skin tone
people	👩🏽‍🦼	woman in motorized wheelchair: medium skin tone
people	👩🏾‍🦼	woman in motorized wheelchair: medium-dark skin tone
people	👩🏿‍🦼	woman in motorized wheelchair: dark skin tone
people	👩‍🦼‍➡️	woman in motorized wheelchair facing right
people	👩🏻‍🦼‍➡️	woman in motorized wheelchair facing right: light skin tone
people	👩🏼‍🦼‍➡️	woman in motorized wheelchair facing right: medium-light skin tone
people	👩🏽‍🦼‍➡️	woman in motorized wheelchair facing right: medium skin tone
people	👩🏾‍🦼‍➡️	woman in motorized wheelchair facing right: medium-dark skin tone
people	👩🏿‍🦼‍➡️	woman in motorized wheelchair facing right: dark skin tone
people	🧑‍🦽	person in manual wheelchair
people	🧑🏻‍🦽	person in manual wheelchair: light skin tone
people	🧑🏼‍🦽	person in manual wheelchair: medium-light skin tone
people	🧑🏽‍🦽	person in manual wheelchair: medium skin tone
people	🧑🏾‍🦽	person in manual wheelchair: medium-dark skin tone
people	🧑🏿‍🦽	person in manual wheelchair: dark skin tone
people	🧑‍🦽‍➡️	person in manual wheelchair facing right
people	🧑🏻‍🦽‍➡️	person in manual wheelchair facing right: light skin tone
people	🧑🏼‍🦽‍➡️	person in manual wheelchair facing right: medium-light skin tone
people	🧑🏽‍🦽‍➡️	person in manual wheelchair facing right: medium skin tone
people	🧑🏾‍🦽‍➡️	person in manual wheelchair facing right: medium-dark skin tone
people	🧑🏿‍🦽‍➡️	person in manual wheelchair facing right: dark skin tone
people	👨‍🦽	man in manual wheelchair
people	👨🏻‍🦽	man in manual wheelchair: light skin tone
people	👨🏼‍🦽	man in manual wheelchair: medium-light skin tone
people	👨🏽‍🦽	man in manual wheelchair: medium skin tone
people	👨🏾‍🦽	man in manual wheelchair: medium-dark skin tone
people	👨🏿‍🦽	man in manual wheelchair: dark skin tone
people	👨‍🦽‍➡️	man in manual wheelchair facing right
people	👨🏻‍🦽‍➡️	man in manual wheelchair facing right: light skin tone
people	👨🏼‍🦽‍➡️	man in manual wheelchair facing right: medium-light skin tone
people	👨🏽‍🦽‍➡️	man in manual wheelchair facing right: medium skin tone
people	👨🏾‍🦽‍➡️	man in manual wheelchair facing right: medium-dark skin tone
people	👨🏿‍🦽‍➡️	man in manual wheelchair facing right: dark skin tone
people	👩‍🦽	woman in manual wheelchair
people	👩🏻‍🦽	woman in manual wheelchair: light skin tone
people	👩🏼‍🦽	woman in manual wheelchair: medium-light skin tone
people	👩🏽‍🦽	woman in manual wheelchair: medium skin tone
people	👩🏾‍🦽	woman in manual wheelchair: medium-dark skin tone
people	👩🏿‍🦽	woman in manual wheelchair: dark skin tone
people	👩‍🦽‍➡️	woman in manual wheelchair facing right
people	👩🏻‍🦽‍➡️	woman in manual wheelchair facing right: light skin tone
people	👩🏼‍🦽‍➡️	woman in manual wheelchair facing right: medium-light skin tone
people	👩🏽‍🦽‍➡️	woman in manual wheelchair facing right: medium skin tone
people	👩🏾‍🦽‍➡️	woman in manual wheelchair facing right: medium-dark skin tone
people	👩🏿‍🦽‍➡️	woman in manual wheelchair facing right: dark skin tone
people	🏃	person running
people	🏃🏻	person running: light skin tone
people	🏃🏼	person running: medium-light skin tone
people	🏃🏽	person running: medium skin tone
people	🏃🏾	person running: medium-dark skin tone
people	🏃🏿	person running: dark skin tone
people	🏃‍♂️	man running
people	🏃🏻‍♂️	man running: light skin tone
people	🏃🏼‍♂️	man running: medium-light skin tone
people	🏃🏽‍♂️	man running: medium skin tone
people	🏃🏾‍♂️	man running: medium-dark skin tone
people	🏃🏿‍♂️	man running: dark skin tone
people	🏃‍♀️	woman running
people	🏃🏻‍♀️	woman running: light skin tone
people	🏃🏼‍♀️	woman running: medium-light skin tone
people	🏃🏽‍♀️	woman running: medium skin tone
people	🏃🏾‍♀️	woman running: medium-dark skin tone
people	🏃🏿‍♀️	woman running: dark skin tone
people	🏃‍➡️	person running facing right
people	🏃🏻‍➡️	person running facing right: light skin tone
people	🏃🏼‍➡️	person running facing right: medium-light skin tone
people	🏃🏽‍➡️	person running facing right: medium skin tone
people	🏃🏾‍➡️	person running facing right: medium-dark skin tone
people	🏃🏿‍➡️	person running facing right: dark skin tone
people	🏃‍♀️‍➡️	woman running facing right
people	🏃🏻‍♀️‍➡️	woman running facing right: light skin tone
people	🏃🏼‍♀️‍➡️	woman running facing right: medium-light skin tone
people	🏃🏽‍♀️‍➡️	woman running facing right: medium skin tone
people	🏃🏾‍♀️‍➡️	woman running facing right: medium-dark skin tone
people	🏃🏿‍♀️‍➡️	woman running facing right: dark skin tone
people	🏃‍♂️‍➡️	man running facing right
people	🏃🏻‍♂️‍➡️	man running facing right: light skin tone
people	🏃🏼‍♂️‍➡️	man running facing right: medium-light skin tone
people	🏃🏽‍♂️‍➡️	man running facing right: medium skin tone
people	🏃🏾‍♂️‍➡️	man running facing right: medium-dark skin tone
people	🏃🏿‍♂️‍➡️	man running facing right: dark skin tone
people	🧑‍🩰	ballet dancer
people	🧑🏻‍🩰	ballet dancer: light skin tone
people	🧑🏼‍🩰	ballet dancer: medium-light skin tone
people	🧑🏽‍🩰	ballet dancer: medium skin tone
people	🧑🏾‍🩰	ballet dancer: medium-dark skin tone
people	🧑🏿‍🩰	ballet dancer: dark skin tone
people	💃	woman dancing
people	💃🏻	woman dancing: light skin tone
people	💃🏼	woman dancing: medium-light skin tone
people	💃🏽	woman dancing: medium skin tone
people	💃🏾	woman dancing: medium-dark skin tone
people	💃🏿	woman dancing: dark skin tone
people	🕺	man dancing
people	🕺🏻	man dancing: light skin tone
people	🕺🏼	man dancing: medium-light skin tone
people	🕺🏽	man dancing: medium skin tone
people	🕺🏾	man dancing: medium-dark skin tone
people	🕺🏿	man dancing: dark skin tone
people	🕴️	person in suit levitating
people	🕴🏻	person in suit levitating: light skin tone
people	🕴🏼	person in suit levitating: medium-light skin tone
people	🕴🏽	person in suit levitating: medium skin tone
people	🕴🏾	person in suit levitating: medium-dark skin tone
people	🕴🏿	person in suit levitating: dark skin tone
people	👯	people with bunny ears
people	👯🏻	people with bunny ears: light skin tone
people	👯🏼	people with bunny ears: medium-light skin tone
people	👯🏽	people with bunny ears: medium skin tone
people	👯🏾	people with bunny ears: medium-dark skin tone
people	👯🏿	people with bunny ears: dark skin tone
people	👯‍♂️	men with bunny ears
people	👯🏻‍♂️	men with bunny ears: light skin tone
people	👯🏼‍♂️	men with bunny ears: medium-light skin tone
people	👯🏽‍♂️	men with bunny ears: medium skin tone
people	👯🏾‍♂️	men with bunny ears: medium-dark skin tone
people	👯🏿‍♂️	men with bunny ears: dark skin tone
people	👯‍♀️	women with bunny ears
people	👯🏻‍♀️	women with bunny ears: light skin tone
people	👯🏼‍♀️	women with bunny ears: medium-light skin tone
people	👯🏽‍♀️	women with bunny ears: medium skin tone
people	👯🏾‍♀️	women with bunny ears: medium-dark skin tone
people	👯🏿‍♀️	women with bunny ears: dark skin tone
people	🧑🏻‍🐰‍🧑🏼	people with bunny ears: light skin tone, medium-light skin tone
people	🧑🏻‍🐰‍🧑🏽	people with bunny ears: light skin tone, medium skin tone
people	🧑🏻‍🐰‍🧑🏾	people with bunny ears: light skin tone, medium-dark skin tone
people	🧑🏻‍🐰‍🧑🏿	people with bunny ears: light skin tone, dark skin tone
people	🧑🏼‍🐰‍🧑🏻	people with bunny ears: medium-light skin tone, light skin tone
people	🧑🏼‍🐰‍🧑🏽	people with bunny ears: medium-light skin tone, medium skin tone
people	🧑🏼‍🐰‍🧑🏾	people with bunny ears: medium-light skin tone, medium-dark skin tone
people	🧑🏼‍🐰‍🧑🏿	people with bunny ears: medium-light skin tone, dark skin tone
people	🧑🏽‍🐰‍🧑🏻	people with bunny ears: medium skin tone, light skin tone
people	🧑🏽‍🐰‍🧑🏼	people with bunny ears: medium skin tone, medium-light skin tone
people	🧑🏽‍🐰‍🧑🏾	people with bunny ears: medium skin tone, medium-dark skin tone
people	🧑🏽‍🐰‍🧑🏿	people with bunny ears: medium skin tone, dark skin tone
people	🧑🏾‍🐰‍🧑🏻	people with bunny ears: medium-dark skin tone, light skin tone
people	🧑🏾‍🐰‍🧑🏼	people with bunny ears: medium-dark skin tone, medium-light skin tone
people	🧑🏾‍🐰‍🧑🏽	people with bunny ears: medium-dark skin tone, medium skin tone
people	🧑🏾‍🐰‍🧑🏿	people with bunny ears: medium-dark skin tone, dark skin tone
people	🧑🏿‍🐰‍🧑🏻	people with bunny ears: dark skin tone, light skin tone
people	🧑🏿‍🐰‍🧑🏼	people with bunny ears: dark skin tone, medium-light skin tone
people	🧑🏿‍🐰‍🧑🏽	people with bunny ears: dark skin tone, medium skin tone
people	🧑🏿‍🐰‍🧑🏾	people with bunny ears: dark skin tone, medium-dark skin tone
people	👨🏻‍🐰‍👨🏼	men with bunny ears: light skin tone, medium-light skin tone
people	👨🏻‍🐰‍👨🏽	men with bunny ears: light skin tone, medium skin tone
people	👨🏻‍🐰‍👨🏾	men with bunny ears: light skin tone, medium-dark skin tone
people	👨🏻‍🐰‍👨🏿	men with bunny ears: light skin tone, dark skin tone
people	👨🏼‍🐰‍👨🏻	men with bunny ears: medium-light skin tone, light skin tone
people	👨🏼‍🐰‍👨🏽	men with bunny ears: medium-light skin tone, medium skin tone
people	👨🏼‍🐰‍👨🏾	men with bunny ears: medium-light skin tone, medium-dark skin tone
people	👨🏼‍🐰‍👨🏿	men with bunny ears: medium-light skin tone, dark skin tone
people	👨🏽‍🐰‍👨🏻	men with bunny ears: medium skin tone, light skin tone
people	👨🏽‍🐰‍👨🏼	men with bunny ears: medium skin tone, medium-light skin tone
people	👨🏽‍🐰‍👨🏾	men with bunny ears: medium skin tone, medium-dark skin tone
people	👨🏽‍🐰‍👨🏿	men with bunny ears: medium skin tone, dark skin tone
people	👨🏾‍🐰‍👨🏻	men with bunny ears: medium-dark skin tone, light skin tone
people	👨🏾‍🐰‍👨🏼	men with bunny ears: medium-dark skin tone, medium-light skin tone
people	👨🏾‍🐰‍👨🏽	men with bunny ears: medium-dark skin tone, medium skin tone
people	👨🏾‍🐰‍👨🏿	men with bunny ears: medium-dark skin tone, dark skin tone
people	👨🏿‍🐰‍👨🏻	men with bunny ears: dark skin tone, light skin tone
people	👨🏿‍🐰‍👨🏼	men with bunny ears: dark skin tone, medium-light skin tone
people	👨🏿‍🐰‍👨🏽	men with bunny ears: dark skin tone, medium skin tone
people	👨🏿‍🐰‍👨🏾	men with bunny ears: dark skin tone, medium-dark skin tone
people	👩🏻‍🐰‍👩🏼	women with bunny ears: light skin tone, medium-light skin tone
people	👩🏻‍🐰‍👩🏽	women with bunny ears: light skin tone, medium skin tone
people	👩🏻‍🐰‍👩🏾	women with bunny ears: light skin tone, medium-dark skin tone
people	👩🏻‍🐰‍👩🏿	women with bunny ears: light skin tone, dark skin tone
people	👩🏼‍🐰‍👩🏻	women with bunny ears: medium-light skin tone, light skin tone
people	👩🏼‍🐰‍👩🏽	women with bunny ears: medium-light skin tone, medium skin tone
people	👩🏼‍🐰‍👩🏾	women with bunny ears: medium-light skin tone, medium-dark skin tone
people	👩🏼‍🐰‍👩🏿	women with bunny ears: medium-light skin tone, dark skin tone
people	👩🏽‍🐰‍👩🏻	women with bunny ears: medium skin tone, light skin tone
people	👩🏽‍🐰‍👩🏼	women with bunny ears: medium skin tone, medium-light skin tone
people	👩🏽‍🐰‍👩🏾	women with bunny ears: medium skin tone, medium-dark skin tone
people	👩🏽‍🐰‍👩🏿	women with bunny ears: medium skin tone, dark skin tone
people	👩🏾‍🐰‍👩🏻	women with bunny ears: medium-dark skin tone, light skin tone
people	👩🏾‍🐰‍👩🏼	women with bunny ears: medium-dark skin tone, medium-light skin tone
people	👩🏾‍🐰‍👩🏽	women with bunny ears: medium-dark skin tone, medium skin tone
people	👩🏾‍🐰‍👩🏿	women with bunny ears: medium-dark skin tone, dark skin tone
people	👩🏿‍🐰‍👩🏻	women with bunny ears: dark skin tone, light skin tone
people	👩🏿‍🐰‍👩🏼	women with bunny ears: dark skin tone, medium-light skin tone
people	👩🏿‍🐰‍👩🏽	women with bunny ears: dark skin tone, medium skin tone
people	👩🏿‍🐰‍👩🏾	women with bunny ears: dark skin tone, medium-dark skin tone
people	🧖	person in steamy room
people	🧖🏻	person in steamy room: light skin tone
people	🧖🏼	person in steamy room: medium-light skin tone
people	🧖🏽	person in steamy room: medium skin tone
people	🧖🏾	person in steamy room: medium-dark skin tone
people	🧖🏿	person in steamy room: dark skin tone
people	🧖‍♂️	man in steamy room
people	🧖🏻‍♂️	man in steamy room: light skin tone
people	🧖🏼‍♂️	man in steamy room: medium-light skin tone
people	🧖🏽‍♂️	man in steamy room: medium skin tone
people	🧖🏾‍♂️	man in steamy room: medium-dark skin tone
people	🧖🏿‍♂️	man in steamy room: dark skin tone
people	🧖‍♀️	woman in steamy room
people	🧖🏻‍♀️	woman in steamy room: light skin tone
people	🧖🏼‍♀️	woman in steamy room: medium-light skin tone
people	🧖🏽‍♀️	woman in steamy room: medium skin tone
people	🧖🏾‍♀️	woman in steamy room: medium-dark skin tone
people	🧖🏿‍♀️	woman in steamy room: dark skin tone
people	🧗	person climbing
people	🧗🏻	person climbing: light skin tone
people	🧗🏼	person climbing: medium-light skin tone
people	🧗🏽	person climbing: medium skin tone
people	🧗🏾	person climbing: medium-dark skin tone
people	🧗🏿	person climbing: dark skin tone
people	🧗‍♂️	man climbing
people	🧗🏻‍♂️	man climbing: light skin tone
people	🧗🏼‍♂️	man climbing: medium-light skin tone
people	🧗🏽‍♂️	man climbing: medium skin tone
people	🧗🏾‍♂️	man climbing: medium-dark skin tone
people	🧗🏿‍♂️	man climbing: dark skin tone
people	🧗‍♀️	woman climbing
people	🧗🏻‍♀️	woman climbing: light skin tone
people	🧗🏼‍♀️	woman climbing: medium-light skin tone
people	🧗🏽‍♀️	woman climbing: medium skin tone
people	🧗🏾‍♀️	woman climbing: medium-dark skin tone
people	🧗🏿‍♀️	woman climbing: dark skin tone
people	🤺	person fencing
people	🏇	horse racing
people	🏇🏻	horse racing: light skin tone
people	🏇🏼	horse racing: medium-light skin tone
people	🏇🏽	horse racing: medium skin tone
people	🏇🏾	horse racing: medium-dark skin tone
people	🏇🏿	horse racing: dark skin tone
people	⛷️	skier
people	🏂	snowboarder
people	🏂🏻	snowboarder: light skin tone
people	🏂🏼	snowboarder: medium-light skin tone
people	🏂🏽	snowboarder: medium skin tone
people	🏂🏾	snowboarder: medium-dark skin tone
people	🏂🏿	snowboarder: dark skin tone
people	🏌️	person golfing
people	🏌🏻	person golfing: light skin tone
people	🏌🏼	person golfing: medium-light skin tone
people	🏌🏽	person golfing: medium skin tone
people	🏌🏾	person golfing: medium-dark skin tone
people	🏌🏿	person golfing: dark skin tone
people	🏌️‍♂️	man golfing
people	🏌🏻‍♂️	man golfing: light skin tone
people	🏌🏼‍♂️	man golfing: medium-light skin tone
people	🏌🏽‍♂️	man golfing: medium skin tone
people	🏌🏾‍♂️	man golfing: medium-dark skin tone
people	🏌🏿‍♂️	man golfing: dark skin tone
people	🏌️‍♀️	woman golfing
people	🏌🏻‍♀️	woman golfing: light skin tone
people	🏌🏼‍♀️	woman golfing: medium-light skin tone
people	🏌🏽‍♀️	woman golfing: medium skin tone
people	🏌🏾‍♀️	woman golfing: medium-dark skin tone
people	🏌🏿‍♀️	woman golfing: dark skin tone
people	🏄	person surfing
people	🏄🏻	person surfing: light skin tone
people	🏄🏼	person surfing: medium-light skin tone
people	🏄🏽	person surfing: medium skin tone
people	🏄🏾	person surfing: medium-dark skin tone
people	🏄🏿	person surfing: dark skin tone
people	🏄‍♂️	man surfing
people	🏄🏻‍♂️	man surfing: light skin tone
people	🏄🏼‍♂️	man surfing: medium-light skin tone
people	🏄🏽‍♂️	man surfing: medium skin tone
people	🏄🏾‍♂️	man surfing: medium-dark skin tone
people	🏄🏿‍♂️	man surfing: dark skin tone
people	🏄‍♀️	woman surfing
people	🏄🏻‍♀️	woman surfing: light skin tone
people	🏄🏼‍♀️	woman surfing: medium-light skin tone
people	🏄🏽‍♀️	woman surfing: medium skin tone
people	🏄🏾‍♀️	woman surfing: medium-dark skin tone
people	🏄🏿‍♀️	woman surfing: dark skin tone
people	🚣	person rowing boat
people	🚣🏻	person rowing boat: light skin tone
people	🚣🏼	person rowing boat: medium-light skin tone
people	🚣🏽	person rowing boat: medium skin tone
people	🚣🏾	person rowing boat: medium-dark skin tone
people	🚣🏿	person rowing boat: dark skin tone
people	🚣‍♂️	man rowing boat
people	🚣🏻‍♂️	man rowing boat: light skin tone
people	🚣🏼‍♂️	man rowing boat: medium-light skin tone
people	🚣🏽‍♂️	man rowing boat: medium skin tone
people	🚣🏾‍♂️	man rowing boat: medium-dark skin tone
people	🚣🏿‍♂️	man rowing boat: dark skin tone
people	🚣‍♀️	woman rowing boat
people	🚣🏻‍♀️	woman rowing boat: light skin tone
people	🚣🏼‍♀️	woman rowing boat: medium-light skin tone
people	🚣🏽‍♀️	woman rowing boat: medium skin tone
people	🚣🏾‍♀️	woman rowing boat: medium-dark skin tone
people	🚣🏿‍♀️	woman rowing boat: dark skin tone
people	🏊	person swimming
people	🏊🏻	person swimming: light skin tone
people	🏊🏼	person swimming: medium-light skin tone
people	🏊🏽	person swimming: medium skin tone
people	🏊🏾	person swimming: medium-dark skin tone
people	🏊🏿	person swimming: dark skin tone
people	🏊‍♂️	man swimming
people	🏊🏻‍♂️	man swimming: light skin tone
people	🏊🏼‍♂️	man swimming: medium-light skin tone
people	🏊🏽‍♂️	man swimming: medium skin tone
people	🏊🏾‍♂️	man swimming: medium-dark skin tone
people	🏊🏿‍♂️	man swimming: dark skin tone
people	🏊‍♀️	woman swimming
people	🏊🏻‍♀️	woman swimming: light skin tone
people	🏊🏼‍♀️	woman swimming: medium-light skin tone
people	🏊🏽‍♀️	woman swimming: medium skin tone
people	🏊🏾‍♀️	woman swimming: medium-dark skin tone
people	🏊🏿‍♀️	woman swimming: dark skin tone
people	⛹️	person bouncing ball
people	⛹🏻	person bouncing ball: light skin tone
people	⛹🏼	person bouncing ball: medium-light skin tone
people	⛹🏽	person bouncing ball: medium skin tone
people	⛹🏾	person bouncing ball: medium-dark skin tone
people	⛹🏿	person bouncing ball: dark skin tone
people	⛹️‍♂️	man bouncing ball
people	⛹🏻‍♂️	man bouncing ball: light skin tone
people	⛹🏼‍♂️	man bouncing ball: medium-light skin tone
people	⛹🏽‍♂️	man bouncing ball: medium skin tone
people	⛹🏾‍♂️	man bouncing ball: medium-dark skin tone
people	⛹🏿‍♂️	man bouncing ball: dark skin tone
people	⛹️‍♀️	woman bouncing ball
people	⛹🏻‍♀️	woman bouncing ball: light skin tone
people	⛹🏼‍♀️	woman bouncing ball: medium-light skin tone
people	⛹🏽‍♀️	woman bouncing ball: medium skin tone
people	⛹🏾‍♀️	woman bouncing ball: medium-dark skin tone
people	⛹🏿‍♀️	woman bouncing ball: dark skin tone
people	🏋️	person lifting weights
people	🏋🏻	person lifting weights: light skin tone
people	🏋🏼	person lifting weights: medium-light skin tone
people	🏋🏽	person lifting weights: medium skin tone
people	🏋🏾	person lifting weights: medium-dark skin tone
people	🏋🏿	person lifting weights: dark skin tone
people	🏋️‍♂️	man lifting weights
people	🏋🏻‍♂️	man lifting weights: light skin tone
people	🏋🏼‍♂️	man lifting weights: medium-light skin tone
people	🏋🏽‍♂️	man lifting weights: medium skin tone
people	🏋🏾‍♂️	man lifting weights: medium-dark skin tone
people	🏋🏿‍♂️	man lifting weights: dark skin tone
people	🏋️‍♀️	woman lifting weights
people	🏋🏻‍♀️	woman lifting weights: light skin tone
people	🏋🏼‍♀️	woman lifting weights: medium-light skin tone
people	🏋🏽‍♀️	woman lifting weights: medium skin tone
people	🏋🏾‍♀️	woman lifting weights: medium-dark skin tone
people	🏋🏿‍♀️	woman lifting weights: dark skin tone
people	🚴	person biking
people	🚴🏻	person biking: light skin tone
people	🚴🏼	person biking: medium-light skin tone
people	🚴🏽	person biking: medium skin tone
people	🚴🏾	person biking: medium-dark skin tone
people	🚴🏿	person biking: dark skin tone
people	🚴‍♂️	man biking
people	🚴🏻‍♂️	man biking: light skin tone
people	🚴🏼‍♂️	man biking: medium-light skin tone
people	🚴🏽‍♂️	man biking: medium skin tone
people	🚴🏾‍♂️	man biking: medium-dark skin tone
people	🚴🏿‍♂️	man biking: dark skin tone
people	🚴‍♀️	woman biking
people	🚴🏻‍♀️	woman biking: light skin tone
people	🚴🏼‍♀️	woman biking: medium-light skin tone
people	🚴🏽‍♀️	woman biking: medium skin tone
people	🚴🏾‍♀️	woman biking: medium-dark skin tone
people	🚴🏿‍♀️	woman biking: dark skin tone
people	🚵	person mountain biking
people	🚵🏻	person mountain biking: light skin tone
people	🚵🏼	person mountain biking: medium-light skin tone
people	🚵🏽	person mountain biking: medium skin tone
people	🚵🏾	person mountain biking: medium-dark skin tone
people	🚵🏿	person mountain biking: dark skin tone
people	🚵‍♂️	man mountain biking
people	🚵🏻‍♂️	man mountain biking: light skin tone
people	🚵🏼‍♂️	man mountain biking: medium-light skin tone
people	🚵🏽‍♂️	man mountain biking: medium skin tone
people	🚵🏾‍♂️	man mountain biking: medium-dark skin tone
people	🚵🏿‍♂️	man mountain biking: dark skin tone
people	🚵‍♀️	woman mountain biking
people	🚵🏻‍♀️	woman mountain biking: light skin tone
people	🚵🏼‍♀️	woman mountain biking: medium-light skin tone
people	🚵🏽‍♀️	woman mountain biking: medium skin tone
people	🚵🏾‍♀️	woman mountain biking: medium-dark skin tone
people	🚵🏿‍♀️	woman mountain biking: dark skin tone
people	🤸	person cartwheeling
people	🤸🏻	person cartwheeling: light skin tone
people	🤸🏼	person cartwheeling: medium-light skin tone
people	🤸🏽	person cartwheeling: medium skin tone
people	🤸🏾	person cartwheeling: medium-dark skin tone
people	🤸🏿	person cartwheeling: dark skin tone
people	🤸‍♂️	man cartwheeling
people	🤸🏻‍♂️	man cartwheeling: light skin tone
people	🤸🏼‍♂️	man cartwheeling: medium-light skin tone
people	🤸🏽‍♂️	man cartwheeling: medium skin tone
people	🤸🏾‍♂️	man cartwheeling: medium-dark skin tone
people	🤸🏿‍♂️	man cartwheeling: dark skin tone
people	🤸‍♀️	woman cartwheeling
people	🤸🏻‍♀️	woman cartwheeling: light skin tone
people	🤸🏼‍♀️	woman cartwheeling: medium-light skin tone
people	🤸🏽‍♀️	woman cartwheeling: medium skin tone
people	🤸🏾‍♀️	woman cartwheeling: medium-dark skin tone
people	🤸🏿‍♀️	woman cartwheeling: dark skin tone
people	🤼	people wrestling
people	🤼🏻	people wrestling: light skin tone
people	🤼🏼	people wrestling: medium-light skin tone
people	🤼🏽	people wrestling: medium skin tone
people	🤼🏾	people wrestling: medium-dark skin tone
people	🤼🏿	people wrestling: dark skin tone
people	🤼‍♂️	men wrestling
people	🤼🏻‍♂️	men wrestling: light skin tone
people	🤼🏼‍♂️	men wrestling: medium-light skin tone
people	🤼🏽‍♂️	men wrestling: medium skin tone
people	🤼🏾‍♂️	men wrestling: medium-dark skin tone
people	🤼🏿‍♂️	men wrestling: dark skin tone
people	🤼‍♀️	women wrestling
people	🤼🏻‍♀️	women wrestling: light skin tone
people	🤼🏼‍♀️	women wrestling: medium-light skin tone
people	🤼🏽‍♀️	women wrestling: medium skin tone
people	🤼🏾‍♀️	women wrestling: medium-dark skin tone
people	🤼🏿‍♀️	women wrestling: dark skin tone
people	🧑🏻‍🫯‍🧑🏼	people wrestling: light skin tone, medium-light skin tone
people	🧑🏻‍🫯‍🧑🏽	people wrestling: light skin tone, medium skin tone
people	🧑🏻‍🫯‍🧑🏾	people wrestling: light skin tone, medium-dark skin tone
people	🧑🏻‍🫯‍🧑🏿	people wrestling: light skin tone, dark skin tone
people	🧑🏼‍🫯‍🧑🏻	people wrestling: medium-light skin tone, light skin tone
people	🧑🏼‍🫯‍🧑🏽	people wrestling: medium-light skin tone, medium skin tone
people	🧑🏼‍🫯‍🧑🏾	people wrestling: medium-light skin tone, medium-dark skin tone
people	🧑🏼‍🫯‍🧑🏿	people wrestling: medium-light skin tone, dark skin tone
people	🧑🏽‍🫯‍🧑🏻	people wrestling: medium skin tone, light skin tone
people	🧑🏽‍🫯‍🧑🏼	people wrestling: medium skin tone, medium-light skin tone
people	🧑🏽‍🫯‍🧑🏾	people wrestling: medium skin tone, medium-dark skin tone
people	🧑🏽‍🫯‍🧑🏿	people wrestling: medium skin tone, dark skin tone
people	🧑🏾‍🫯‍🧑🏻	people wrestling: medium-dark skin tone, light skin tone
people	🧑🏾‍🫯‍🧑🏼	people wrestling: medium-dark skin tone, medium-light skin tone
people	🧑🏾‍🫯‍🧑🏽	people wrestling: medium-dark skin tone, medium skin tone
people	🧑🏾‍🫯‍🧑🏿	people wrestling: medium-dark skin tone, dark skin tone
people	🧑🏿‍🫯‍🧑🏻	people wrestling: dark skin tone, light skin tone
people	🧑🏿‍🫯‍🧑🏼	people wrestling: dark skin tone, medium-light skin tone
people	🧑🏿‍🫯‍🧑🏽	people wrestling: dark skin tone, medium skin tone
people	🧑🏿‍🫯‍🧑🏾	people wrestling: dark skin tone, medium-dark skin tone
people	👨🏻‍🫯‍👨🏼	men wrestling: light skin tone, medium-light skin tone
people	👨🏻‍🫯‍👨🏽	men wrestling: light skin tone, medium skin tone
people	👨🏻‍🫯‍👨🏾	men wrestling: light skin tone, medium-dark skin tone
people	👨🏻‍🫯‍👨🏿	men wrestling: light skin tone, dark skin tone
people	👨🏼‍🫯‍👨🏻	men wrestling: medium-light skin tone, light skin tone
people	👨🏼‍🫯‍👨🏽	men wrestling: medium-light skin tone, medium skin tone
people	👨🏼‍🫯‍👨🏾	men wrestling: medium-light skin tone, medium-dark skin tone
people	👨🏼‍🫯‍👨🏿	men wrestling: medium-light skin tone, dark skin tone
people	👨🏽‍🫯‍👨🏻	men wrestling: medium skin tone, light skin tone
people	👨🏽‍🫯‍👨🏼	men wrestling: medium skin tone, medium-light skin tone
people	👨🏽‍🫯‍👨🏾	men wrestling: medium skin tone, medium-dark skin tone
people	👨🏽‍🫯‍👨🏿	men wrestling: medium skin tone, dark skin tone
people	👨🏾‍🫯‍👨🏻	men wrestling: medium-dark skin tone, light skin tone
people	👨🏾‍🫯‍👨🏼	men wrestling: medium-dark skin tone, medium-light skin tone
people	👨🏾‍🫯‍👨🏽	men wrestling: medium-dark skin tone, medium skin tone
people	👨🏾‍🫯‍👨🏿	men wrestling: medium-dark skin tone, dark skin tone
people	👨🏿‍🫯‍👨🏻	men wrestling: dark skin tone, light skin tone
people	👨🏿‍🫯‍👨🏼	men wrestling: dark skin tone, medium-light skin tone
people	👨🏿‍🫯‍👨🏽	men wrestling: dark skin tone, medium skin tone
people	👨🏿‍🫯‍👨🏾	men wrestling: dark skin tone, medium-dark skin tone
people	👩🏻‍🫯‍👩🏼	women wrestling: light skin tone, medium-light skin tone
people	👩🏻‍🫯‍👩🏽	women wrestling: light skin tone, medium skin tone
people	👩🏻‍🫯‍👩🏾	women wrestling: light skin tone, medium-dark skin tone
people	👩🏻‍🫯‍👩🏿	women wrestling: light skin tone, dark skin tone
people	👩🏼‍🫯‍👩🏻	women wrestling: medium-light skin tone, light skin tone
people	👩🏼‍🫯‍👩🏽	women wrestling: medium-light skin tone, medium skin tone
people	👩🏼‍🫯‍👩🏾	women wrestling: medium-light skin tone, medium-dark skin tone
people	👩🏼‍🫯‍👩🏿	women wrestling: medium-light skin tone, dark skin tone
people	👩🏽‍🫯‍👩🏻	women wrestling: medium skin tone, light skin tone
people	👩🏽‍🫯‍👩🏼	women wrestling: medium skin tone, medium-light skin tone
people	👩🏽‍🫯‍👩🏾	women wrestling: medium skin tone, medium-dark skin tone
people	👩🏽‍🫯‍👩🏿	women wrestling: medium skin tone, dark skin tone
people	👩🏾‍🫯‍👩🏻	women wrestling: medium-dark skin tone, light skin tone
people	👩🏾‍🫯‍👩🏼	women wrestling: medium-dark skin tone, medium-light skin tone
people	👩🏾‍🫯‍👩🏽	women wrestling: medium-dark skin tone, medium skin tone
people	👩🏾‍🫯‍👩🏿	women wrestling: medium-dark skin tone, dark skin tone
people	👩🏿‍🫯‍👩🏻	women wrestling: dark skin tone, light skin tone
people	👩🏿‍🫯‍👩🏼	women wrestling: dark skin tone, medium-light skin tone
people	👩🏿‍🫯‍👩🏽	women wrestling: dark skin tone, medium skin tone
people	👩🏿‍🫯‍👩🏾	women wrestling: dark skin tone, medium-dark skin tone
people	🤽	person playing water polo
people	🤽🏻	person playing water polo: light skin tone
people	🤽🏼	person playing water polo: medium-light skin tone
people	🤽🏽	person playing water polo: medium skin tone
people	🤽🏾	person playing water polo: medium-dark skin tone
people	🤽🏿	person playing water polo: dark skin tone
people	🤽‍♂️	man playing water polo
people	🤽🏻‍♂️	man playing water polo: light skin tone
people	🤽🏼‍♂️	man playing water polo: medium-light skin tone
people	🤽🏽‍♂️	man playing water polo: medium skin tone
people	🤽🏾‍♂️	man playing water polo: medium-dark skin tone
people	🤽🏿‍♂️	man playing water polo: dark skin tone
people	🤽‍♀️	woman playing water polo
people	🤽🏻‍♀️	woman playing water polo: light skin tone
people	🤽🏼‍♀️	woman playing water polo: medium-light skin tone
people	🤽🏽‍♀️	woman playing water polo: medium skin tone
people	🤽🏾‍♀️	woman playing water polo: medium-dark skin tone
people	🤽🏿‍♀️	woman playing water polo: dark skin tone
people	🤾	person playing handball
people	🤾🏻	person playing handball: light skin tone
people	🤾🏼	person playing handball: medium-light skin tone
people	🤾🏽	person playing handball: medium skin tone
people	🤾🏾	person playing handball: medium-dark skin tone
people	🤾🏿	person playing handball: dark skin tone
people	🤾‍♂️	man playing handball
people	🤾🏻‍♂️	man playing handball: light skin tone
people	🤾🏼‍♂️	man playing handball: medium-light skin tone
people	🤾🏽‍♂️	man playing handball: medium skin tone
people	🤾🏾‍♂️	man playing handball: medium-dark skin tone
people	🤾🏿‍♂️	man playing handball: dark skin tone
people	🤾‍♀️	woman playing handball
people	🤾🏻‍♀️	woman playing handball: light skin tone
people	🤾🏼‍♀️	woman playing handball: medium-light skin tone
people	🤾🏽‍♀️	woman playing handball: medium skin tone
people	🤾🏾‍♀️	woman playing handball: medium-dark skin tone
people	🤾🏿‍♀️	woman playing handball: dark skin tone
people	🤹	person juggling
people	🤹🏻	person juggling: light skin tone
people	🤹🏼	person juggling: medium-light skin tone
people	🤹🏽	person juggling: medium skin tone
people	🤹🏾	person juggling: medium-dark skin tone
people	🤹🏿	person juggling: dark skin tone
people	🤹‍♂️	man juggling
people	🤹🏻‍♂️	man juggling: light skin tone
people	🤹🏼‍♂️	man juggling: medium-light skin tone
people	🤹🏽‍♂️	man juggling: medium skin tone
people	🤹🏾‍♂️	man juggling: medium-dark skin tone
people	🤹🏿‍♂️	man juggling: dark skin tone
people	🤹‍♀️	woman juggling
people	🤹🏻‍♀️	woman juggling: light skin tone
people	🤹🏼‍♀️	woman juggling: medium-light skin tone
people	🤹🏽‍♀️	woman juggling: medium skin tone
people	🤹🏾‍♀️	woman juggling: medium-dark skin tone
people	🤹🏿‍♀️	woman juggling: dark skin tone
people	🧘	person in lotus position
people	🧘🏻	person in lotus position: light skin tone
people	🧘🏼	person in lotus position: medium-light skin tone
people	🧘🏽	person in lotus position: medium skin tone
people	🧘🏾	person in lotus position: medium-dark skin tone
people	🧘🏿	person in lotus position: dark skin tone
people	🧘‍♂️	man in lotus position
people	🧘🏻‍♂️	man in lotus position: light skin tone
people	🧘🏼‍♂️	man in lotus position: medium-light skin tone
people	🧘🏽‍♂️	man in lotus position: medium skin tone
people	🧘🏾‍♂️	man in lotus position: medium-dark skin tone
people	🧘🏿‍♂️	man in lotus position: dark skin tone
people	🧘‍♀️	woman in lotus position
people	🧘🏻‍♀️	woman in lotus position: light skin tone
people	🧘🏼‍♀️	woman in lotus position: medium-light skin tone
people	🧘🏽‍♀️	woman in lotus position: medium skin tone
people	🧘🏾‍♀️	woman in lotus position: medium-dark skin tone
people	🧘🏿‍♀️	woman in lotus position: dark skin tone
people	🛀	person taking bath
people	🛀🏻	person taking bath: light skin tone
people	🛀🏼	person taking bath: medium-light skin tone
people	🛀🏽	person taking bath: medium skin tone
people	🛀🏾	person taking bath: medium-dark skin tone
people	🛀🏿	person taking bath: dark skin tone
people	🛌	person in bed
people	🛌🏻	person in bed: light skin tone
people	🛌🏼	person in bed: medium-light skin tone
people	🛌🏽	person in bed: medium skin tone
people	🛌🏾	person in bed: medium-dark skin tone
people	🛌🏿	person in bed: dark skin tone
people	🧑‍🤝‍🧑	people holding hands
people	🧑🏻‍🤝‍🧑🏻	people holding hands: light skin tone
people	🧑🏻‍🤝‍🧑🏼	people holding hands: light skin tone, medium-light skin tone
people	🧑🏻‍🤝‍🧑🏽	people holding hands: light skin tone, medium skin tone
people	🧑🏻‍🤝‍🧑🏾	people holding hands: light skin tone, medium-dark skin tone
people	🧑🏻‍🤝‍🧑🏿	people holding hands: light skin tone, dark skin tone
people	🧑🏼‍🤝‍🧑🏻	people holding hands: medium-light skin tone, light skin tone
people	🧑🏼‍🤝‍🧑🏼	people holding hands: medium-light skin tone
people	🧑🏼‍🤝‍🧑🏽	people holding hands: medium-light skin tone, medium skin tone
people	🧑🏼‍🤝‍🧑🏾	people holding hands: medium-light skin tone, medium-dark skin tone
people	🧑🏼‍🤝‍🧑🏿	people holding hands: medium-light skin tone, dark skin tone
people	🧑🏽‍🤝‍🧑🏻	people holding hands: medium skin tone, light skin tone
people	🧑🏽‍🤝‍🧑🏼	people holding hands: medium skin tone, medium-light skin tone
people	🧑🏽‍🤝‍🧑🏽	people holding hands: medium skin tone
people	🧑🏽‍🤝‍🧑🏾	people holding hands: medium skin tone, medium-dark skin tone
people	🧑🏽‍🤝‍🧑🏿	people holding hands: medium skin tone, dark skin tone
people	🧑🏾‍🤝‍🧑🏻	people holding hands: medium-dark skin tone, light skin tone
people	🧑🏾‍🤝‍🧑🏼	people holding hands: medium-dark skin tone, medium-light skin tone
people	🧑🏾‍🤝‍🧑🏽	people holding hands: medium-dark skin tone, medium skin tone
people	🧑🏾‍🤝‍🧑🏾	people holding hands: medium-dark skin tone
people	🧑🏾‍🤝‍🧑🏿	people holding hands: medium-dark skin tone, dark skin tone
people	🧑🏿‍🤝‍🧑🏻	people holding hands: dark skin tone, light skin tone
people	🧑🏿‍🤝‍🧑🏼	people holding hands: dark skin tone, medium-light skin tone
people	🧑🏿‍🤝‍🧑🏽	people holding hands: dark skin tone, medium skin tone
people	🧑🏿‍🤝‍🧑🏾	people holding hands: dark skin tone, medium-dark skin tone
people	🧑🏿‍🤝‍🧑🏿	people holding hands: dark skin tone
people	👭	women holding hands
people	👭🏻	women holding hands: light skin tone
people	👩🏻‍🤝‍👩🏼	women holding hands: light skin tone, medium-light skin tone
people	👩🏻‍🤝‍👩🏽	women holding hands: light skin tone, medium skin tone
people	👩🏻‍🤝‍👩🏾	women holding hands: light skin tone, medium-dark skin tone
people	👩🏻‍🤝‍👩🏿	women holding hands: light skin tone, dark skin tone
people	👩🏼‍🤝‍👩🏻	women holding hands: medium-light skin tone, light skin tone
people	👭🏼	women holding hands: medium-light skin tone
people	👩🏼‍🤝‍👩🏽	women holding hands: medium-light skin tone, medium skin tone
people	👩🏼‍🤝‍👩🏾	women holding hands: medium-light skin tone, medium-dark skin tone
people	👩🏼‍🤝‍👩🏿	women holding hands: medium-light skin tone, dark skin tone
people	👩🏽‍🤝‍👩🏻	women holding hands: medium skin tone, light skin tone
people	👩🏽‍🤝‍👩🏼	women holding hands: medium skin tone, medium-light skin tone
people	👭🏽	women holding hands: medium skin tone
people	👩🏽‍🤝‍👩🏾	women holding hands: medium skin tone, medium-dark skin tone
people	👩🏽‍🤝‍👩🏿	women holding hands: medium skin tone, dark skin tone
people	👩🏾‍🤝‍👩🏻	women holding hands: medium-dark skin tone, light skin tone
people	👩🏾‍🤝‍👩🏼	women holding hands: medium-dark skin tone, medium-light skin tone
people	👩🏾‍🤝‍👩🏽	women holding hands: medium-dark skin tone, medium skin tone
people	👭🏾	women holding hands: medium-dark skin tone
people	👩🏾‍🤝‍👩🏿	women holding hands: medium-dark skin tone, dark skin tone
people	👩🏿‍🤝‍👩🏻	women holding hands: dark skin tone, light skin tone
people	👩🏿‍🤝‍👩🏼	women holding hands: dark skin tone, medium-light skin tone
people	👩🏿‍🤝‍👩🏽	women holding hands: dark skin tone, medium skin tone
people	👩🏿‍🤝‍👩🏾	women holding hands: dark skin tone, medium-dark skin tone
people	👭🏿	women holding hands: dark skin tone
people	👫	woman and man holding hands
people	👫🏻	woman and man holding hands: light skin tone
people	👩🏻‍🤝‍👨🏼	woman and man holding hands: light skin tone, medium-light skin tone
people	👩🏻‍🤝‍👨🏽	woman and man holding hands: light skin tone, medium skin tone
people	👩🏻‍🤝‍👨🏾	woman and man holding hands: light skin tone, medium-dark skin tone
people	👩🏻‍🤝‍👨🏿	woman and man holding hands: light skin tone, dark skin tone
people	👩🏼‍🤝‍👨🏻	woman and man holding hands: medium-light skin tone, light skin tone
people	👫🏼	woman and man holding hands: medium-light skin tone
people	👩🏼‍🤝‍👨🏽	woman and man holding hands: medium-light skin tone, medium skin tone
people	👩🏼‍🤝‍👨🏾	woman and man holding hands: medium-light skin tone, medium-dark skin tone
people	👩🏼‍🤝‍👨🏿	woman and man holding hands: medium-light skin tone, dark skin tone
people	👩🏽‍🤝‍👨🏻	woman and man holding hands: medium skin tone, light skin tone
people	👩🏽‍🤝‍👨🏼	woman and man holding hands: medium skin tone, medium-light skin tone
people	👫🏽	woman and man holding hands: medium skin tone
people	👩🏽‍🤝‍👨🏾	woman and man holding hands: medium skin tone, medium-dark skin tone
people	👩🏽‍🤝‍👨🏿	woman and man holding hands: medium skin tone, dark skin tone
people	👩🏾‍🤝‍👨🏻	woman and man holding hands: medium-dark skin tone, light skin tone
people	👩🏾‍🤝‍👨🏼	woman and man holding hands: medium-dark skin tone, medium-light skin tone
people	👩🏾‍🤝‍👨🏽	woman and man holding hands: medium-dark skin tone, medium skin tone
people	👫🏾	woman and man holding hands: medium-dark skin tone
people	👩🏾‍🤝‍👨🏿	woman and man holding hands: medium-dark skin tone, dark skin tone
people	👩🏿‍🤝‍👨🏻	woman and man holding hands: dark skin tone, light skin tone
people	👩🏿‍🤝‍👨🏼	woman and man holding hands: dark skin tone, medium-light skin tone
people	👩🏿‍🤝‍👨🏽	woman and man holding hands: dark skin tone, medium skin tone
people	👩🏿‍🤝‍👨🏾	woman and man holding hands: dark skin tone, medium-dark skin tone
people	👫🏿	woman and man holding hands: dark skin tone
people	👬	men holding hands
people	👬🏻	men holding hands: light skin tone
people	👨🏻‍🤝‍👨🏼	men holding hands: light skin tone, medium-light skin tone
people	👨🏻‍🤝‍👨🏽	men holding hands: light skin tone, medium skin tone
people	👨🏻‍🤝‍👨🏾	men holding hands: light skin tone, medium-dark skin tone
people	👨🏻‍🤝‍👨🏿	men holding hands: light skin tone, dark skin tone
people	👨🏼‍🤝‍👨🏻	men holding hands: medium-light skin tone, light skin tone
people	👬🏼	men holding hands: medium-light skin tone
people	👨🏼‍🤝‍👨🏽	men holding hands: medium-light skin tone, medium skin tone
people	👨🏼‍🤝‍👨🏾	men holding hands: medium-light skin tone, medium-dark skin tone
people	👨🏼‍🤝‍👨🏿	men holding hands: medium-light skin tone, dark skin tone
people	👨🏽‍🤝‍👨🏻	men holding hands: medium skin tone, light skin tone
people	👨🏽‍🤝‍👨🏼	men holding hands: medium skin tone, medium-light skin tone
people	👬🏽	men holding hands: medium skin tone
people	👨🏽‍🤝‍👨🏾	men holding hands: medium skin tone, medium-dark skin tone
people	👨🏽‍🤝‍👨🏿	men holding hands: medium skin tone, dark skin tone
people	👨🏾‍🤝‍👨🏻	men holding hands: medium-dark skin tone, light skin tone
people	👨🏾‍🤝‍👨🏼	men holding hands: medium-dark skin tone, medium-light skin tone
people	👨🏾‍🤝‍👨🏽	men holding hands: medium-dark skin tone, medium skin tone
people	👬🏾	men holding hands: medium-dark skin tone
people	👨🏾‍🤝‍👨🏿	men holding hands: medium-dark skin tone, dark skin tone
people	👨🏿‍🤝‍👨🏻	men holding hands: dark skin tone, light skin tone
people	👨🏿‍🤝‍👨🏼	men holding hands: dark skin tone, medium-light skin tone
people	👨🏿‍🤝‍👨🏽	men holding hands: dark skin tone, medium skin tone
people	👨🏿‍🤝‍👨🏾	men holding hands: dark skin tone, medium-dark skin tone
people	👬🏿	men holding hands: dark skin tone
people	💏	kiss
people	💏🏻	kiss: light skin tone
people	💏🏼	kiss: medium-light skin tone
people	💏🏽	kiss: medium skin tone
people	💏🏾	kiss: medium-dark skin tone
people	💏🏿	kiss: dark skin tone
people	🧑🏻‍❤️‍💋‍🧑🏼	kiss: person, person, light skin tone, medium-light skin tone
people	🧑🏻‍❤️‍💋‍🧑🏽	kiss: person, person, light skin tone, medium skin tone
people	🧑🏻‍❤️‍💋‍🧑🏾	kiss: person, person, light skin tone, medium-dark skin tone
people	🧑🏻‍❤️‍💋‍🧑🏿	kiss: person, person, light skin tone, dark skin tone
people	🧑🏼‍❤️‍💋‍🧑🏻	kiss: person, person, medium-light skin tone, light skin tone
people	🧑🏼‍❤️‍💋‍🧑🏽	kiss: person, person, medium-light skin tone, medium skin tone
people	🧑🏼‍❤️‍💋‍🧑🏾	kiss: person, person, medium-light skin tone, medium-dark skin tone
people	🧑🏼‍❤️‍💋‍🧑🏿	kiss: person, person, medium-light skin tone, dark skin tone
people	🧑🏽‍❤️‍💋‍🧑🏻	kiss: person, person, medium skin tone, light skin tone
people	🧑🏽‍❤️‍💋‍🧑🏼	kiss: person, person, medium skin tone, medium-light skin tone
people	🧑🏽‍❤️‍💋‍🧑🏾	kiss: person, person, medium skin tone, medium-dark skin tone
people	🧑🏽‍❤️‍💋‍🧑🏿	kiss: person, person, medium skin tone, dark skin tone
people	🧑🏾‍❤️‍💋‍🧑🏻	kiss: person, person, medium-dark skin tone, light skin tone
people	🧑🏾‍❤️‍💋‍🧑🏼	kiss: person, person, medium-dark skin tone, medium-light skin tone
people	🧑🏾‍❤️‍💋‍🧑🏽	kiss: person, person, medium-dark skin tone, medium skin tone
people	🧑🏾‍❤️‍💋‍🧑🏿	kiss: person, person, medium-dark skin tone, dark skin tone
people	🧑🏿‍❤️‍💋‍🧑🏻	kiss: person, person, dark skin tone, light skin tone
people	🧑🏿‍❤️‍💋‍🧑🏼	kiss: person, person, dark skin tone, medium-light skin tone
people	🧑🏿‍❤️‍💋‍🧑🏽	kiss: person, person, dark skin tone, medium skin tone
people	🧑🏿‍❤️‍💋‍🧑🏾	kiss: person, person, dark skin tone, medium-dark skin tone
people	👩‍❤️‍💋‍👨	kiss: woman, man
people	👩🏻‍❤️‍💋‍👨🏻	kiss: woman, man, light skin tone
people	👩🏻‍❤️‍💋‍👨🏼	kiss: woman, man, light skin tone, medium-light skin tone
people	👩🏻‍❤️‍💋‍👨🏽	kiss: woman, man, light skin tone, medium skin tone
people	👩🏻‍❤️‍💋‍👨🏾	kiss: woman, man, light skin tone, medium-dark skin tone
people	👩🏻‍❤️‍💋‍👨🏿	kiss: woman, man, light skin tone, dark skin tone
people	👩🏼‍❤️‍💋‍👨🏻	kiss: woman, man, medium-light skin tone, light skin tone
people	👩🏼‍❤️‍💋‍👨🏼	kiss: woman, man, medium-light skin tone
people	👩🏼‍❤️‍💋‍👨🏽	kiss: woman, man, medium-light skin tone, medium skin tone
people	👩🏼‍❤️‍💋‍👨🏾	kiss: woman, man, medium-light skin tone, medium-dark skin tone
people	👩🏼‍❤️‍💋‍👨🏿	kiss: woman, man, medium-light skin tone, dark skin tone
people	👩🏽‍❤️‍💋‍👨🏻	kiss: woman, man, medium skin tone, light skin tone
people	👩🏽‍❤️‍💋‍👨🏼	kiss: woman, man, medium skin tone, medium-light skin tone
people	👩🏽‍❤️‍💋‍👨🏽	kiss: woman, man, medium skin tone
people	👩🏽‍❤️‍💋‍👨🏾	kiss: woman, man, medium skin tone, medium-dark skin tone
people	👩🏽‍❤️‍💋‍👨🏿	kiss: woman, man, medium skin tone, dark skin tone
people	👩🏾‍❤️‍💋‍👨🏻	kiss: woman, man, medium-dark skin tone, light skin tone
people	👩🏾‍❤️‍💋‍👨🏼	kiss: woman, man, medium-dark skin tone, medium-light skin tone
people	👩🏾‍❤️‍💋‍👨🏽	kiss: woman, man, medium-dark skin tone, medium skin tone
people	👩🏾‍❤️‍💋‍👨🏾	kiss: woman, man, medium-dark skin tone
people	👩🏾‍❤️‍💋‍👨🏿	kiss: woman, man, medium-dark skin tone, dark skin tone
people	👩🏿‍❤️‍💋‍👨🏻	kiss: woman, man, dark skin tone, light skin tone
people	👩🏿‍❤️‍💋‍👨🏼	kiss: woman, man, dark skin tone, medium-light skin tone
people	👩🏿‍❤️‍💋‍👨🏽	kiss: woman, man, dark skin tone, medium skin tone
people	👩🏿‍❤️‍💋‍👨🏾	kiss: woman, man, dark skin tone, medium-dark skin tone
people	👩🏿‍❤️‍💋‍👨🏿	kiss: woman, man, dark skin tone
people	👨‍❤️‍💋‍👨	kiss: man, man
people	👨🏻‍❤️‍💋‍👨🏻	kiss: man, man, light skin tone
people	👨🏻‍❤️‍💋‍👨🏼	kiss: man, man, light skin tone, medium-light skin tone
people	👨🏻‍❤️‍💋‍👨🏽	kiss: man, man, light skin tone, medium skin tone
people	👨🏻‍❤️‍💋‍👨🏾	kiss: man, man, light skin tone, medium-dark skin tone
people	👨🏻‍❤️‍💋‍👨🏿	kiss: man, man, light skin tone, dark skin tone
people	👨🏼‍❤️‍💋‍👨🏻	kiss: man, man, medium-light skin tone, light skin tone
people	👨🏼‍❤️‍💋‍👨🏼	kiss: man, man, medium-light skin tone
people	👨🏼‍❤️‍💋‍👨🏽	kiss: man, man, medium-light skin tone, medium skin tone
people	👨🏼‍❤️‍💋‍👨🏾	kiss: man, man, medium-light skin tone, medium-dark skin tone
people	👨🏼‍❤️‍💋‍👨🏿	kiss: man, man, medium-light skin tone, dark skin tone
people	👨🏽‍❤️‍💋‍👨🏻	kiss: man, man, medium skin tone, light skin tone
people	👨🏽‍❤️‍💋‍👨🏼	kiss: man, man, medium skin tone, medium-light skin tone
people	👨🏽‍❤️‍💋‍👨🏽	kiss: man, man, medium skin tone
people	👨🏽‍❤️‍💋‍👨🏾	kiss: man, man, medium skin tone, medium-dark skin tone
people	👨🏽‍❤️‍💋‍👨🏿	kiss: man, man, medium skin tone, dark skin tone
people	👨🏾‍❤️‍💋‍👨🏻	kiss: man, man, medium-dark skin tone, light skin tone
people	👨🏾‍❤️‍💋‍👨🏼	kiss: man, man, medium-dark skin tone, medium-light skin tone
people	👨🏾‍❤️‍💋‍👨🏽	kiss: man, man, medium-dark skin tone, medium skin tone
people	👨🏾‍❤️‍💋‍👨🏾	kiss: man, man, medium-dark skin tone
people	👨🏾‍❤️‍💋‍👨🏿	kiss: man, man, medium-dark skin tone, dark skin tone
people	👨🏿‍❤️‍💋‍👨🏻	kiss: man, man, dark skin tone, light skin tone
people	👨🏿‍❤️‍💋‍👨🏼	kiss: man, man, dark skin tone, medium-light skin tone
people	👨🏿‍❤️‍💋‍👨🏽	kiss: man, man, dark skin tone, medium skin tone
people	👨🏿‍❤️‍💋‍👨🏾	kiss: man, man, dark skin tone, medium-dark skin tone
people	👨🏿‍❤️‍💋‍👨🏿	kiss: man, man, dark skin tone
people	👩‍❤️‍💋‍👩	kiss: woman, woman
people	👩🏻‍❤️‍💋‍👩🏻	kiss: woman, woman, light skin tone
people	👩🏻‍❤️‍💋‍👩🏼	kiss: woman, woman, light skin tone, medium-light skin tone
people	👩🏻‍❤️‍💋‍👩🏽	kiss: woman, woman, light skin tone, medium skin tone
people	👩🏻‍❤️‍💋‍👩🏾	kiss: woman, woman, light skin tone, medium-dark skin tone
people	👩🏻‍❤️‍💋‍👩🏿	kiss: woman, woman, light skin tone, dark skin tone
people	👩🏼‍❤️‍💋‍👩🏻	kiss: woman, woman, medium-light skin tone, light skin tone
people	👩🏼‍❤️‍💋‍👩🏼	kiss: woman, woman, medium-light skin tone
people	👩🏼‍❤️‍💋‍👩🏽	kiss: woman, woman, medium-light skin tone, medium skin tone
people	👩🏼‍❤️‍💋‍👩🏾	kiss: woman, woman, medium-light skin tone, medium-dark skin tone
people	👩🏼‍❤️‍💋‍👩🏿	kiss: woman, woman, medium-light skin tone, dark skin tone
people	👩🏽‍❤️‍💋‍👩🏻	kiss: woman, woman, medium skin tone, light skin tone
people	👩🏽‍❤️‍💋‍👩🏼	kiss: woman, woman, medium skin tone, medium-light skin tone
people	👩🏽‍❤️‍💋‍👩🏽	kiss: woman, woman, medium skin tone
people	👩🏽‍❤️‍💋‍👩🏾	kiss: woman, woman, medium skin tone, medium-dark skin tone
people	👩🏽‍❤️‍💋‍👩🏿	kiss: woman, woman, medium skin tone, dark skin tone
people	👩🏾‍❤️‍💋‍👩🏻	kiss: woman, woman, medium-dark skin tone, light skin tone
people	👩🏾‍❤️‍💋‍👩🏼	kiss: woman, woman, medium-dark skin tone, medium-light skin tone
people	👩🏾‍❤️‍💋‍👩🏽	kiss: woman, woman, medium-dark skin tone, medium skin tone
people	👩🏾‍❤️‍💋‍👩🏾	kiss: woman, woman, medium-dark skin tone
people	👩🏾‍❤️‍💋‍👩🏿	kiss: woman, woman, medium-dark skin tone, dark skin tone
people	👩🏿‍❤️‍💋‍👩🏻	kiss: woman, woman, dark skin tone, light skin tone
people	👩🏿‍❤️‍💋‍👩🏼	kiss: woman, woman, dark skin tone, medium-light skin tone
people	👩🏿‍❤️‍💋‍👩🏽	kiss: woman, woman, dark skin tone, medium skin tone
people	👩🏿‍❤️‍💋‍👩🏾	kiss: woman, woman, dark skin tone, medium-dark skin tone
people	👩🏿‍❤️‍💋‍👩🏿	kiss: woman, woman, dark skin tone
people	💑	couple with heart
people	💑🏻	couple with heart: light skin tone
people	💑🏼	couple with heart: medium-light skin tone
people	💑🏽	couple with heart: medium skin tone
people	💑🏾	couple with heart: medium-dark skin tone
people	💑🏿	couple with heart: dark skin tone
people	🧑🏻‍❤️‍🧑🏼	couple with heart: person, person, light skin tone, medium-light skin tone
people	🧑🏻‍❤️‍🧑🏽	couple with heart: person, person, light skin tone, medium skin tone
people	🧑🏻‍❤️‍🧑🏾	couple with heart: person, person, light skin tone, medium-dark skin tone
people	🧑🏻‍❤️‍🧑🏿	couple with heart: person, person, light skin tone, dark skin tone
people	🧑🏼‍❤️‍🧑🏻	couple with heart: person, person, medium-light skin tone, light skin tone
people	🧑🏼‍❤️‍🧑🏽	couple with heart: person, person, medium-light skin tone, medium skin tone
people	🧑🏼‍❤️‍🧑🏾	couple with heart: person, person, medium-light skin tone, medium-dark skin tone
people	🧑🏼‍❤️‍🧑🏿	couple with heart: person, person, medium-light skin tone, dark skin tone
people	🧑🏽‍❤️‍🧑🏻	couple with heart: person, person, medium skin tone, light skin tone
people	🧑🏽‍❤️‍🧑🏼	couple with heart: person, person, medium skin tone, medium-light skin tone
people	🧑🏽‍❤️‍🧑🏾	couple with heart: person, person, medium skin tone, medium-dark skin tone
people	🧑🏽‍❤️‍🧑🏿	couple with heart: person, person, medium skin tone, dark skin tone
people	🧑🏾‍❤️‍🧑🏻	couple with heart: person, person, medium-dark skin tone, light skin tone
people	🧑🏾‍❤️‍🧑🏼	couple with heart: person, person, medium-dark skin tone, medium-light skin tone
people	🧑🏾‍❤️‍🧑🏽	couple with heart: person, person, medium-dark skin tone, medium skin tone
people	🧑🏾‍❤️‍🧑🏿	couple with heart: person, person, medium-dark skin tone, dark skin tone
people	🧑🏿‍❤️‍🧑🏻	couple with heart: person, person, dark skin tone, light skin tone
people	🧑🏿‍❤️‍🧑🏼	couple with heart: person, person, dark skin tone, medium-light skin tone
people	🧑🏿‍❤️‍🧑🏽	couple with heart: person, person, dark skin tone, medium skin tone
people	🧑🏿‍❤️‍🧑🏾	couple with heart: person, person, dark skin tone, medium-dark skin tone
people	👩‍❤️‍👨	couple with heart: woman, man
people	👩🏻‍❤️‍👨🏻	couple with heart: woman, man, light skin tone
people	👩🏻‍❤️‍👨🏼	couple with heart: woman, man, light skin tone, medium-light skin tone
people	👩🏻‍❤️‍👨🏽	couple with heart: woman, man, light skin tone, medium skin tone
people	👩🏻‍❤️‍👨🏾	couple with heart: woman, man, light skin tone, medium-dark skin tone
people	👩🏻‍❤️‍👨🏿	couple with heart: woman, man, light skin tone, dark skin tone
people	👩🏼‍❤️‍👨🏻	couple with heart: woman, man, medium-light skin tone, light skin tone
people	👩🏼‍❤️‍👨🏼	couple with heart: woman, man, medium-light skin tone
people	👩🏼‍❤️‍👨🏽	couple with heart: woman, man, medium-light skin tone, medium skin tone
people	👩🏼‍❤️‍👨🏾	couple with heart: woman, man, medium-light skin tone, medium-dark skin tone
people	👩🏼‍❤️‍👨🏿	couple with heart: woman, man, medium-light skin tone, dark skin tone
people	👩🏽‍❤️‍👨🏻	couple with heart: woman, man, medium skin tone, light skin tone
people	👩🏽‍❤️‍👨🏼	couple with heart: woman, man, medium skin tone, medium-light skin tone
people	👩🏽‍❤️‍👨🏽	couple with heart: woman, man, medium skin tone
people	👩🏽‍❤️‍👨🏾	couple with heart: woman, man, medium skin tone, medium-dark skin tone
people	👩🏽‍❤️‍👨🏿	couple with heart: woman, man, medium skin tone, dark skin tone
people	👩🏾‍❤️‍👨🏻	couple with heart: woman, man, medium-dark skin tone, light skin tone
people	👩🏾‍❤️‍👨🏼	couple with heart: woman, man, medium-dark skin tone, medium-light skin tone
people	👩🏾‍❤️‍👨🏽	couple with heart: woman, man, medium-dark skin tone, medium skin tone
people	👩🏾‍❤️‍👨🏾	couple with heart: woman, man, medium-dark skin tone
people	👩🏾‍❤️‍👨🏿	couple with heart: woman, man, medium-dark skin tone, dark skin tone
people	👩🏿‍❤️‍👨🏻	couple with heart: woman, man, dark skin tone, light skin tone
people	👩🏿‍❤️‍👨🏼	couple with heart: woman, man, dark skin tone, medium-light skin tone
people	👩🏿‍❤️‍👨🏽	couple with heart: woman, man, dark skin tone, medium skin tone
people	👩🏿‍❤️‍👨🏾	couple with heart: woman, man, dark skin tone, medium-dark skin tone
people	👩🏿‍❤️‍👨🏿	couple with heart: woman, man, dark skin tone
people	👨‍❤️‍👨	couple with heart: man, man
people	👨🏻‍❤️‍👨🏻	couple with heart: man, man, light skin tone
people	👨🏻‍❤️‍👨🏼	couple with heart: man, man, light skin tone, medium-light skin tone
people	👨🏻‍❤️‍👨🏽	couple with heart: man, man, light skin tone, medium skin tone
people	👨🏻‍❤️‍👨🏾	couple with heart: man, man, light skin tone, medium-dark skin tone
people	👨🏻‍❤️‍👨🏿	couple with heart: man, man, light skin tone, dark skin tone
people	👨🏼‍❤️‍👨🏻	couple with heart: man, man, medium-light skin tone, light skin tone
people	👨🏼‍❤️‍👨🏼	couple with heart: man, man, medium-light skin tone
people	👨🏼‍❤️‍👨🏽	couple with heart: man, man, medium-light skin tone, medium skin tone
people	👨🏼‍❤️‍👨🏾	couple with heart: man, man, medium-light skin tone, medium-dark skin tone
people	👨🏼‍❤️‍👨🏿	couple with heart: man, man, medium-light skin tone, dark skin tone
people	👨🏽‍❤️‍👨🏻	couple with heart: man, man, medium skin tone, light skin tone
people	👨🏽‍❤️‍👨🏼	couple with heart: man, man, medium skin tone, medium-light skin tone
people	👨🏽‍❤️‍👨🏽	couple with heart: man, man, medium skin tone
people	👨🏽‍❤️‍👨🏾	couple with heart: man, man, medium skin tone, medium-dark skin tone
people	👨🏽‍❤️‍👨🏿	couple with heart: man, man, medium skin tone, dark skin tone
people	👨🏾‍❤️‍👨🏻	couple with heart: man, man, medium-dark skin tone, light skin tone
people	👨🏾‍❤️‍👨🏼	couple with heart: man, man, medium-dark skin tone, medium-light skin tone
people	👨🏾‍❤️‍👨🏽	couple with heart: man, man, medium-dark skin tone, medium skin tone
people	👨🏾‍❤️‍👨🏾	couple with heart: man, man, medium-dark skin tone
people	👨🏾‍❤️‍👨🏿	couple with heart: man, man, medium-dark skin tone, dark skin tone
people	👨🏿‍❤️‍👨🏻	couple with heart: man, man, dark skin tone, light skin tone
people	👨🏿‍❤️‍👨🏼	couple with heart: man, man, dark skin tone, medium-light skin tone
people	👨🏿‍❤️‍👨🏽	couple with heart: man, man, dark skin tone, medium skin tone
people	👨🏿‍❤️‍👨🏾	couple with heart: man, man, dark skin tone, medium-dark skin tone
people	👨🏿‍❤️‍👨🏿	couple with heart: man, man, dark skin tone
people	👩‍❤️‍👩	couple with heart: woman, woman
people	👩🏻‍❤️‍👩🏻	couple with heart: woman, woman, light skin tone
people	👩🏻‍❤️‍👩🏼	couple with heart: woman, woman, light skin tone, medium-light skin tone
people	👩🏻‍❤️‍👩🏽	couple with heart: woman, woman, light skin tone, medium skin tone
people	👩🏻‍❤️‍👩🏾	couple with heart: woman, woman, light skin tone, medium-dark skin tone
people	👩🏻‍❤️‍👩🏿	couple with heart: woman, woman, light skin tone, dark skin tone
people	👩🏼‍❤️‍👩🏻	couple with heart: woman, woman, medium-light skin tone, light skin tone
people	👩🏼‍❤️‍👩🏼	couple with heart: woman, woman, medium-light skin tone
people	👩🏼‍❤️‍👩🏽	couple with heart: woman, woman, medium-light skin tone, medium skin tone
people	👩🏼‍❤️‍👩🏾	couple with heart: woman, woman, medium-light skin tone, medium-dark skin tone
people	👩🏼‍❤️‍👩🏿	couple with heart: woman, woman, medium-light skin tone, dark skin tone
people	👩🏽‍❤️‍👩🏻	couple with heart: woman, woman, medium skin tone, light skin tone
people	👩🏽‍❤️‍👩🏼	couple with heart: woman, woman, medium skin tone, medium-light skin tone
people	👩🏽‍❤️‍👩🏽	couple with heart: woman, woman, medium skin tone
people	👩🏽‍❤️‍👩🏾	couple with heart: woman, woman, medium skin tone, medium-dark skin tone
people	👩🏽‍❤️‍👩🏿	couple with heart: woman, woman, medium skin tone, dark skin tone
people	👩🏾‍❤️‍👩🏻	couple with heart: woman, woman, medium-dark skin tone, light skin tone
people	👩🏾‍❤️‍👩🏼	couple with heart: woman, woman, medium-dark skin tone, medium-light skin tone
people	👩🏾‍❤️‍👩🏽	couple with heart: woman, woman, medium-dark skin tone, medium skin tone
people	👩🏾‍❤️‍👩🏾	couple with heart: woman, woman, medium-dark skin tone
people	👩🏾‍❤️‍👩🏿	couple with heart: woman, woman, medium-dark skin tone, dark skin tone
people	👩🏿‍❤️‍👩🏻	couple with heart: woman, woman, dark skin tone, light skin tone
people	👩🏿‍❤️‍👩🏼	couple with heart: woman, woman, dark skin tone, medium-light skin tone
people	👩🏿‍❤️‍👩🏽	couple with heart: woman, woman, dark skin tone, medium skin tone
people	👩🏿‍❤️‍👩🏾	couple with heart: woman, woman, dark skin tone, medium-dark skin tone
people	👩🏿‍❤️‍👩🏿	couple with heart: woman, woman, dark skin tone
people	👨‍👩‍👦	family: man, woman, boy
people	👨‍👩‍👧	family: man, woman, girl
people	👨‍👩‍👧‍👦	family: man, woman, girl, boy
people	👨‍👩‍👦‍👦	family: man, woman, boy, boy
people	👨‍👩‍👧‍👧	family: man, woman, girl, girl
people	👨‍👨‍👦	family: man, man, boy
people	👨‍👨‍👧	family: man, man, girl
people	👨‍👨‍👧‍👦	family: man, man, girl, boy
people	👨‍👨‍👦‍👦	family: man, man, boy, boy
people	👨‍👨‍👧‍👧	family: man, man, girl, girl
people	👩‍👩‍👦	family: woman, woman, boy
people	👩‍👩‍👧	family: woman, woman, girl
people	👩‍👩‍👧‍👦	family: woman, woman, girl, boy
people	👩‍👩‍👦‍👦	family: woman, woman, boy, boy
people	👩‍👩‍👧‍👧	family: woman, woman, girl, girl
people	👨‍👦	family: man, boy
people	👨‍👦‍👦	family: man, boy, boy
people	👨‍👧	family: man, girl
people	👨‍👧‍👦	family: man, girl, boy
people	👨‍👧‍👧	family: man, girl, girl
people	👩‍👦	family: woman, boy
people	👩‍👦‍👦	family: woman, boy, boy
people	👩‍👧	family: woman, girl
people	👩‍👧‍👦	family: woman, girl, boy
people	👩‍👧‍👧	family: woman, girl, girl
people	🗣️	speaking head
people	👤	bust in silhouette
people	👥	busts in silhouette
people	🫂	people hugging
people	👪	family
people	🧑‍🧑‍🧒	family: adult, adult, child
people	🧑‍🧑‍🧒‍🧒	family: adult, adult, child, child
people	🧑‍🧒	family: adult, child
people	🧑‍🧒‍🧒	family: adult, child, child
people	👣	footprints
people	🫆	fingerprint
people	🏻	light skin tone
people	🏼	medium-light skin tone
people	🏽	medium skin tone
people	🏾	medium-dark skin tone
people	🏿	dark skin tone
people	🦰	red hair
people	🦱	curly hair
people	🦳	white hair
people	🦲	bald
animals	🐵	monkey face
animals	🐒	monkey
animals	🦍	gorilla
animals	🦧	orangutan
animals	🐶	dog face
animals	🐕	dog
animals	🦮	guide dog
animals	🐕‍🦺	service dog
animals	🐩	poodle
animals	🐺	wolf
animals	🦊	fox
animals	🦝	raccoon
animals	🐱	cat face
animals	🐈	cat
animals	🐈‍⬛	black cat
animals	🦁	lion
animals	🐯	tiger face
animals	🐅	tiger
animals	🐆	leopard
animals	🐴	horse face
animals	🫎	moose
animals	🫏	donkey
animals	🐎	horse
animals	🦄	unicorn
animals	🦓	zebra
animals	🦌	deer
animals	🦬	bison
animals	🐮	cow face
animals	🐂	ox
animals	🐃	water buffalo
animals	🐄	cow
animals	🐷	pig face
animals	🐖	pig
animals	🐗	boar
animals	🐽	pig nose
animals	🐏	ram
animals	🐑	ewe
animals	🐐	goat
animals	🐪	camel
animals	🐫	two-hump camel
animals	🦙	llama
animals	🦒	giraffe
animals	🐘	elephant
animals	🦣	mammoth
animals	🦏	rhinoceros
animals	🦛	hippopotamus
animals	🐭	mouse face
animals	🐁	mouse
animals	🐀	rat
animals	🐹	hamster
animals	🐰	rabbit face
animals	🐇	rabbit
animals	🐿️	chipmunk
animals	🦫	beaver
animals	🦔	hedgehog
animals	🦇	bat
animals	🐻	bear
animals	🐻‍❄️	polar bear
animals	🐨	koala
animals	🐼	panda
animals	🦥	sloth
animals	🦦	otter
animals	🦨	skunk
animals	🦘	kangaroo
animals	🦡	badger
animals	🐾	paw prints
animals	🦃	turkey
animals	🐔	chicken
animals	🐓	rooster
animals	🐣	hatching chick
animals	🐤	baby chick
animals	🐥	front-facing baby chick
animals	🐦	bird
animals	🐧	penguin
animals	🕊️	dove
animals	🦅	eagle
animals	🦆	duck
animals	🦢	swan
animals	🦉	owl
animals	🦤	dodo
animals	🪶	feather
animals	🦩	flamingo
animals	🦚	peacock
animals	🦜	parrot
animals	🪽	wing
animals	🐦‍⬛	black bird
animals	🪿	goose
animals	🐦‍🔥	phoenix
animals	🐸	frog
animals	🐊	crocodile
animals	🐢	turtle
animals	🦎	lizard
animals	🐍	snake
animals	🐲	dragon face
animals	🐉	dragon
animals	🦕	sauropod
animals	🦖	T-Rex
animals	🐳	spouting whale
animals	🐋	whale
animals	🐬	dolphin
animals	🫍	orca
animals	🦭	seal
animals	🐟	fish
animals	🐠	tropical fish
animals	🐡	blowfish
animals	🦈	shark
animals	🐙	octopus
animals	🐚	spiral shell
animals	🪸	coral
animals	🪼	jellyfish
animals	🦀	crab
animals	🦞	lobster
animals	🦐	shrimp
animals	🦑	squid
animals	🦪	oyster
animals	🐌	snail
animals	🦋	butterfly
animals	🫌	monarch butterfly
animals	🐛	bug
animals	🐜	ant
animals	🐝	honeybee
animals	🪲	beetle
animals	🐞	lady beetle
animals	🦗	cricket
animals	🪳	cockroach
animals	🕷️	spider
animals	🕸️	spider web
animals	🦂	scorpion
animals	🦟	mosquito
animals	🪰	fly
animals	🪱	worm
animals	🦠	microbe
animals	💐	bouquet
animals	🌸	cherry blossom
animals	💮	white flower
animals	🪷	lotus
animals	🏵️	rosette
animals	🌹	rose
animals	🥀	wilted flower
animals	🌺	hibiscus
animals	🌻	sunflower
animals	🌼	blossom
animals	🌷	tulip
animals	🪻	hyacinth
animals	🌱	seedling
animals	🪴	potted plant
animals	🌲	evergreen tree
animals	🌳	deciduous tree
animals	🌴	palm tree
animals	🌵	cactus
animals	🌾	sheaf of rice
animals	🌿	herb
animals	☘️	shamrock
animals	🍀	four leaf clover
animals	🍁	maple leaf
animals	🍂	fallen leaf
animals	🍃	leaf fluttering in wind
animals	🪹	empty nest
animals	🪺	nest with eggs
animals	🍄	mushroom
animals	🪾	leafless tree
food	🍇	grapes
food	🍈	melon
food	🍉	watermelon
food	🍊	tangerine
food	🍋	lemon
food	🍋‍🟩	lime
food	🍌	banana
food	🍍	pineapple
food	🥭	mango
food	🍎	red apple
food	🍏	green apple
food	🍐	pear
food	🍑	peach
food	🍒	cherries
food	🍓	strawberry
food	🫐	blueberries
food	🥝	kiwi fruit
food	🍅	tomato
food	🫒	olive
food	🥥	coconut
food	🥑	avocado
food	🍆	eggplant
food	🥔	potato
food	🥕	carrot
food	🌽	ear of corn
food	🌶️	hot pepper
food	🫑	bell pepper
food	🥒	cucumber
food	🫝	pickle
food	🥬	leafy green
food	🥦	broccoli
food	🧄	garlic
food	🧅	onion
food	🥜	peanuts
food	🫘	beans
food	🌰	chestnut
food	🫚	ginger root
food	🫛	pea pod
food	🍄‍🟫	brown mushroom
food	🫜	root vegetable
food	🍞	bread
food	🥐	croissant
food	🥖	baguette bread
food	🫓	flatbread
food	🥨	pretzel
food	🥯	bagel
food	🥞	pancakes
food	🧇	waffle
food	🧀	cheese wedge
food	🍖	meat on bone
food	🍗	poultry leg
food	🥩	cut of meat
food	🥓	bacon
food	🍔	hamburger
food	🍟	french fries
food	🍕	pizza
food	🌭	hot dog
food	🥪	sandwich
food	🌮	taco
food	🌯	burrito
food	🫔	tamale
food	🥙	stuffed flatbread
food	🧆	falafel
food	🥚	egg
food	🍳	cooking
food	🥘	shallow pan of food
food	🍲	pot of food
food	🫕	fondue
food	🥣	bowl with spoon
food	🥗	green salad
food	🍿	popcorn
food	🧈	butter
food	🧂	salt
food	🥫	canned food
food	🍱	bento box
food	🍘	rice cracker
food	🍙	rice ball
food	🍚	cooked rice
food	🍛	curry rice
food	🍜	steaming bowl
food	🍝	spaghetti
food	🍠	roasted sweet potato
food	🍢	oden
food	🍣	sushi
food	🍤	fried shrimp
food	🍥	fish cake with swirl
food	🥮	moon cake
food	🍡	dango
food	🥟	dumpling
food	🥠	fortune cookie
food	🥡	takeout box
food	🍦	soft ice cream
food	🍧	shaved ice
food	🍨	ice cream
food	🍩	doughnut
food	🍪	cookie
food	🎂	birthday cake
food	🍰	shortcake
food	🧁	cupcake
food	🥧	pie
food	🍫	chocolate bar
food	🍬	candy
food	🍭	lollipop
food	🍮	custard
food	🍯	honey pot
food	🍼	baby bottle
food	🥛	glass of milk
food	☕	hot beverage
food	🫖	teapot
food	🍵	teacup without handle
food	🍶	sake
food	🍾	bottle with popping cork
food	🍷	wine glass
food	🍸	cocktail glass
food	🍹	tropical drink
food	🍺	beer mug
food	🍻	clinking beer mugs
food	🥂	clinking glasses
food	🥃	tumbler glass
food	🫗	pouring liquid
food	🥤	cup with straw
food	🧋	bubble tea
food	🧃	beverage box
food	🧉	mate
food	🧊	ice
food	🥢	chopsticks
food	🍽️	fork and knife with plate
food	🍴	fork and knife
food	🥄	spoon
food	🔪	kitchen knife
food	🫙	jar
food	🏺	amphora
activities	🎃	jack-o-lantern
activities	🎄	Christmas tree
activities	🎆	fireworks
activities	🎇	sparkler
activities	🧨	firecracker
activities	✨	sparkles
activities	🎈	balloon
activities	🎉	party popper
activities	🎊	confetti ball
activities	🎋	tanabata tree
activities	🎍	pine decoration
activities	🎎	Japanese dolls
activities	🎏	carp streamer
activities	🎐	wind chime
activities	🎑	moon viewing ceremony
activities	🧧	red envelope
activities	🎀	ribbon
activities	🎁	wrapped gift
activities	🎗️	reminder ribbon
activities	🎟️	admission tickets
activities	🎫	ticket
activities	🎖️	military medal
activities	🏆	trophy
activities	🏅	sports medal
activities	🥇	1st place medal
activities	🥈	2nd place medal
activities	🥉	3rd place medal
activities	⚽	soccer ball
activities	⚾	baseball
activities	🥎	softball
activities	🏀	basketball
activities	🏐	volleyball
activities	🏈	american football
activities	🏉	rugby football
activities	🎾	tennis
activities	🥏	flying disc
activities	🎳	bowling
activities	🏏	cricket game
activities	🏑	field hockey
activities	🏒	ice hockey
activities	🥍	lacrosse
activities	🏓	ping pong
activities	🏸	badminton
activities	🥊	boxing glove
activities	🥋	martial arts uniform
activities	🥅	goal net
activities	⛳	flag in hole
activities	⛸️	ice skate
activities	🎣	fishing pole
activities	🤿	diving mask
activities	🎽	running shirt
activities	🎿	skis
activities	🛷	sled
activities	🥌	curling stone
activities	🎯	bullseye
activities	🪀	yo-yo
activities	🪁	kite
activities	🔫	water pistol
activities	🎱	pool 8 ball
activities	🔮	crystal ball
activities	🪄	magic wand
activities	🎮	video game
activities	🕹️	joystick
activities	🎰	slot machine
activities	🎲	game die
activities	🧩	puzzle piece
activities	🧸	teddy bear
activities	🪅	piñata
activities	🪩	mirror ball
activities	🪆	nesting dolls
activities	♠️	spade suit
activities	♥️	heart suit
activities	♦️	diamond suit
activities	♣️	club suit
activities	♟️	chess pawn
activities	🃏	joker
activities	🀄	mahjong red dragon
activities	🎴	flower playing cards
activities	🎭	performing arts
activities	🖼️	framed picture
activities	🎨	artist palette
activities	🧵	thread
activities	🪡	sewing needle
activities	🧶	yarn
activities	🪢	knot
travel	🌍	globe showing Europe-Africa
travel	🌎	globe showing Americas
travel	🌏	globe showing Asia-Australia
travel	🌐	globe with meridians
travel	🗺️	world map
travel	🗾	map of Japan
travel	🧭	compass
travel	🏔️	snow-capped mountain
travel	⛰️	mountain
travel	🛘	landslide
travel	🌋	volcano
travel	🗻	mount fuji
travel	🏕️	camping
travel	🏖️	beach with umbrella
travel	🏜️	desert
travel	🏝️	desert island
travel	🏞️	national park
travel	🏟️	stadium
travel	🏛️	classical building
travel	🏗️	building construction
travel	🧱	brick
travel	🪨	rock
travel	🪵	wood
travel	🛖	hut
travel	🏘️	houses
travel	🏚️	derelict house
travel	🏠	house
travel	🏡	house with garden
travel	🏢	office building
travel	🏣	Japanese post office
travel	🏤	post office
travel	🏥	hospital
travel	🏦	bank
travel	🏨	hotel
travel	🏩	love hotel
travel	🏪	convenience store
travel	🏫	school
travel	🏬	department store
travel	🏭	factory
travel	🏯	Japanese castle
travel	🏰	castle
travel	💒	wedding
travel	🗼	Tokyo tower
travel	🗽	Statue of Liberty
travel	⛪	church
travel	🕌	mosque
travel	🛕	hindu temple
travel	🕍	synagogue
travel	⛩️	shinto shrine
travel	🕋	kaaba
travel	⛲	fountain
travel	⛺	tent
travel	🌁	foggy
travel	🌃	night with stars
travel	🏙️	cityscape
travel	🌄	sunrise over mountains
travel	🌅	sunrise
travel	🌆	cityscape at dusk
travel	🌇	sunset
travel	🌉	bridge at night
travel	♨️	hot springs
travel	🎠	carousel horse
travel	🛝	playground slide
travel	🎡	ferris wheel
travel	🎢	roller coaster
travel	💈	barber pole
travel	🎪	circus tent
travel	🚂	locomotive
travel	🚃	railway car
travel	🚄	high-speed train
travel	🚅	bullet train
travel	🚆	train
travel	🚇	metro
travel	🚈	light rail
travel	🚉	station
travel	🚊	tram
travel	🚝	monorail
travel	🚞	mountain railway
travel	🚋	tram car
travel	🚌	bus
travel	🚍	oncoming bus
travel	🚎	trolleybus
travel	🚐	minibus
travel	🚑	ambulance
travel	🚒	fire engine
travel	🚓	police car
travel	🚔	oncoming police car
travel	🚕	taxi
travel	🚖	oncoming taxi
travel	🚗	automobile
travel	🚘	oncoming automobile
travel	🚙	sport utility vehicle
travel	🛻	pickup truck
travel	🚚	delivery truck
travel	🚛	articulated lorry
travel	🚜	tractor
travel	🏎️	racing car
travel	🏍️	motorcycle
travel	🛵	motor scooter
travel	🦽	manual wheelchair
travel	🦼	motorized wheelchair
travel	🛺	auto rickshaw
travel	🚲	bicycle
travel	🛴	kick scooter
travel	🛹	skateboard
travel	🛼	roller skate
travel	🚏	bus stop
travel	🛣️	motorway
travel	🛤️	railway track
travel	🛢️	oil drum
travel	⛽	fuel pump
travel	🛞	wheel
travel	🚨	police car light
travel	🚥	horizontal traffic light
travel	🚦	vertical traffic light
travel	🛑	stop sign
travel	🚧	construction
travel	🛙	lighthouse
travel	⚓	anchor
travel	🛟	ring buoy
travel	⛵	sailboat
travel	🛶	canoe
travel	🚤	speedboat
travel	🛳️	passenger ship
travel	⛴️	ferry
travel	🛥️	motor boat
travel	🚢	ship
travel	✈️	airplane
travel	🛩️	small airplane
travel	🛫	airplane departure
travel	🛬	airplane arrival
travel	🪂	parachute
travel	💺	seat
travel	🚁	helicopter
travel	🚟	suspension railway
travel	🚠	mountain cableway
travel	🚡	aerial tramway
travel	🛰️	satellite
travel	🚀	rocket
travel	🛸	flying saucer
travel	🛎️	bellhop bell
travel	🧳	luggage
travel	⌛	hourglass done
travel	⏳	hourglass not done
travel	⌚	watch
travel	⏰	alarm clock
travel	⏱️	stopwatch
travel	⏲️	timer clock
travel	🕰️	mantelpiece clock
travel	🕛	twelve o’clock
travel	🕧	twelve-thirty
travel	🕐	one o’clock
travel	🕜	one-thirty
travel	🕑	two o’clock
travel	🕝	two-thirty
travel	🕒	three o’clock
travel	🕞	three-thirty
travel	🕓	four o’clock
travel	🕟	four-thirty
travel	🕔	five o’clock
travel	🕠	five-thirty
travel	🕕	six o’clock
travel	🕡	six-thirty
travel	🕖	seven o’clock
travel	🕢	seven-thirty
travel	🕗	eight o’clock
travel	🕣	eight-thirty
travel	🕘	nine o’clock
travel	🕤	nine-thirty
travel	🕙	ten o’clock
travel	🕥	ten-thirty
travel	🕚	eleven o’clock
travel	🕦	eleven-thirty
travel	🌑	new moon
travel	🌒	waxing crescent moon
travel	🌓	first quarter moon
travel	🌔	waxing gibbous moon
travel	🌕	full moon
travel	🌖	waning gibbous moon
travel	🌗	last quarter moon
travel	🌘	waning crescent moon
travel	🌙	crescent moon
travel	🌚	new moon face
travel	🌛	first quarter moon face
travel	🌜	last quarter moon face
travel	🌡️	thermometer
travel	☀️	sun
travel	🌝	full moon face
travel	🌞	sun with face
travel	🪐	ringed planet
travel	⭐	star
travel	🌟	glowing star
travel	🌠	shooting star
travel	🌌	milky way
travel	☁️	cloud
travel	⛅	sun behind cloud
travel	⛈️	cloud with lightning and rain
travel	🌤️	sun behind small cloud
travel	🌥️	sun behind large cloud
travel	🌦️	sun behind rain cloud
travel	🌧️	cloud with rain
travel	🌨️	cloud with snow
travel	🌩️	cloud with lightning
travel	🌪️	tornado
travel	🌫️	fog
travel	🌬️	wind face
travel	🌀	cyclone
travel	🌈	rainbow
travel	🌂	closed umbrella
travel	☂️	umbrella
travel	☔	umbrella with rain drops
travel	⛱️	umbrella on ground
travel	⚡	high voltage
travel	❄️	snowflake
travel	☃️	snowman
travel	⛄	snowman without snow
travel	☄️	comet
travel	🪋	meteor
travel	🔥	fire
travel	💧	droplet
travel	🌊	water wave
objects	👓	glasses
objects	🕶️	sunglasses
objects	🥽	goggles
objects	🥼	lab coat
objects	🦺	safety vest
objects	👔	necktie
objects	👕	t-shirt
objects	👖	jeans
objects	🧣	scarf
objects	🧤	gloves
objects	🧥	coat
objects	🧦	socks
objects	👗	dress
objects	👘	kimono
objects	🥻	sari
objects	🩱	one-piece swimsuit
objects	🩲	briefs
objects	🩳	shorts
objects	👙	bikini
objects	👚	woman’s clothes
objects	🪭	folding hand fan
objects	👛	purse
objects	👜	handbag
objects	👝	clutch bag
objects	🛍️	shopping bags
objects	🎒	backpack
objects	🩴	thong sandal
objects	👞	man’s shoe
objects	👟	running shoe
objects	🥾	hiking boot
objects	🥿	flat shoe
objects	👠	high-heeled shoe
objects	👡	woman’s sandal
objects	🩰	ballet shoes
objects	👢	woman’s boot
objects	🪮	hair pick
objects	👑	crown
objects	👒	woman’s hat
objects	🎩	top hat
objects	🎓	graduation cap
objects	🧢	billed cap
objects	🪖	military helmet
objects	⛑️	rescue worker’s helmet
objects	📿	prayer beads
objects	💄	lipstick
objects	💍	ring
objects	💎	gem stone
objects	🔇	muted speaker
objects	🔈	speaker low volume
objects	🔉	speaker medium volume
objects	🔊	speaker high volume
objects	📢	loudspeaker
objects	📣	megaphone
objects	📯	postal horn
objects	🔔	bell
objects	🔕	bell with slash
objects	🎼	musical score
objects	🎵	musical note
objects	🎶	musical notes
objects	🎙️	studio microphone
objects	🎚️	level slider
objects	🎛️	control knobs
objects	🎤	microphone
objects	🎧	headphone
objects	📻	radio
objects	🎷	saxophone
objects	🎺	trumpet
objects	🪊	trombone
objects	🪗	accordion
objects	🎸	guitar
objects	🎹	musical keyboard
objects	🎻	violin
objects	🪕	banjo
objects	🥁	drum
objects	🪘	long drum
objects	🪇	maracas
objects	🪈	flute
objects	🪉	harp
objects	📱	mobile phone
objects	📲	mobile phone with arrow
objects	☎️	telephone
objects	📞	telephone receiver
objects	📟	pager
objects	📠	fax machine
objects	🔋	battery
objects	🪫	low battery
objects	🔌	electric plug
objects	💻	laptop
objects	🖥️	desktop computer
objects	🖨️	printer
objects	⌨️	keyboard
objects	🖱️	computer mouse
objects	🖲️	trackball
objects	💽	computer disk
objects	💾	floppy disk
objects	💿	optical disk
objects	📀	dvd
objects	🧮	abacus
objects	🎥	movie camera
objects	🎞️	film frames
objects	📽️	film projector
objects	🎬	clapper board
objects	📺	television
objects	📷	camera
objects	📸	camera with flash
objects	📹	video camera
objects	📼	videocassette
objects	🔍	magnifying glass tilted left
objects	🔎	magnifying glass tilted right
objects	🕯️	candle
objects	💡	light bulb
objects	🔦	flashlight
objects	🏮	red paper lantern
objects	🪔	diya lamp
objects	📔	notebook with decorative cover
objects	📕	closed book
objects	📖	open book
objects	📗	green book
objects	📘	blue book
objects	📙	orange book
objects	📚	books
objects	📓	notebook
objects	📒	ledger
objects	📃	page with curl
objects	📜	scroll
objects	📄	page facing up
objects	📰	newspaper
objects	🗞️	rolled-up newspaper
objects	📑	bookmark tabs
objects	🔖	bookmark
objects	🏷️	label
objects	🪙	coin
objects	💰	money bag
objects	🪎	treasure chest
objects	💴	yen banknote
objects	💵	dollar banknote
objects	💶	euro banknote
objects	💷	pound banknote
objects	💸	money with wings
objects	💳	credit card
objects	🧾	receipt
objects	💹	chart increasing with yen
objects	✉️	envelope
objects	📧	e-mail
objects	📨	incoming envelope
objects	📩	envelope with arrow
objects	📤	outbox tray
objects	📥	inbox tray
objects	📦	package
objects	📫	closed mailbox with raised flag
objects	📪	closed mailbox with lowered flag
objects	📬	open mailbox with raised flag
objects	📭	open mailbox with lowered flag
objects	📮	postbox
objects	🗳️	ballot box with ballot
objects	✏️	pencil
objects	✒️	black nib
objects	🖋️	fountain pen
objects	🖊️	pen
objects	🖌️	paintbrush
objects	🖍️	crayon
objects	📝	memo
objects	🪌	eraser
objects	💼	briefcase
objects	📁	file folder
objects	📂	open file folder
objects	🗂️	card index dividers
objects	📅	calendar
objects	📆	tear-off calendar
objects	🗒️	spiral notepad
objects	🗓️	spiral calendar
objects	📇	card index
objects	📈	chart increasing
objects	📉	chart decreasing
objects	📊	bar chart
objects	📋	clipboard
objects	📌	pushpin
objects	📍	round pushpin
objects	📎	paperclip
objects	🖇️	linked paperclips
objects	📏	straight ruler
objects	📐	triangular ruler
objects	✂️	scissors
objects	🗃️	card file box
objects	🗄️	file cabinet
objects	🗑️	wastebasket
objects	🔒	locked
objects	🔓	unlocked
objects	🔏	locked with pen
objects	🔐	locked with key
objects	🔑	key
objects	🗝️	old key
objects	🪍	net with handle
objects	🔨	hammer
objects	🪓	axe
objects	⛏️	pick
objects	⚒️	hammer and pick
objects	🛠️	hammer and wrench
objects	🗡️	dagger
objects	⚔️	crossed swords
objects	💣	bomb
objects	🪃	boomerang
objects	🏹	bow and arrow
objects	🛡️	shield
objects	🪚	carpentry saw
objects	🔧	wrench
objects	🪛	screwdriver
objects	🔩	nut and bolt
objects	⚙️	gear
objects	🗜️	clamp
objects	⚖️	balance scale
objects	🦯	white cane
objects	🔗	link
objects	⛓️‍💥	broken chain
objects	⛓️	chains
objects	🪝	hook
objects	🧰	toolbox
objects	🧲	magnet
objects	🪜	ladder
objects	🪏	shovel
objects	⚗️	alembic
objects	🧪	test tube
objects	🧫	petri dish
objects	🧬	dna
objects	🔬	microscope
objects	🔭	telescope
objects	📡	satellite antenna
objects	💉	syringe
objects	🩸	drop of blood
objects	💊	pill
objects	🩹	adhesive bandage
objects	🩼	crutch
objects	🩺	stethoscope
objects	🩻	x-ray
objects	🚪	door
objects	🛗	elevator
objects	🪞	mirror
objects	🪟	window
objects	🛏️	bed
objects	🛋️	couch and lamp
objects	🪑	chair
objects	🚽	toilet
objects	🪠	plunger
objects	🚿	shower
objects	🛁	bathtub
objects	🪤	mouse trap
objects	🪒	razor
objects	🧴	lotion bottle
objects	🧷	safety pin
objects	🧹	broom
objects	🧺	basket
objects	🧻	roll of paper
objects	🪣	bucket
objects	🧼	soap
objects	🫧	bubbles
objects	🪥	toothbrush
objects	🧽	sponge
objects	🧯	fire extinguisher
objects	🛒	shopping cart
objects	🚬	cigarette
objects	⚰️	coffin
objects	🪦	headstone
objects	⚱️	funeral urn
objects	🧿	nazar amulet
objects	🪬	hamsa
objects	🗿	moai
objects	🪧	placard
objects	🪪	identification card
symbols	🏧	ATM sign
symbols	🚮	litter in bin sign
symbols	🚰	potable water
symbols	♿	wheelchair symbol
symbols	🚹	men’s room
symbols	🚺	women’s room
symbols	🚻	restroom
symbols	🚼	baby symbol
symbols	🚾	water closet
symbols	🛂	passport control
symbols	🛃	customs
symbols	🛄	baggage claim
symbols	🛅	left luggage
symbols	⚠️	warning
symbols	🚸	children crossing
symbols	⛔	no entry
symbols	🚫	prohibited
symbols	🚳	no bicycles
symbols	🚭	no smoking
symbols	🚯	no littering
symbols	🚱	non-potable water
symbols	🚷	no pedestrians
symbols	📵	no mobile phones
symbols	🔞	no one under eighteen
symbols	☢️	radioactive
symbols	☣️	biohazard
symbols	⬆️	up arrow
symbols	↗️	up-right arrow
symbols	➡️	right arrow
symbols	↘️	down-right arrow
symbols	⬇️	down arrow
symbols	↙️	down-left arrow
symbols	⬅️	left arrow
symbols	↖️	up-left arrow
symbols	↕️	up-down arrow
symbols	↔️	left-right arrow
symbols	↩️	right arrow curving left
symbols	↪️	left arrow curving right
symbols	⤴️	right arrow curving up
symbols	⤵️	right arrow curving down
symbols	🔃	clockwise vertical arrows
symbols	🔄	counterclockwise arrows button
symbols	🔙	BACK arrow
symbols	🔚	END arrow
symbols	🔛	ON! arrow
symbols	🔜	SOON arrow
symbols	🔝	TOP arrow
symbols	🛐	place of worship
symbols	⚛️	atom symbol
symbols	🕉️	om
symbols	✡️	star of David
symbols	☸️	wheel of dharma
symbols	☯️	yin yang
symbols	✝️	latin cross
symbols	☦️	orthodox cross
symbols	☪️	star and crescent
symbols	☮️	peace symbol
symbols	🕎	menorah
symbols	🔯	dotted six-pointed star
symbols	🪯	khanda
symbols	♈	Aries
symbols	♉	Taurus
symbols	♊	Gemini
symbols	♋	Cancer
symbols	♌	Leo
symbols	♍	Virgo
symbols	♎	Libra
symbols	♏	Scorpio
symbols	♐	Sagittarius
symbols	♑	Capricorn
symbols	♒	Aquarius
symbols	♓	Pisces
symbols	⛎	Ophiuchus
symbols	🔀	shuffle tracks button
symbols	🔁	repeat button
symbols	🔂	repeat single button
symbols	▶️	play button
symbols	⏩	fast-forward button
symbols	⏭️	next track button
symbols	⏯️	play or pause button
symbols	◀️	reverse button
symbols	⏪	fast reverse button
symbols	⏮️	last track button
symbols	🔼	upwards button
symbols	⏫	fast up button
symbols	🔽	downwards button
symbols	⏬	fast down button
symbols	⏸️	pause button
symbols	⏹️	stop button
symbols	⏺️	record button
symbols	⏏️	eject button
symbols	🎦	cinema
symbols	🔅	dim button
symbols	🔆	bright button
symbols	📶	antenna bars
symbols	🛜	wireless
symbols	📳	vibration mode
symbols	📴	mobile phone off
symbols	♀️	female sign
symbols	♂️	male sign
symbols	⚧️	transgender symbol
symbols	✖️	multiply
symbols	➕	plus
symbols	➖	minus
symbols	➗	divide
symbols	🟰	heavy equals sign
symbols	♾️	infinity
symbols	‼️	double exclamation mark
symbols	⁉️	exclamation question mark
symbols	❓	red question mark
symbols	❔	white question mark
symbols	❕	white exclamation mark
symbols	❗	red exclamation mark
symbols	〰️	wavy dash
symbols	💱	currency exchange
symbols	💲	heavy dollar sign
symbols	⚕️	medical symbol
symbols	♻️	recycling symbol
symbols	⚜️	fleur-de-lis
symbols	🔱	trident emblem
symbols	📛	name badge
symbols	🔰	Japanese symbol for beginner
symbols	⭕	hollow red circle
symbols	✅	check mark button
symbols	☑️	check box with check
symbols	✔️	check mark
symbols	❌	cross mark
symbols	❎	cross mark button
symbols	➰	curly loop
symbols	➿	double curly loop
symbols	〽️	part alternation mark
symbols	✳️	eight-spoked asterisk
symbols	✴️	eight-pointed star
symbols	❇️	sparkle
symbols	©️	copyright
symbols	®️	registered
symbols	™️	trade mark
symbols	🫟	splatter
symbols	#️⃣	keycap: #
symbols	*️⃣	keycap: *
symbols	0️⃣	keycap: 0
symbols	1️⃣	keycap: 1
symbols	2️⃣	keycap: 2
symbols	3️⃣	keycap: 3
symbols	4️⃣	keycap: 4
symbols	5️⃣	keycap: 5
symbols	6️⃣	keycap: 6
symbols	7️⃣	keycap: 7
symbols	8️⃣	keycap: 8
symbols	9️⃣	keycap: 9
symbols	🔟	keycap: 10
symbols	🔠	input latin uppercase
symbols	🔡	input latin lowercase
symbols	🔢	input numbers
symbols	🔣	input symbols
symbols	🔤	input latin letters
symbols	🅰️	A button (blood type)
symbols	🆎	AB button (blood type)
symbols	🅱️	B button (blood type)
symbols	🆑	CL button
symbols	🆒	COOL button
symbols	🆓	FREE button
symbols	ℹ️	information
symbols	🆔	ID button
symbols	Ⓜ️	circled M
symbols	🆕	NEW button
symbols	🆖	NG button
symbols	🅾️	O button (blood type)
symbols	🆗	OK button
symbols	🅿️	P button
symbols	🆘	SOS button
symbols	🆙	UP! button
symbols	🆚	VS button
symbols	🈁	Japanese “here” button
symbols	🈂️	Japanese “service charge” button
symbols	🈷️	Japanese “monthly amount” button
symbols	🈶	Japanese “not free of charge” button
symbols	🈯	Japanese “reserved” button
symbols	🉐	Japanese “bargain” button
symbols	🈹	Japanese “discount” button
symbols	🈚	Japanese “free of charge” button
symbols	🈲	Japanese “prohibited” button
symbols	🉑	Japanese “acceptable” button
symbols	🈸	Japanese “application” button
symbols	🈴	Japanese “passing grade” button
symbols	🈳	Japanese “vacancy” button
symbols	㊗️	Japanese “congratulations” button
symbols	㊙️	Japanese “secret” button
symbols	🈺	Japanese “open for business” button
symbols	🈵	Japanese “no vacancy” button
symbols	🔴	red circle
symbols	🟠	orange circle
symbols	🟡	yellow circle
symbols	🟢	green circle
symbols	🔵	blue circle
symbols	🟣	purple circle
symbols	🟤	brown circle
symbols	⚫	black circle
symbols	⚪	white circle
symbols	🟥	red square
symbols	🟧	orange square
symbols	🟨	yellow square
symbols	🟩	green square
symbols	🟦	blue square
symbols	🟪	purple square
symbols	🟫	brown square
symbols	⬛	black large square
symbols	⬜	white large square
symbols	◼️	black medium square
symbols	◻️	white medium square
symbols	◾	black medium-small square
symbols	◽	white medium-small square
symbols	▪️	black small square
symbols	▫️	white small square
symbols	🔶	large orange diamond
symbols	🔷	large blue diamond
symbols	🔸	small orange diamond
symbols	🔹	small blue diamond
symbols	🔺	red triangle pointed up
symbols	🔻	red triangle pointed down
symbols	💠	diamond with a dot
symbols	🔘	radio button
symbols	🔳	white square button
symbols	🔲	black square button
flags	🏁	chequered flag
flags	🚩	triangular flag
flags	🎌	crossed flags
flags	🏴	black flag
flags	🏳️	white flag
flags	🏳️‍🌈	rainbow flag
flags	🏳️‍⚧️	transgender flag
flags	🏴‍☠️	pirate flag
flags	🇦🇨	flag: Ascension Island
flags	🇦🇩	flag: Andorra
flags	🇦🇪	flag: United Arab Emirates
flags	🇦🇫	flag: Afghanistan
flags	🇦🇬	flag: Antigua & Barbuda
flags	🇦🇮	flag: Anguilla
flags	🇦🇱	flag: Albania
flags	🇦🇲	flag: Armenia
flags	🇦🇴	flag: Angola
flags	🇦🇶	flag: Antarctica
flags	🇦🇷	flag: Argentina
flags	🇦🇸	flag: American Samoa
flags	🇦🇹	flag: Austria
flags	🇦🇺	flag: Australia
flags	🇦🇼	flag: Aruba
flags	🇦🇽	flag: Åland Islands
flags	🇦🇿	flag: Azerbaijan
flags	🇧🇦	flag: Bosnia & Herzegovina
flags	🇧🇧	flag: Barbados
flags	🇧🇩	flag: Bangladesh
flags	🇧🇪	flag: Belgium
flags	🇧🇫	flag: Burkina Faso
flags	🇧🇬	flag: Bulgaria
flags	🇧🇭	flag: Bahrain
flags	🇧🇮	flag: Burundi
flags	🇧🇯	flag: Benin
flags	🇧🇱	flag: St. Barthélemy
flags	🇧🇲	flag: Bermuda
flags	🇧🇳	flag: Brunei
flags	🇧🇴	flag: Bolivia
flags	🇧🇶	flag: Caribbean Netherlands
flags	🇧🇷	flag: Brazil
flags	🇧🇸	flag: Bahamas
flags	🇧🇹	flag: Bhutan
flags	🇧🇻	flag: Bouvet Island
flags	🇧🇼	flag: Botswana
flags	🇧🇾	flag: Belarus
flags	🇧🇿	flag: Belize
flags	🇨🇦	flag: Canada
flags	🇨🇨	flag: Cocos (Keeling) Islands
flags	🇨🇩	flag: Congo - Kinshasa
flags	🇨🇫	flag: Central African Republic
flags	🇨🇬	flag: Congo - Brazzaville
flags	🇨🇭	flag: Switzerland
flags	🇨🇮	flag: Côte d’Ivoire
flags	🇨🇰	flag: Cook Islands
flags	🇨🇱	flag: Chile
flags	🇨🇲	flag: Cameroon
flags	🇨🇳	flag: China
flags	🇨🇴	flag: Colombia
flags	🇨🇵	flag: Clipperton Island
flags	🇨🇶	flag: Sark
flags	🇨🇷	flag: Costa Rica
flags	🇨🇺	flag: Cuba
flags	🇨🇻	flag: Cape Verde
flags	🇨🇼	flag: Curaçao
flags	🇨🇽	flag: Christmas Island
flags	🇨🇾	flag: Cyprus
flags	🇨🇿	flag: Czechia
flags	🇩🇪	flag: Germany
flags	🇩🇬	flag: Diego Garcia
flags	🇩🇯	flag: Djibouti
flags	🇩🇰	flag: Denmark
flags	🇩🇲	flag: Dominica
flags	🇩🇴	flag: Dominican Republic
flags	🇩🇿	flag: Algeria
flags	🇪🇦	flag: Ceuta & Melilla
flags	🇪🇨	flag: Ecuador
flags	🇪🇪	flag: Estonia
flags	🇪🇬	flag: Egypt
flags	🇪🇭	flag: Western Sahara
flags	🇪🇷	flag: Eritrea
flags	🇪🇸	flag: Spain
flags	🇪🇹	flag: Ethiopia
flags	🇪🇺	flag: European Union
flags	🇫🇮	flag: Finland
flags	🇫🇯	flag: Fiji
flags	🇫🇰	flag: Falkland Islands
flags	🇫🇲	flag: Micronesia
flags	🇫🇴	flag: Faroe Islands
flags	🇫🇷	flag: France
flags	🇬🇦	flag: Gabon
flags	🇬🇧	flag: United Kingdom
flags	🇬🇩	flag: Grenada
flags	🇬🇪	flag: Georgia
flags	🇬🇫	flag: French Guiana
flags	🇬🇬	flag: Guernsey
flags	🇬🇭	flag: Ghana
flags	🇬🇮	flag: Gibraltar
flags	🇬🇱	flag: Greenland
flags	🇬🇲	flag: Gambia
flags	🇬🇳	flag: Guinea
flags	🇬🇵	flag: Guadeloupe
flags	🇬🇶	flag: Equatorial Guinea
flags	🇬🇷	flag: Greece
flags	🇬🇸	flag: South Georgia & South Sandwich Islands
flags	🇬🇹	flag: Guatemala
flags	🇬🇺	flag: Guam
flags	🇬🇼	flag: Guinea-Bissau
flags	🇬🇾	flag: Guyana
flags	🇭🇰	flag: Hong Kong SAR China
flags	🇭🇲	flag: Heard Island & McDonald Islands
flags	🇭🇳	flag: Honduras
flags	🇭🇷	flag: Croatia
flags	🇭🇹	flag: Haiti
flags	🇭🇺	flag: Hungary
flags	🇮🇨	flag: Canary Islands
flags	🇮🇩	flag: Indonesia
flags	🇮🇪	flag: Ireland
flags	🇮🇱	flag: Israel
flags	🇮🇲	flag: Isle of Man
flags	🇮🇳	flag: India
flags	🇮🇴	flag: British Indian Ocean Territory
flags	🇮🇶	flag: Iraq
flags	🇮🇷	flag: Iran
flags	🇮🇸	flag: Iceland
flags	🇮🇹	flag: Italy
flags	🇯🇪	flag: Jersey
flags	🇯🇲	flag: Jamaica
flags	🇯🇴	flag: Jordan
flags	🇯🇵	flag: Japan
flags	🇰🇪	flag: Kenya
flags	🇰🇬	flag: Kyrgyzstan
flags	🇰🇭	flag: Cambodia
flags	🇰🇮	flag: Kiribati
flags	🇰🇲	flag: Comoros
flags	🇰🇳	flag: St. Kitts & Nevis
flags	🇰🇵	flag: North Korea
flags	🇰🇷	flag: South Korea
flags	🇰🇼	flag: Kuwait
flags	🇰🇾	flag: Cayman Islands
flags	🇰🇿	flag: Kazakhstan
flags	🇱🇦	flag: Laos
flags	🇱🇧	flag: Lebanon
flags	🇱🇨	flag: St. Lucia
flags	🇱🇮	flag: Liechtenstein
flags	🇱🇰	flag: Sri Lanka
flags	🇱🇷	flag: Liberia
flags	🇱🇸	flag: Lesotho
flags	🇱🇹	flag: Lithuania
flags	🇱🇺	flag: Luxembourg
flags	🇱🇻	flag: Latvia
flags	🇱🇾	flag: Libya
flags	🇲🇦	flag: Morocco
flags	🇲🇨	flag: Monaco
flags	🇲🇩	flag: Moldova
flags	🇲🇪	flag: Montenegro
flags	🇲🇫	flag: St. Martin
flags	🇲🇬	flag: Madagascar
flags	🇲🇭	flag: Marshall Islands
flags	🇲🇰	flag: North Macedonia
flags	🇲🇱	flag: Mali
flags	🇲🇲	flag: Myanmar (Burma)
flags	🇲🇳	flag: Mongolia
flags	🇲🇴	flag: Macao SAR China
flags	🇲🇵	flag: Northern Mariana Islands
flags	🇲🇶	flag: Martinique
flags	🇲🇷	flag: Mauritania
flags	🇲🇸	flag: Montserrat
flags	🇲🇹	flag: Malta
flags	🇲🇺	flag: Mauritius
flags	🇲🇻	flag: Maldives
flags	🇲🇼	flag: Malawi
flags	🇲🇽	flag: Mexico
flags	🇲🇾	flag: Malaysia
flags	🇲🇿	flag: Mozambique
flags	🇳🇦	flag: Namibia
flags	🇳🇨	flag: New Caledonia
flags	🇳🇪	flag: Niger
flags	🇳🇫	flag: Norfolk Island
flags	🇳🇬	flag: Nigeria
flags	🇳🇮	flag: Nicaragua
flags	🇳🇱	flag: Netherlands
flags	🇳🇴	flag: Norway
flags	🇳🇵	flag: Nepal
flags	🇳🇷	flag: Nauru
flags	🇳🇺	flag: Niue
flags	🇳🇿	flag: New Zealand
flags	🇴🇲	flag: Oman
flags	🇵🇦	flag: Panama
flags	🇵🇪	flag: Peru
flags	🇵🇫	flag: French Polynesia
flags	🇵🇬	flag: Papua New Guinea
flags	🇵🇭	flag: Philippines
flags	🇵🇰	flag: Pakistan
flags	🇵🇱	flag: Poland
flags	🇵🇲	flag: St. Pierre & Miquelon
flags	🇵🇳	flag: Pitcairn Islands
flags	🇵🇷	flag: Puerto Rico
flags	🇵🇸	flag: Palestinian Territories
flags	🇵🇹	flag: Portugal
flags	🇵🇼	flag: Palau
flags	🇵🇾	flag: Paraguay
flags	🇶🇦	flag: Qatar
flags	🇷🇪	flag: Réunion
flags	🇷🇴	flag: Romania
flags	🇷🇸	flag: Serbia
flags	🇷🇺	flag: Russia
flags	🇷🇼	flag: Rwanda
flags	🇸🇦	flag: Saudi Arabia
flags	🇸🇧	flag: Solomon Islands
flags	🇸🇨	flag: Seychelles
flags	🇸🇩	flag: Sudan
flags	🇸🇪	flag: Sweden
flags	🇸🇬	flag: Singapore
flags	🇸🇭	flag: St. Helena, Ascension & Tristan da Cunha
flags	🇸🇮	flag: Slovenia
flags	🇸🇯	flag: Svalbard & Jan Mayen
flags	🇸🇰	flag: Slovakia
flags	🇸🇱	flag: Sierra Leone
flags	🇸🇲	flag: San Marino
flags	🇸🇳	flag: Senegal
flags	🇸🇴	flag: Somalia
flags	🇸🇷	flag: Suriname
flags	🇸🇸	flag: South Sudan
flags	🇸🇹	flag: São Tomé & Príncipe
flags	🇸🇻	flag: El Salvador
flags	🇸🇽	flag: Sint Maarten
flags	🇸🇾	flag: Syria
flags	🇸🇿	flag: Eswatini
flags	🇹🇦	flag: Tristan da Cunha
flags	🇹🇨	flag: Turks & Caicos Islands
flags	🇹🇩	flag: Chad
flags	🇹🇫	flag: French Southern and Antarctic Lands
flags	🇹🇬	flag: Togo
flags	🇹🇭	flag: Thailand
flags	🇹🇯	flag: Tajikistan
flags	🇹🇰	flag: Tokelau
flags	🇹🇱	flag: Timor-Leste
flags	🇹🇲	flag: Turkmenistan
flags	🇹🇳	flag: Tunisia
flags	🇹🇴	flag: Tonga
flags	🇹🇷	flag: Türkiye
flags	🇹🇹	flag: Trinidad & Tobago
flags	🇹🇻	flag: Tuvalu
flags	🇹🇼	flag: Taiwan
flags	🇹🇿	flag: Tanzania
flags	🇺🇦	flag: Ukraine
flags	🇺🇬	flag: Uganda
flags	🇺🇲	flag: U.S. Outlying Islands
flags	🇺🇳	flag: United Nations
flags	🇺🇸	flag: United States
flags	🇺🇾	flag: Uruguay
flags	🇺🇿	flag: Uzbekistan
flags	🇻🇦	flag: Vatican City
flags	🇻🇨	flag: St. Vincent & Grenadines
flags	🇻🇪	flag: Venezuela
flags	🇻🇬	flag: British Virgin Islands
flags	🇻🇮	flag: U.S. Virgin Islands
flags	🇻🇳	flag: Vietnam
flags	🇻🇺	flag: Vanuatu
flags	🇼🇫	flag: Wallis & Futuna
flags	🇼🇸	flag: Samoa
flags	🇽🇰	flag: Kosovo
flags	🇾🇪	flag: Yemen
flags	🇾🇹	flag: Mayotte
flags	🇿🇦	flag: South Africa
flags	🇿🇲	flag: Zambia
flags	🇿🇼	flag: Zimbabwe
flags	🏴󠁧󠁢󠁥󠁮󠁧󠁿	flag: England
flags	🏴󠁧󠁢󠁳󠁣󠁴󠁿	flag: Scotland
flags	🏴󠁧󠁢󠁷󠁬󠁳󠁿	flag: Wales
